temperature,pressure,machine_speed,vibration,humidity,material_thickness,cycle_time,tool_wear,defect
81.0,5.27,1514.96,2.53,47.61,3.38,52.15,25.9,0
69.88,4.77,1387.54,2.24,53.94,4.03,45.59,35.82,0
76.33,4.07,1517.98,2.46,55.81,4.19,51.53,64.06,1
74.77,3.97,1897.24,1.66,53.69,4.11,44.73,56.54,0
73.56,4.33,1579.42,1.95,61.68,3.59,45.55,18.4,0
71.62,3.77,1488.69,3.48,69.28,3.93,34.43,23.28,0
70.75,5.95,1459.13,2.65,63.04,4.32,48.61,33.84,0
73.7,5.27,1527.15,1.38,67.74,4.11,48.3,33.75,0
77.75,5.43,1647.5,2.09,73.74,3.6,40.74,19.82,1
80.52,4.68,1702.93,2.42,59.01,4.23,55.91,43.17,0
75.92,4.76,1505.28,2.72,55.55,3.96,46.48,25.66,0
74.64,4.54,1422.49,1.25,53.81,4.5,44.09,66.37,0
68.07,5.49,1519.73,2.48,48.8,3.65,46.97,50.63,0
64.95,5.07,1400.13,2.19,46.96,3.7,47.3,36.61,0
80.58,4.93,1498.08,3.27,49.41,3.81,46.09,0.0,0
68.29,4.93,1451.83,2.65,60.93,4.18,46.58,19.21,1
70.07,3.63,1603.34,2.21,62.03,4.72,43.64,41.48,1
69.96,5.2,1412.07,1.73,51.51,4.12,44.48,36.21,0
70.34,5.64,1543.9,2.3,52.2,4.46,47.46,47.81,1
68.43,5.26,1331.04,3.06,58.92,4.01,53.16,21.19,0
68.18,6.08,1650.82,2.7,64.94,3.76,63.55,43.97,0
75.21,5.26,1559.93,1.02,52.84,3.94,44.93,21.79,0
73.37,5.1,1387.57,3.08,63.87,3.03,57.41,34.34,0
69.08,3.88,1577.64,0.81,59.83,4.17,51.38,34.45,0
74.63,5.58,1830.3,1.87,58.22,4.36,48.99,18.45,0
63.51,4.75,995.64,2.72,46.71,3.69,41.4,58.63,1
74.94,5.13,1779.38,2.49,45.9,4.63,42.22,39.26,0
53.65,4.63,1451.18,2.74,55.87,4.19,48.92,50.12,0
77.06,4.81,1690.15,2.75,53.45,4.08,48.17,41.53,0
65.73,4.44,1177.59,1.71,69.53,3.84,48.02,38.38,0
70.81,5.34,1425.86,2.08,55.04,4.07,50.68,56.32,0
84.03,4.58,1321.53,2.86,63.5,3.94,36.69,24.61,0
90.0,4.22,1613.39,0.5,41.89,3.77,46.63,14.38,0
70.65,5.77,1179.64,2.29,49.26,4.26,42.88,11.12,0
72.57,3.94,1268.79,3.02,53.74,4.5,52.88,33.99,0
75.19,5.15,1762.38,1.56,58.71,4.05,38.28,3.27,0
66.1,5.72,1602.28,2.15,61.34,3.96,45.5,13.4,0
82.69,4.52,1233.07,2.31,61.55,4.5,47.65,17.14,0
75.1,4.58,1350.14,3.68,58.56,4.14,41.98,18.75,0
73.51,4.8,1378.33,2.26,39.52,3.67,44.14,21.44,1
78.98,4.43,1598.29,1.65,60.81,3.54,47.2,4.66,0
63.97,5.31,1530.59,3.0,56.63,4.3,44.68,21.73,1
79.4,4.99,1210.93,2.44,53.69,4.38,60.26,8.78,1
72.4,5.98,1550.91,2.67,57.44,3.97,45.05,32.59,0
71.86,6.19,1524.53,2.54,56.94,3.5,39.71,0.0,1
77.68,3.0,1621.47,3.04,61.92,3.8,43.99,23.54,0
61.35,5.55,1531.94,1.76,42.52,4.15,49.36,42.52,0
76.35,4.14,1546.7,2.18,56.09,3.53,50.63,23.64,0
84.67,4.77,1363.78,2.45,57.08,3.79,54.25,7.54,0
79.09,4.26,1451.3,2.11,68.31,3.59,40.46,44.62,0
79.98,5.53,1093.44,1.65,49.89,3.62,46.77,30.17,0
77.51,4.83,1408.09,2.19,41.63,3.99,53.98,68.71,0
70.7,5.35,1460.42,3.08,45.09,4.28,51.39,42.83,0
74.07,5.01,1403.09,2.22,52.69,3.99,43.84,30.12,0
77.71,5.29,1261.83,1.31,59.9,3.92,49.93,7.65,0
74.68,6.65,1689.53,1.64,60.22,4.51,57.83,47.61,1
62.77,5.55,1428.31,1.91,67.35,3.99,48.63,41.26,0
89.4,3.88,1232.47,1.13,45.61,4.64,52.45,50.2,0
71.75,5.21,1419.39,2.2,70.33,3.85,51.25,23.69,1
70.86,4.75,1259.33,1.1,57.43,3.29,40.38,52.09,0
67.59,4.65,1503.37,3.47,55.35,4.0,58.27,30.47,0
67.6,5.0,1305.87,1.87,45.5,2.98,55.11,43.18,1
73.75,5.46,1842.61,1.73,70.2,3.11,41.95,6.64,1
71.62,4.28,1579.26,1.69,60.71,4.52,35.19,9.2,0
74.86,6.21,1602.11,1.79,65.86,3.68,55.52,12.29,1
69.5,4.02,1646.55,1.39,71.41,4.35,52.99,23.96,0
62.4,5.44,1450.53,2.09,71.07,4.37,44.37,29.98,0
70.74,4.29,1744.36,2.36,50.93,3.89,47.68,37.93,0
70.93,5.56,1334.67,2.19,58.72,3.91,53.75,50.08,0
63.08,5.15,1774.06,2.51,80.07,4.52,54.18,50.75,0
72.55,5.17,1360.1,2.43,74.9,3.6,47.32,40.48,1
61.32,5.68,1147.25,2.71,72.47,3.88,55.85,58.81,1
66.64,4.76,1421.61,2.38,60.05,4.28,44.63,29.37,0
76.05,5.01,1505.34,2.82,44.75,3.94,60.86,30.45,0
72.29,5.32,1705.56,2.53,53.27,4.16,57.0,36.92,0
81.0,5.17,1653.02,2.76,54.15,3.82,47.62,27.43,0
79.13,4.07,1555.02,3.66,42.22,4.36,40.3,37.43,0
78.57,4.32,1551.31,2.19,61.44,4.62,51.12,25.91,0
70.99,4.64,1600.31,1.62,44.94,3.85,50.86,48.58,0
76.14,4.51,1828.09,2.86,57.86,4.27,48.37,26.84,0
71.74,5.69,1449.98,1.54,60.07,4.37,50.09,21.25,0
77.01,5.55,1796.97,2.67,58.31,4.59,46.4,41.6,0
73.46,4.45,1439.74,2.87,44.26,3.54,46.96,43.99,0
74.23,5.61,1319.71,2.23,58.41,3.94,55.59,19.26,0
67.1,5.52,1374.75,2.69,49.01,4.08,49.4,22.61,0
70.87,6.4,1452.16,2.78,58.28,3.51,44.9,34.91,0
80.84,5.25,1394.91,2.16,45.22,3.82,56.06,48.49,0
57.37,5.46,1299.68,2.24,59.37,3.9,52.07,43.03,0
62.01,4.47,1504.97,1.59,44.56,4.17,45.2,46.06,0
73.9,6.57,1522.69,1.91,62.7,4.31,39.02,37.26,1
73.08,5.9,1643.29,1.65,53.42,3.72,45.92,54.41,0
75.94,6.37,1675.79,1.01,59.25,4.17,51.41,55.25,0
79.23,4.58,1702.82,2.78,65.62,3.85,38.85,76.39,0
78.73,4.43,1618.74,2.54,43.95,3.64,52.83,25.46,0
71.06,5.22,1431.58,1.83,40.74,2.99,57.04,39.91,0
74.24,5.17,1100.89,3.1,46.62,4.01,47.77,30.77,0
74.28,4.8,1630.3,2.85,48.9,3.47,50.99,30.06,0
68.11,5.25,1338.43,1.04,41.15,3.81,54.74,49.09,0
64.19,4.47,1237.73,1.87,55.93,2.8,54.57,30.41,0
63.36,4.82,1509.32,2.83,55.95,3.6,43.96,30.28,0
63.12,5.82,1606.91,2.48,45.07,3.8,53.19,42.58,0
76.22,4.94,1733.1,1.93,52.8,4.2,49.83,8.84,0
79.72,5.01,1483.95,0.87,58.43,4.42,41.96,48.25,0
82.56,4.95,1581.52,3.26,68.24,4.84,60.66,25.09,0
77.33,6.11,1432.95,2.94,26.64,3.72,53.64,44.56,0
75.64,5.96,1472.28,2.12,50.01,4.15,50.53,27.81,1
77.06,4.16,1846.37,2.22,43.35,4.94,54.02,52.13,1
71.39,4.8,1443.39,3.52,67.1,4.64,43.48,53.89,0
70.41,5.18,1180.66,2.34,58.0,3.57,50.01,45.8,0
73.59,5.38,1113.69,3.04,47.0,4.0,51.76,40.56,1
75.3,5.78,1612.72,2.84,69.37,3.15,50.54,31.45,0
56.84,3.72,1202.95,3.49,51.2,4.32,48.63,61.53,0
63.27,5.75,1404.46,2.54,55.6,4.37,47.55,32.65,0
74.0,4.67,1521.63,3.32,62.0,3.9,46.46,36.18,0
74.82,4.22,1800.42,3.09,53.82,4.11,39.73,35.34,0
72.55,5.11,1471.05,3.51,48.11,3.99,40.51,9.86,0
64.24,5.33,1290.64,1.84,49.9,4.66,48.8,27.17,0
76.68,5.04,1258.18,2.38,46.4,3.98,44.37,39.6,0
67.85,4.43,1534.76,2.72,60.82,4.28,56.14,17.51,0
77.6,5.22,1402.62,1.71,65.37,3.5,55.96,25.0,0
79.42,6.28,1337.87,2.85,55.71,3.72,50.78,28.62,0
77.79,5.15,1526.76,2.94,34.8,3.92,52.75,47.36,1
59.17,5.11,1526.42,0.62,61.19,3.27,55.21,36.32,1
82.51,5.2,1503.0,2.79,52.17,4.0,50.69,56.83,0
73.37,4.83,1354.6,2.74,55.59,4.05,45.91,43.77,0
85.31,4.4,1390.43,2.34,46.29,3.37,51.36,29.9,0
72.27,4.59,1479.24,3.17,59.38,3.93,60.47,51.07,0
76.23,5.33,1268.02,1.86,70.79,4.61,46.41,21.6,1
72.66,4.02,1633.39,2.29,61.84,3.95,41.08,11.05,0
69.96,5.73,1376.52,2.6,50.7,4.26,54.61,54.22,0
74.56,5.65,1672.59,2.01,40.53,3.74,48.51,43.77,0
73.95,4.87,1327.28,1.54,38.51,3.75,51.87,29.09,0
64.73,5.64,1883.27,1.88,40.79,4.26,44.44,59.42,1
72.84,5.32,1770.32,2.6,51.3,3.91,50.72,39.86,0
88.59,4.05,1186.23,1.66,75.35,4.54,40.03,38.68,1
85.99,5.06,1475.49,1.82,71.59,3.31,39.37,50.08,1
72.91,5.65,1521.71,2.74,56.71,4.27,48.37,36.45,0
76.24,4.6,1688.26,1.25,47.0,4.04,49.43,26.97,0
59.82,4.11,1527.8,2.46,71.69,4.73,46.29,43.13,1
69.9,4.28,1275.71,1.95,47.55,3.89,43.55,58.36,0
78.87,5.38,1487.58,1.28,64.84,3.39,51.34,43.49,0
75.46,4.86,1473.59,2.2,58.18,3.55,46.57,23.49,0
73.27,5.22,1285.29,1.78,54.83,4.44,43.11,40.5,1
75.99,5.61,1264.54,1.88,58.07,4.07,49.63,52.17,0
82.18,5.66,1552.16,3.03,56.18,4.19,48.31,32.1,0
71.77,5.0,1445.47,2.92,57.4,4.66,47.04,52.4,0
64.07,5.4,1309.79,3.03,53.29,3.48,51.52,25.42,0
71.42,5.34,1600.23,1.9,65.86,3.53,46.25,38.36,0
74.96,6.5,1570.21,1.65,59.28,4.41,49.77,40.05,0
71.33,5.15,1377.1,2.97,45.89,3.66,50.16,33.06,0
68.29,6.33,1494.79,3.33,44.68,3.65,40.23,35.74,0
82.8,6.79,1518.01,2.76,37.35,3.69,37.88,46.16,1
58.89,5.14,1340.71,3.04,52.03,4.03,40.95,30.33,0
64.1,5.34,1450.11,1.0,56.91,4.36,44.97,12.47,0
66.4,5.82,1507.24,1.51,65.91,3.83,35.76,74.06,0
78.96,5.69,1478.79,3.7,62.72,3.86,59.21,36.85,0
72.74,4.77,1465.18,3.04,69.75,4.07,42.83,45.62,0
64.17,5.19,1561.0,2.56,73.21,4.69,52.49,34.68,0
74.77,4.52,1485.96,1.67,54.39,4.46,38.52,4.77,0
54.05,5.8,1358.09,1.76,54.93,3.58,52.77,11.17,0
78.22,5.55,1262.1,3.57,63.6,4.37,46.87,36.6,0
71.27,4.37,1170.89,2.33,45.12,4.12,47.63,33.76,0
74.96,5.76,1439.52,2.42,43.34,4.06,42.85,26.97,0
63.79,5.54,1658.05,1.96,46.11,4.18,44.91,39.55,0
69.77,4.75,1088.42,1.73,67.31,4.13,52.27,31.88,1
76.27,5.08,1689.33,1.74,48.29,4.27,54.52,28.24,0
73.1,4.74,1460.04,2.24,49.88,3.98,34.45,53.39,0
74.21,4.32,1406.33,3.08,58.49,3.89,52.87,35.09,0
70.16,5.3,1411.42,2.6,64.88,4.08,45.1,43.07,0
81.13,5.35,1598.42,2.79,52.94,4.7,47.5,48.77,0
74.09,5.47,1430.54,2.02,65.16,4.14,46.61,25.92,0
74.62,4.7,1015.77,2.85,53.06,3.47,47.46,22.44,1
79.7,5.42,1431.7,2.08,85.98,4.7,55.08,24.88,0
73.19,4.35,1154.33,3.02,68.53,4.15,41.19,29.38,0
72.81,5.58,1415.15,2.5,56.77,3.15,45.33,64.82,0
59.43,5.58,1565.36,1.27,36.01,4.09,50.34,49.0,0
48.61,5.31,1411.6,3.19,51.97,4.01,46.4,40.6,0
68.82,5.5,1560.64,1.36,79.13,4.1,42.67,32.1,0
73.74,4.26,1294.85,2.24,63.64,3.8,48.1,17.01,0
69.23,5.24,1474.02,2.77,35.2,3.68,59.6,43.28,0
59.96,4.42,1386.5,2.11,60.43,4.0,44.06,60.23,0
66.66,4.73,1533.64,2.73,58.09,4.48,44.47,6.49,0
77.84,5.37,1325.4,2.46,68.53,3.59,41.35,45.83,0
70.94,4.7,2000.0,1.47,61.19,4.63,47.38,25.95,0
61.94,4.53,1683.65,2.86,65.07,3.8,49.25,30.0,0
68.6,5.23,1136.33,1.87,55.57,3.82,56.04,38.36,0
84.83,4.57,1683.49,1.59,58.27,4.04,51.07,14.45,0
74.94,4.77,1355.44,2.16,62.81,3.85,56.01,40.17,0
76.32,3.76,1512.86,1.66,55.16,4.32,49.38,41.65,0
66.1,4.91,1614.61,3.32,43.3,4.03,57.3,20.54,0
69.85,5.55,1298.3,2.15,61.08,3.94,57.0,40.36,0
68.32,5.2,1779.35,1.75,54.15,4.09,44.26,53.92,0
78.76,5.07,1475.11,2.13,84.45,3.95,53.73,55.3,0
68.34,5.47,1325.56,2.21,58.68,4.48,49.82,21.21,0
61.44,5.11,1164.26,2.8,50.0,3.53,48.34,52.54,0
81.41,4.18,1391.58,2.67,40.71,4.52,42.53,58.87,0
76.37,5.07,1579.22,2.72,58.38,3.91,43.69,57.51,0
80.45,3.72,1838.75,3.1,41.68,4.54,50.43,31.54,1
93.93,4.04,1289.64,3.3,38.98,3.95,41.43,26.21,1
67.8,5.05,1482.2,1.27,47.89,3.22,59.17,48.2,1
55.63,5.98,1399.02,2.15,67.1,3.81,49.85,24.38,0
63.42,5.4,1384.89,1.41,42.21,3.79,62.55,17.46,0
86.56,4.33,1130.78,1.5,67.64,4.27,40.92,68.46,1
76.15,5.64,1396.46,1.33,52.38,4.24,44.26,36.39,1
68.96,7.04,1563.84,2.99,52.47,4.23,43.91,21.37,0
75.77,5.22,1705.89,3.37,55.94,4.12,49.74,31.26,0
68.95,5.42,1393.22,1.68,72.91,4.03,42.7,33.66,0
62.3,3.8,1441.24,2.82,53.79,3.58,46.58,12.44,0
59.43,4.19,1299.58,1.91,65.97,3.9,49.38,31.69,0
74.08,5.04,1333.23,2.6,39.86,3.57,43.16,35.4,1
71.71,5.57,1454.91,2.54,48.9,4.2,46.95,24.89,0
72.85,4.78,1380.38,2.05,71.5,4.07,40.85,25.74,0
74.72,5.42,1680.92,3.46,41.84,4.46,47.47,56.18,0
73.05,6.08,1394.94,3.4,72.98,3.64,53.53,58.37,0
77.12,5.22,1175.77,2.19,79.95,3.64,51.44,53.12,0
70.24,5.12,1786.34,3.45,35.07,4.26,51.18,24.64,1
79.63,5.12,1430.12,2.56,52.1,4.23,52.52,14.89,0
71.12,5.11,1302.84,2.74,45.75,3.75,50.54,49.77,0
71.74,5.99,1797.03,2.37,47.64,4.38,51.15,22.08,0
79.46,5.78,1402.22,2.11,24.54,4.8,49.27,40.61,1
63.9,4.62,1485.71,1.88,60.27,3.66,43.36,34.61,0
75.99,4.63,1373.91,2.01,73.98,3.6,50.2,34.99,0
70.92,4.84,1348.74,2.66,42.74,3.69,35.96,60.67,1
59.02,5.25,1171.16,2.15,37.11,4.08,66.0,8.64,1
77.96,4.69,1375.58,1.09,50.9,4.94,48.49,32.96,0
76.32,4.95,1298.91,1.99,59.6,3.9,42.22,30.3,0
65.88,4.77,1620.68,3.06,54.55,4.09,46.42,52.21,0
68.71,3.96,1645.93,1.03,56.06,3.98,48.31,29.6,0
80.78,4.97,1246.41,2.62,61.12,4.26,47.02,37.93,0
73.68,4.39,1598.93,2.58,70.6,4.3,48.2,15.62,0
66.03,5.23,1663.69,3.25,40.77,4.12,48.89,34.59,1
76.95,6.44,1716.75,2.32,52.94,3.68,55.21,40.07,0
75.76,6.19,1516.16,2.48,59.53,3.9,45.0,44.08,0
64.29,5.78,1428.47,2.83,78.89,3.63,39.71,19.39,0
72.06,4.91,1519.8,1.34,47.46,3.97,50.7,10.98,0
72.44,5.18,1393.68,3.0,60.42,3.93,46.56,36.47,0
69.92,5.9,1701.42,2.05,54.66,3.47,48.09,36.91,0
70.03,4.63,1610.96,1.7,67.69,3.71,42.75,41.36,0
73.65,5.62,1590.86,3.22,55.97,4.27,48.42,14.13,0
86.24,5.12,1761.54,1.59,62.4,4.35,43.68,39.44,0
69.18,5.61,1213.04,1.73,51.88,3.23,46.17,10.84,1
72.61,4.71,1548.21,1.77,60.67,3.43,54.23,17.13,0
70.77,4.95,1481.85,1.49,44.91,4.36,55.83,62.92,0
62.35,5.11,1516.58,1.34,66.16,4.19,56.08,35.63,0
76.04,5.96,1521.72,3.07,68.03,3.87,44.69,24.95,0
74.15,6.22,1718.83,2.91,58.32,4.62,58.23,35.09,1
78.26,5.63,1419.31,2.26,50.55,3.95,45.88,24.9,0
72.71,5.0,1591.4,2.06,60.17,3.91,57.95,42.93,0
79.16,5.3,1758.76,2.7,55.76,3.81,49.81,30.17,0
74.6,5.47,1783.22,2.19,49.14,4.58,45.44,43.73,0
77.97,4.44,1154.25,2.17,54.1,4.44,40.23,45.0,0
74.36,4.97,1619.04,2.14,58.09,3.33,47.01,57.68,0
67.34,6.28,1396.84,2.73,60.13,4.13,42.43,44.43,0
73.24,4.65,1360.19,1.9,46.02,3.74,52.73,50.38,0
63.83,5.55,1281.18,2.47,46.66,4.34,54.04,34.95,1
70.33,3.86,1426.36,2.87,44.72,3.7,48.37,36.03,0
56.17,4.93,1535.24,1.49,56.52,3.83,47.21,39.41,0
67.69,4.19,1398.65,2.23,59.12,3.57,48.58,24.64,0
77.55,4.98,1342.69,1.97,51.5,3.83,47.56,4.21,0
63.4,5.35,1693.65,1.52,64.88,4.17,55.39,36.69,0
72.03,5.24,1396.63,3.52,63.06,4.15,48.28,25.11,0
77.41,5.38,1525.77,3.0,54.72,4.06,45.58,41.57,0
84.78,4.77,1519.7,2.51,57.49,4.69,50.22,29.08,0
59.42,4.45,1708.15,1.88,69.84,4.29,50.12,20.91,0
80.06,5.67,1617.96,2.54,40.07,4.13,48.81,28.63,0
79.16,4.94,1317.73,2.95,53.58,3.66,42.74,19.97,0
71.44,6.31,1694.03,1.82,43.38,4.02,49.59,19.27,0
62.62,5.41,1479.46,1.7,52.97,3.67,45.81,62.91,0
74.21,4.55,1492.86,1.84,63.95,4.2,53.25,7.78,0
63.34,4.82,1255.79,2.22,49.87,3.31,45.78,32.61,0
73.87,4.79,1681.15,1.68,50.59,3.85,44.99,44.57,0
70.37,4.93,1430.56,3.18,66.94,4.2,47.33,50.64,0
81.78,5.21,1268.71,2.56,76.87,3.98,50.94,33.97,0
65.53,5.72,1242.35,2.67,50.87,3.96,60.72,43.45,0
56.78,4.7,1851.07,4.53,50.69,4.11,44.64,30.17,0
62.65,5.42,1366.14,1.37,62.07,4.51,54.99,36.24,0
57.75,5.68,1518.19,2.38,31.48,3.67,44.4,64.39,1
66.01,5.54,1212.72,1.93,53.55,3.97,43.77,34.81,0
73.51,4.32,1603.57,1.83,66.68,4.83,39.82,13.9,1
85.73,5.01,1517.5,2.19,59.94,3.99,49.84,23.33,0
72.59,5.01,1134.4,1.86,74.92,4.3,53.44,70.22,0
73.03,5.63,1717.32,2.42,63.0,3.45,49.81,42.58,0
70.21,5.65,1543.45,2.1,58.42,3.79,51.16,25.39,0
67.96,4.85,1133.03,2.83,58.07,4.22,50.59,54.09,0
69.68,4.76,1478.24,2.27,47.61,3.79,54.36,23.99,0
82.99,5.29,1541.53,2.59,51.74,4.06,52.64,39.11,0
70.4,5.57,1541.8,3.53,39.15,3.82,45.34,34.27,0
81.0,6.17,1318.8,3.75,57.19,4.57,53.35,31.0,1
80.46,4.81,1431.43,1.89,70.65,4.34,49.91,38.2,0
62.83,5.1,1372.24,3.01,55.31,4.0,61.39,48.3,0
72.27,4.66,1472.95,1.33,42.98,3.19,53.91,34.48,0
68.16,5.82,1178.66,2.89,49.2,4.46,47.63,50.23,0
66.05,5.42,1394.87,2.65,72.73,3.58,56.79,39.87,0
77.46,6.24,1616.98,2.9,57.31,3.79,46.0,42.24,0
66.62,4.39,1276.93,0.92,67.81,3.36,58.27,29.38,0
76.55,5.98,1377.38,2.65,61.83,3.66,43.25,35.76,0
64.93,4.71,1439.76,2.22,42.41,3.93,47.96,50.14,0
69.56,5.88,1191.59,1.46,50.78,4.51,37.05,29.87,0
55.99,5.51,1338.39,2.43,56.1,4.14,43.4,12.01,1
64.51,5.02,1627.92,2.47,68.5,3.77,57.07,82.78,0
75.7,6.02,1286.32,2.57,57.16,3.94,46.37,66.57,1
73.28,5.89,1429.34,2.53,48.92,4.41,41.95,6.78,0
60.41,5.08,1520.19,2.27,55.77,3.06,48.65,21.51,0
61.0,5.27,1292.79,2.66,57.14,4.0,45.1,45.31,0
74.03,5.5,1454.85,1.67,58.09,3.82,43.25,37.08,0
74.34,4.3,1490.31,2.68,40.91,4.07,41.91,0.0,0
78.02,4.88,1430.97,2.35,48.18,4.12,45.91,45.49,0
60.58,5.65,1420.11,3.05,62.25,4.3,49.41,17.08,1
68.88,6.12,1549.39,2.73,38.63,3.58,53.33,12.21,0
70.8,5.91,973.05,1.82,61.61,3.82,55.99,31.71,0
84.41,4.9,1345.45,2.44,62.02,3.39,42.06,44.93,0
80.67,4.32,1671.93,3.17,34.72,3.72,54.21,45.2,0
67.88,4.86,1412.77,1.24,69.79,4.46,45.44,18.01,0
66.65,4.57,1557.53,0.97,51.8,4.18,41.05,40.39,0
69.68,5.53,1127.76,2.32,48.69,4.06,49.65,17.71,0
65.72,4.27,1553.56,3.3,52.12,3.77,51.66,51.6,0
79.39,4.92,1074.86,2.38,56.75,3.87,54.08,0.0,0
72.78,6.0,1346.78,2.64,63.15,4.08,53.4,14.3,1
82.01,5.63,1229.57,2.67,56.61,4.52,50.66,22.58,0
78.86,6.58,1465.42,3.31,52.5,3.71,54.12,7.63,0
81.66,5.23,1604.29,2.77,63.97,3.8,35.19,30.6,0
63.6,5.44,1401.77,1.83,70.52,4.23,57.12,15.9,0
68.86,4.53,1588.23,1.82,41.48,4.14,55.81,40.1,0
80.96,4.36,1537.35,2.44,32.98,3.79,56.64,47.02,0
66.64,4.9,1597.74,2.43,49.47,4.39,45.5,35.8,1
75.15,4.33,1534.74,1.93,68.08,3.53,47.72,16.26,0
63.77,5.27,1146.68,2.93,62.8,3.65,38.99,30.25,0
86.26,5.19,1469.46,3.17,46.99,4.1,45.58,20.19,0
81.76,5.67,1428.19,1.74,52.72,3.34,38.28,15.48,0
70.72,5.38,1430.16,2.41,62.15,4.51,43.86,6.61,0
70.57,4.47,1436.65,2.74,47.92,4.15,55.48,49.12,0
67.98,4.6,1795.67,2.17,50.74,4.84,48.13,44.76,0
66.6,4.73,1307.14,2.64,68.31,4.09,47.75,30.69,0
70.52,5.59,1354.07,1.24,53.41,3.62,46.41,44.68,1
73.26,4.55,1405.24,3.18,79.26,4.07,45.69,16.62,1
83.42,4.9,1292.5,2.04,61.71,3.4,49.67,21.23,0
66.71,4.67,1169.85,2.45,62.75,3.89,48.9,20.58,0
64.8,4.08,1637.93,2.95,52.95,3.94,56.15,54.7,0
69.73,4.37,1125.7,2.85,77.87,4.25,46.85,33.52,0
66.03,5.24,1471.51,3.09,65.91,4.05,49.02,35.19,0
55.18,5.14,1606.89,2.95,56.77,4.01,52.67,26.8,0
70.34,5.74,1440.04,1.05,44.48,3.39,46.73,17.61,1
74.39,5.12,1639.02,3.03,53.32,3.77,44.83,28.55,0
67.71,4.65,1168.32,2.53,38.84,4.1,45.84,19.24,0
77.79,5.58,1628.07,2.71,57.6,4.43,47.12,23.96,0
69.37,4.24,1333.56,2.09,71.47,3.94,46.11,5.86,0
74.02,5.25,1395.77,3.12,62.88,3.55,46.4,48.88,0
69.95,5.4,1540.46,2.17,49.83,3.98,48.54,26.43,0
68.91,6.28,1372.57,1.69,55.38,3.87,44.24,13.73,0
64.58,5.11,1673.31,3.43,54.48,4.2,46.42,14.03,1
78.31,5.78,1330.63,2.99,64.44,4.17,46.87,26.2,0
82.93,4.01,1519.09,2.51,60.36,4.16,49.44,40.49,0
61.64,5.02,1814.2,2.39,54.07,4.16,44.78,34.91,0
67.95,5.28,1448.33,1.8,44.03,3.58,39.52,48.47,0
74.78,4.58,1263.08,2.34,50.41,4.3,45.23,40.77,0
67.23,5.44,1430.65,1.94,41.09,4.17,52.57,0.0,0
61.99,4.62,1307.87,1.41,54.61,3.7,47.85,46.65,0
82.35,5.05,1479.43,1.96,56.59,4.34,47.09,24.93,0
60.07,5.7,1481.46,2.84,49.12,3.97,50.97,53.86,0
84.0,5.05,1411.58,2.89,63.96,3.96,34.01,5.83,0
60.06,4.23,1358.06,2.75,45.78,4.08,47.11,13.28,1
68.5,4.75,1475.56,2.59,60.0,4.03,50.81,21.89,0
75.23,5.4,1423.44,1.44,61.48,3.71,57.62,45.71,0
62.11,6.0,918.59,2.15,59.12,3.95,37.76,32.29,0
75.84,6.28,1651.31,2.22,36.73,3.23,40.17,19.17,1
65.03,5.49,1445.33,2.37,34.65,4.13,48.91,61.87,0
64.45,5.54,1477.35,2.67,50.28,4.57,46.49,35.07,0
67.18,5.02,1322.3,2.5,73.3,3.76,56.48,16.86,1
85.6,6.07,1196.39,2.15,60.87,3.99,44.37,1.08,0
72.83,4.5,1611.16,2.37,61.31,4.0,44.9,38.49,0
78.27,4.37,1214.5,2.09,52.12,3.65,44.26,38.6,0
66.0,4.09,1599.79,2.53,67.19,4.27,50.65,64.19,0
80.79,5.16,1434.37,2.78,41.57,4.2,40.6,63.33,0
71.41,4.92,1341.28,2.86,42.34,4.93,47.66,32.1,0
61.89,4.94,1429.66,1.33,55.09,4.24,44.41,20.49,0
74.78,4.9,1624.47,2.67,46.04,4.06,43.1,46.62,0
79.15,5.17,1423.97,1.77,46.31,4.06,41.43,45.57,0
74.26,4.31,1456.23,2.65,57.95,3.81,56.16,68.6,0
85.44,4.25,1246.89,2.28,41.88,4.29,49.31,24.34,1
65.7,5.38,1104.07,1.55,54.63,4.25,52.21,33.0,0
72.09,4.61,1409.94,1.44,58.54,4.24,57.1,31.85,0
68.42,5.59,1830.21,3.43,63.99,3.49,53.11,40.58,0
75.65,5.28,1500.63,3.1,61.92,3.39,47.06,28.44,1
78.32,5.21,1330.52,1.16,48.23,4.44,48.27,21.18,1
73.43,5.91,1320.0,2.31,37.85,3.93,42.18,50.64,0
60.85,6.17,1302.52,1.72,48.69,4.69,36.32,37.11,0
82.66,6.11,1485.51,2.45,59.22,3.59,48.58,14.21,1
60.75,4.67,1565.48,2.59,38.15,3.78,50.37,41.49,0
76.98,5.07,1433.42,2.26,45.53,3.59,44.25,51.95,0
72.77,5.07,1343.64,3.0,72.48,3.91,50.18,49.05,1
70.44,5.94,1654.54,3.6,50.62,3.7,55.0,23.52,1
76.76,6.04,1342.6,2.92,40.09,3.6,50.17,41.9,0
72.55,5.57,1298.42,2.14,50.63,3.93,51.65,28.76,0
71.42,4.52,1438.03,0.89,50.46,4.1,55.87,19.82,0
77.97,5.22,1340.44,1.95,44.26,3.98,46.25,57.81,0
66.98,4.28,1410.27,2.17,38.12,4.39,47.52,25.65,0
79.65,5.78,1780.07,2.81,50.38,3.79,39.91,82.4,1
75.34,4.7,1668.65,1.66,52.27,3.49,40.4,31.04,0
65.57,5.67,1378.5,0.81,67.28,3.96,50.16,15.84,0
73.4,5.04,1435.29,3.23,41.38,4.35,40.16,51.49,1
59.59,5.08,1161.56,2.75,49.73,3.87,49.45,23.92,0
61.86,4.53,1521.46,1.64,30.63,4.17,37.16,33.88,0
65.28,5.81,1629.38,1.87,50.6,4.19,55.73,50.17,0
58.4,5.22,1134.26,2.88,55.58,3.92,43.05,28.01,0
72.13,4.79,1649.28,2.85,45.08,3.57,43.43,10.67,0
91.4,5.18,1538.04,2.04,71.6,4.54,57.46,19.39,0
70.71,4.39,1463.72,3.22,58.82,3.78,51.9,14.5,1
69.01,5.5,1497.63,2.13,62.07,3.38,51.1,32.74,0
73.15,4.26,1356.83,2.02,57.25,3.92,60.23,58.29,1
67.47,5.07,1477.54,3.26,61.7,4.03,39.24,61.15,1
81.26,5.78,1646.63,2.09,45.67,4.07,44.84,60.54,0
77.81,5.15,1270.88,2.32,60.0,3.67,42.32,65.67,0
69.03,5.14,1587.84,2.22,69.85,4.18,48.45,27.01,0
80.06,4.43,1649.02,2.69,43.38,3.89,52.21,51.54,0
66.49,5.58,1797.91,2.62,57.11,3.66,49.47,42.34,0
58.45,4.94,1686.09,3.45,38.15,4.53,43.13,28.57,0
70.0,6.28,1454.08,1.29,65.08,4.07,43.17,29.32,0
79.34,5.93,1563.08,2.63,56.66,3.92,43.22,15.83,0
82.36,5.38,1563.47,2.4,70.31,3.92,56.26,14.67,0
72.97,5.4,1301.4,3.33,60.65,4.12,51.93,25.01,0
72.85,6.04,1560.08,2.54,38.52,4.46,51.4,27.29,0
77.56,5.0,1397.97,2.7,44.93,4.21,50.1,11.78,0
75.65,3.82,1276.73,1.98,54.83,4.16,49.71,32.28,0
73.46,5.77,1381.18,2.57,46.26,3.91,37.34,28.5,0
74.15,5.19,1460.82,2.48,65.34,4.08,55.77,62.49,1
72.09,5.13,1301.18,2.29,47.98,4.16,47.92,5.28,0
66.59,4.77,1186.29,2.16,64.67,4.28,51.88,9.72,0
69.38,4.81,1452.82,3.11,56.35,3.69,49.03,20.53,0
65.02,4.91,1507.07,1.81,74.68,3.83,59.7,37.49,0
83.27,5.7,1703.81,1.79,45.87,3.95,43.23,30.59,0
63.84,4.83,1773.74,2.85,43.79,4.38,53.03,37.28,0
67.13,5.04,1100.34,1.96,44.37,3.67,46.3,18.26,0
70.8,5.26,1522.52,2.59,56.2,4.46,48.81,33.88,0
84.02,6.27,1413.28,3.09,57.19,4.09,40.75,42.75,0
73.36,5.09,1407.85,2.4,55.51,3.75,47.74,37.83,0
64.82,4.84,1287.14,1.24,52.76,4.46,44.01,7.11,0
83.13,4.84,1300.43,2.8,53.89,4.35,40.1,28.04,1
68.79,3.76,1342.9,2.0,51.62,4.37,49.72,24.47,0
74.74,4.68,1364.41,2.46,49.71,4.6,45.18,36.03,0
68.47,5.8,1663.2,0.5,30.54,4.21,48.42,18.67,0
77.49,4.35,1347.02,2.54,44.88,4.57,44.42,26.64,0
80.39,4.91,1434.57,2.94,49.98,4.78,50.13,7.97,0
67.0,5.23,1488.88,2.81,41.23,4.16,50.8,68.13,0
70.4,5.81,1429.57,3.61,47.5,4.57,53.14,18.31,0
66.64,4.48,1257.04,1.3,45.67,4.09,53.71,12.71,0
70.26,4.5,1558.88,1.59,43.43,4.4,55.51,6.71,1
70.17,6.73,1528.8,2.51,65.16,4.07,43.81,33.26,0
76.27,4.72,1456.29,2.49,57.73,3.23,50.64,25.89,0
84.13,5.07,1603.77,3.71,42.73,3.83,46.92,10.88,1
77.17,3.59,1417.69,1.91,56.79,3.94,37.9,41.32,1
70.71,5.12,1524.6,3.65,48.4,3.95,45.0,10.43,0
62.23,5.01,1518.83,2.69,61.06,4.26,48.7,13.69,0
85.9,4.64,1355.71,2.29,60.77,3.35,45.86,45.72,0
77.37,3.54,1687.78,1.77,60.77,3.67,49.91,25.28,0
69.27,5.53,1609.08,1.35,67.11,3.99,54.84,33.45,0
79.96,4.65,1216.62,1.91,39.52,4.16,45.04,23.77,0
71.82,5.15,1227.72,2.07,54.69,3.6,49.38,20.41,0
60.12,5.1,1357.87,2.47,43.99,4.2,47.18,23.66,0
70.61,5.79,1042.36,2.13,63.11,4.01,52.41,35.48,1
67.53,5.4,1360.11,3.22,62.0,3.78,45.92,36.4,0
80.18,7.08,1118.94,2.78,74.04,4.05,48.3,56.92,0
74.93,5.11,1439.73,3.02,65.67,3.68,54.54,19.49,0
81.89,5.3,1388.31,1.74,43.46,3.94,49.32,35.22,0
72.57,4.99,1336.75,2.01,65.06,4.18,55.01,26.27,0
73.76,5.92,1877.31,3.99,59.75,3.96,40.51,31.26,0
57.7,4.92,1324.44,2.39,62.02,4.38,59.6,39.45,0
64.84,5.42,1221.97,2.13,43.41,3.46,55.4,39.08,0
63.26,5.44,1692.82,3.0,58.34,3.36,42.06,13.08,0
65.69,5.34,1356.95,2.92,67.8,4.31,38.63,38.87,0
81.89,5.23,1284.79,3.02,51.28,4.04,58.43,46.67,0
67.66,5.14,1541.06,2.21,56.75,4.02,56.61,51.42,0
74.33,5.82,1731.58,3.23,54.35,3.67,53.97,49.43,1
76.2,4.21,1566.65,2.15,45.14,4.0,42.61,28.5,0
71.18,5.03,1434.59,2.66,56.05,4.1,46.78,50.85,0
70.8,5.75,1388.72,1.6,48.49,4.02,55.15,41.72,1
80.97,6.35,1585.16,1.65,59.25,4.3,48.35,31.3,0
85.67,5.02,1193.99,2.5,57.45,3.77,49.01,37.78,1
76.6,4.95,1359.98,2.87,67.77,4.09,45.61,18.64,0
64.89,5.26,1379.21,1.86,79.27,3.96,46.8,62.63,1
70.41,3.35,1184.61,2.03,65.18,4.15,46.47,0.0,0
70.05,5.81,1431.11,2.76,71.54,4.36,46.52,57.39,0
65.03,4.63,1318.08,3.08,46.76,4.08,53.71,41.69,0
66.41,4.52,1398.54,3.31,64.96,4.17,41.77,56.73,0
60.68,4.96,1242.37,1.18,50.69,3.97,47.73,51.37,0
74.71,4.44,1391.24,2.09,49.86,3.72,54.81,6.18,0
73.58,6.55,1590.96,1.65,54.26,4.74,51.31,26.37,0
78.16,4.08,1528.8,1.58,73.48,3.31,62.44,8.81,0
57.24,4.42,1399.43,2.43,59.59,4.08,51.19,37.88,0
66.49,4.5,1410.82,2.27,60.83,3.33,54.32,11.26,0
57.14,5.49,1602.48,2.51,56.82,4.25,45.41,29.26,0
65.41,4.28,1246.94,2.98,50.23,4.38,52.16,22.03,0
59.87,5.2,1709.58,2.17,54.84,3.6,51.94,28.44,0
68.35,5.25,1671.48,2.35,40.93,4.32,51.58,25.01,0
70.56,5.56,1622.2,2.98,55.98,3.72,41.5,45.16,0
81.84,5.21,1649.15,2.98,57.11,3.61,52.09,38.8,0
79.63,4.65,1721.13,1.38,41.39,3.4,46.85,41.34,0
66.85,5.47,1327.69,2.51,54.34,3.73,56.95,19.38,0
78.81,4.26,1565.84,2.31,50.67,3.95,50.22,20.44,0
78.62,6.03,1375.88,2.52,59.56,3.78,57.72,23.59,0
70.43,6.33,1634.03,2.34,57.57,3.63,50.04,50.48,0
64.34,5.36,1625.52,2.2,45.09,4.7,42.1,42.45,0
74.24,5.58,1549.22,0.5,61.36,4.44,50.31,26.75,0
59.78,4.99,1322.62,2.88,65.94,3.88,44.75,49.18,1
68.2,5.73,1407.41,2.81,56.34,3.98,53.71,34.34,0
76.61,5.45,1429.23,2.59,52.35,3.14,40.12,47.22,0
66.54,5.26,1274.64,2.1,46.07,4.04,43.08,51.95,0
73.4,5.9,1555.1,2.14,62.42,4.05,51.0,32.9,0
78.47,5.16,1563.53,2.37,68.13,3.37,47.27,18.82,1
75.21,5.11,1313.36,3.3,51.39,3.87,37.3,14.73,0
65.5,6.16,1463.11,2.39,49.87,3.85,51.94,29.12,0
72.69,4.52,1241.81,2.49,50.58,4.11,45.68,24.96,0
75.22,5.68,1559.74,1.86,58.63,4.74,51.65,40.99,0
89.26,5.46,1232.0,1.84,48.15,3.87,55.03,15.67,0
69.41,4.97,1482.69,2.03,55.35,3.75,44.92,31.19,0
74.63,4.69,1580.81,3.01,57.39,3.89,50.06,6.97,0
58.21,5.05,1463.34,2.71,49.69,4.26,44.52,18.63,1
55.85,5.73,951.44,2.67,54.37,4.23,50.33,28.2,0
68.68,4.9,856.41,2.48,50.5,3.72,60.79,0.45,1
78.09,5.67,1437.46,2.77,57.71,3.4,48.73,13.34,0
65.53,5.88,1444.69,3.11,41.82,4.31,43.96,40.92,0
72.97,5.53,1503.73,1.56,53.84,4.37,50.36,43.2,0
65.88,6.32,1327.31,2.53,44.12,3.7,56.61,54.51,1
62.53,5.1,1587.04,2.88,58.75,3.78,39.85,22.65,0
66.56,5.0,1217.14,1.06,44.76,3.87,60.24,54.73,0
77.28,3.96,1396.71,3.34,70.04,3.67,55.22,43.06,0
63.82,6.88,1738.99,2.51,75.33,3.85,45.55,53.01,0
75.92,5.0,1425.6,2.78,57.62,3.59,45.78,25.58,0
68.04,4.99,1346.19,2.27,62.39,4.67,58.43,39.94,0
62.47,5.76,1373.39,2.58,46.81,3.73,44.57,53.25,0
66.14,5.48,1590.51,2.39,56.33,4.17,48.86,48.15,0
77.55,5.12,1619.28,2.76,60.84,4.0,56.43,29.68,0
63.16,5.99,1203.39,2.24,49.65,3.71,51.5,15.93,0
61.36,4.68,1779.51,2.92,39.57,3.44,49.38,45.79,0
72.1,4.53,1356.69,3.14,48.54,3.55,47.54,38.48,0
77.9,3.32,1168.0,2.36,66.78,4.08,51.1,41.2,1
76.69,5.63,1279.32,2.13,49.78,4.09,49.66,36.22,0
86.02,5.1,1420.61,1.46,44.62,4.14,47.17,34.05,0
73.04,5.16,1215.02,2.06,69.83,3.61,49.53,33.94,0
66.44,4.45,1584.68,3.69,60.54,3.59,42.41,33.36,1
89.4,4.85,1274.3,2.62,48.65,4.04,51.71,33.61,0
73.17,5.44,1434.48,2.11,85.14,4.35,58.6,46.44,1
64.63,4.95,1463.66,1.86,70.21,4.09,40.47,36.07,0
74.0,5.27,1328.21,3.13,55.18,4.52,61.32,34.55,0
69.67,5.76,1632.42,2.04,62.86,4.16,52.17,42.45,0
72.06,5.24,1673.38,1.93,75.88,4.31,49.96,23.95,0
83.83,4.49,1211.4,2.16,51.97,3.89,48.4,43.02,0
77.8,5.7,1645.08,2.5,55.67,3.66,58.17,27.1,0
67.37,5.59,1085.65,3.69,57.25,3.64,38.01,36.52,0
51.23,5.2,1219.45,1.83,44.17,3.98,43.8,12.99,0
65.4,5.44,1277.06,2.37,46.17,4.31,53.28,49.82,0
66.16,4.89,1446.62,1.92,49.82,3.27,42.96,34.42,0
87.64,4.86,1432.36,2.77,79.95,3.67,45.83,0.0,0
67.36,4.45,1227.35,2.5,60.64,3.43,43.48,31.62,0
69.73,5.27,1237.61,2.45,67.49,3.65,46.26,29.11,0
74.41,5.7,1640.56,2.53,47.81,4.01,45.55,56.36,0
84.84,4.8,1738.99,2.48,40.24,3.96,43.54,57.01,0
77.58,5.14,1424.84,2.17,61.05,4.15,50.67,33.81,0
63.82,5.41,1613.58,1.82,47.42,3.88,42.45,42.19,0
74.76,5.02,1394.33,2.86,45.14,3.31,50.1,31.81,0
72.57,4.69,1454.57,2.42,75.85,4.74,45.95,32.25,0
64.01,4.11,1749.02,1.62,62.78,4.39,56.42,39.51,0
69.57,6.38,1323.65,3.21,68.14,3.71,43.29,14.23,0
70.7,4.99,1266.82,2.09,85.25,4.19,43.93,44.79,0
69.38,4.46,1755.79,1.38,54.98,3.71,46.62,40.57,0
80.66,4.5,1609.94,1.76,60.13,3.59,44.66,30.45,0
69.22,6.39,1601.04,1.38,58.41,3.77,49.99,29.23,0
61.78,5.38,1508.43,1.97,58.59,3.79,41.99,41.73,0
68.48,4.64,1556.01,3.0,63.75,4.48,50.51,41.26,0
77.29,5.72,1525.91,3.24,55.12,3.77,50.2,57.22,0
53.93,5.44,1668.58,3.11,40.85,3.77,37.37,11.55,1
71.88,5.56,1640.95,2.33,62.06,4.24,43.99,22.97,0
59.3,5.12,1648.84,3.24,78.0,3.44,49.35,38.75,1
71.35,5.24,1208.05,3.48,48.76,4.86,49.09,41.24,1
76.75,5.58,1532.59,2.49,62.88,3.86,44.54,40.35,0
77.36,5.83,1515.3,2.96,57.38,4.08,40.2,42.73,0
70.04,5.57,1563.7,1.98,57.52,3.73,43.24,63.24,0
66.82,5.97,1263.92,2.5,63.6,4.09,50.59,22.08,0
63.79,5.1,1512.73,2.88,62.96,3.87,44.08,31.2,0
74.82,5.05,1531.54,2.6,45.29,4.08,47.56,10.82,0
76.63,4.6,1264.69,2.39,49.81,3.01,45.43,53.71,1
82.81,6.45,1318.4,1.66,55.08,4.48,41.61,54.38,0
72.35,5.85,1143.0,0.99,40.92,3.64,47.46,41.92,0
66.05,5.22,1584.44,2.39,51.52,3.53,55.65,59.67,0
54.71,4.23,1491.48,2.73,61.71,4.15,51.48,17.28,0
73.33,5.12,1569.56,2.18,76.45,3.86,37.45,55.32,0
67.71,5.45,1407.78,3.4,55.27,4.4,54.98,5.84,1
61.16,4.43,1406.67,3.33,42.59,4.37,44.66,36.1,0
75.4,4.77,1697.7,2.52,55.65,3.93,43.97,35.92,0
81.28,5.33,1193.92,1.05,58.41,3.74,50.91,42.28,0
71.79,5.15,1437.93,1.85,49.23,3.89,44.85,28.85,0
74.48,6.43,1365.53,3.93,31.57,3.55,44.54,37.77,1
68.6,4.96,1370.29,1.97,57.24,3.52,52.83,22.65,0
70.26,5.93,1254.76,2.16,55.6,4.0,60.99,24.02,0
68.12,4.82,1253.39,2.58,68.66,3.56,43.62,24.79,0
83.86,4.41,1550.59,1.47,61.85,3.99,57.6,40.61,1
78.06,4.37,1879.42,2.1,49.62,3.99,53.87,55.75,1
77.53,4.72,1126.48,1.71,67.42,4.01,48.33,33.59,1
73.75,4.46,1382.78,2.76,61.27,3.93,52.37,32.97,0
84.62,4.98,1420.74,1.64,42.55,4.12,51.55,50.73,0
72.94,6.04,1461.67,2.13,63.14,4.27,46.38,50.17,0
67.31,6.45,1416.92,1.24,82.7,4.21,58.44,0.0,0
71.64,5.05,1699.46,1.88,51.31,3.85,48.84,33.79,0
74.17,5.71,1451.74,3.47,66.52,3.5,39.93,31.33,0
73.85,5.52,1450.17,2.63,52.1,3.88,43.48,51.05,0
65.02,5.87,1631.13,2.78,64.0,4.53,42.05,23.97,0
85.33,4.71,1176.63,3.57,51.63,4.19,44.35,52.34,1
78.52,5.17,1424.67,0.72,46.46,4.22,49.99,25.62,1
71.98,4.82,1688.23,2.76,59.1,4.03,52.21,10.52,0
87.74,4.79,1384.16,1.66,55.52,4.22,42.62,47.96,0
85.67,5.59,1667.8,2.91,56.47,4.02,33.07,29.94,0
75.45,6.36,1342.32,1.37,64.32,3.99,48.99,52.03,0
65.5,5.09,1577.23,2.51,68.48,3.52,47.15,53.97,0
79.7,5.8,1622.45,2.26,44.72,4.32,56.24,16.01,0
82.7,5.75,1847.18,3.25,34.42,3.56,46.6,32.71,0
65.11,4.51,1614.85,2.72,50.37,3.68,46.85,54.83,0
76.18,4.43,1675.21,1.85,74.57,4.31,39.47,44.36,0
87.06,5.11,1210.34,2.25,54.56,3.41,46.24,24.01,0
64.45,5.06,1325.81,1.36,58.58,3.54,36.85,38.43,1
73.95,5.39,1480.92,1.6,48.63,4.09,53.73,48.72,0
91.89,5.14,1607.48,1.15,56.74,4.13,48.08,35.63,0
58.16,5.98,1332.75,2.88,68.4,4.2,46.21,5.13,1
80.86,5.47,1479.62,3.24,48.54,4.25,55.25,34.32,1
65.62,5.38,1311.09,3.12,41.85,4.49,45.65,11.95,0
61.67,5.0,1502.84,2.98,62.85,3.92,43.98,23.83,0
72.52,5.71,1481.86,2.38,55.88,4.39,45.05,14.17,0
78.17,6.47,1362.38,1.87,75.0,4.59,46.49,22.17,0
77.59,5.46,1731.55,2.11,44.41,4.11,57.54,37.77,0
68.78,5.44,1522.44,3.05,34.14,4.34,41.24,43.67,0
57.1,4.06,1243.64,1.6,62.17,3.53,47.71,41.24,1
59.29,5.18,1683.47,2.09,73.84,4.53,51.6,33.89,0
69.15,4.99,1421.32,2.84,44.83,4.5,52.32,34.28,0
69.1,5.08,1609.88,2.42,48.28,3.91,34.66,21.73,0
69.72,5.82,1312.53,3.06,55.07,4.33,41.36,12.62,0
74.89,5.12,1216.35,1.58,50.59,4.45,58.5,61.15,0
81.42,4.93,1190.68,2.72,48.72,4.63,45.96,36.19,0
66.66,6.44,1400.44,1.25,45.74,4.22,43.48,32.14,0
63.96,5.23,1655.36,1.92,48.21,3.77,49.27,29.24,1
78.33,5.37,1333.76,2.85,41.94,4.06,49.64,25.22,0
64.75,6.34,1548.19,1.72,60.6,4.25,53.67,35.8,0
74.24,5.37,1461.23,1.98,39.93,4.32,49.91,13.52,0
76.04,4.63,1405.56,2.51,50.61,4.41,38.18,35.61,0
64.89,5.24,1712.76,2.57,49.48,4.19,55.04,37.07,0
73.71,5.2,1585.65,2.25,48.37,3.53,42.71,12.71,0
75.68,5.01,1590.14,2.95,40.86,3.9,56.4,43.22,0
72.33,4.97,1164.72,2.79,50.82,3.84,40.22,41.43,0
89.84,4.87,1651.84,2.44,59.99,4.07,43.48,42.89,0
65.91,3.5,1567.82,2.12,43.76,4.13,43.19,49.95,0
80.11,3.45,1456.45,3.14,57.91,3.61,46.05,23.37,0
75.63,4.48,1519.19,2.57,60.96,3.68,38.79,8.77,0
72.22,6.72,1410.72,3.44,59.06,4.79,48.84,60.28,1
66.87,4.9,1595.92,3.32,63.11,3.77,54.23,55.39,0
76.62,5.03,1436.97,1.89,42.16,4.02,42.96,36.53,0
71.24,4.82,1591.92,2.22,54.5,3.29,50.37,54.24,0
68.45,4.34,1534.62,1.94,67.38,4.7,44.98,50.63,0
78.29,5.58,1219.02,2.92,75.03,4.17,50.46,21.77,0
60.76,5.26,1331.93,3.71,43.96,4.3,48.99,34.1,0
70.39,4.52,1626.87,2.68,30.86,3.95,45.96,53.42,1
76.87,5.36,1202.04,0.93,54.01,4.33,51.91,42.5,0
69.87,6.01,1534.17,2.16,39.16,4.1,37.86,29.84,0
67.87,4.4,1225.32,2.35,63.15,4.15,61.77,27.61,0
80.37,4.36,1263.48,3.23,38.63,3.46,48.55,58.73,1
64.07,4.94,1427.81,2.87,51.95,3.65,54.25,51.33,0
71.18,5.12,1263.44,2.37,61.76,3.72,57.45,30.13,0
63.46,5.25,1562.68,1.43,46.96,4.05,38.36,26.75,0
73.29,4.55,1484.52,1.66,60.61,3.95,45.09,0.0,0
75.89,6.18,1440.41,3.09,36.21,3.58,53.75,48.4,0
77.51,5.72,1507.85,2.37,46.89,3.79,37.28,36.45,0
56.76,4.64,1645.89,3.19,49.71,3.49,51.44,44.56,0
59.29,6.05,1574.9,2.91,45.15,4.38,51.78,23.53,0
75.87,4.35,1737.97,2.57,64.44,3.71,37.92,50.86,0
60.29,4.03,1305.06,2.15,48.5,4.15,42.76,2.87,0
81.81,5.36,1428.14,2.26,42.88,4.28,55.99,21.71,0
76.01,5.73,1393.24,1.81,63.44,4.04,45.93,45.99,0
84.39,4.97,1486.8,2.71,49.43,4.59,63.64,23.23,0
67.61,4.46,1350.92,2.0,62.2,4.23,54.24,39.12,0
67.65,5.06,1513.49,2.61,40.34,3.67,53.07,22.16,1
76.54,5.37,1327.64,2.35,53.01,4.12,56.48,14.81,0
67.07,5.47,1352.41,3.28,65.35,4.09,43.11,16.46,0
65.92,5.32,1537.12,1.51,61.71,3.62,43.48,50.79,0
67.89,5.7,1679.05,1.87,74.73,4.08,52.35,41.53,0
86.32,6.17,1956.14,2.57,59.77,4.01,42.22,61.32,0
59.26,4.63,1410.26,3.15,47.44,3.77,41.26,24.22,0
66.44,4.76,1190.56,2.63,56.75,4.33,55.53,33.17,0
68.06,4.15,1222.25,2.98,60.16,3.42,46.15,18.75,0
61.96,4.63,1381.61,2.7,68.59,4.25,49.46,39.1,0
70.01,4.44,1204.83,2.95,52.77,4.28,44.56,39.21,0
74.58,5.48,1620.27,3.4,39.61,3.61,41.91,30.44,0
69.27,5.77,1201.29,2.96,58.78,4.04,39.4,20.88,1
67.65,5.34,1135.47,1.93,49.0,3.94,40.62,58.65,0
78.61,6.27,1424.32,1.12,66.19,4.32,50.23,19.92,0
71.34,5.66,1720.77,1.99,59.84,3.53,42.9,31.61,0
80.65,3.65,1318.56,2.62,42.95,3.95,52.27,52.42,1
72.38,4.7,1590.53,1.6,44.29,3.2,56.57,53.07,0
76.62,4.91,1521.91,2.39,53.84,4.12,41.81,36.92,0
64.58,4.62,1139.7,2.4,65.98,3.9,50.63,57.58,0
67.13,6.06,1463.0,2.65,40.1,3.39,47.63,56.0,1
72.07,4.7,1188.29,3.74,46.89,3.85,54.85,35.23,0
64.69,6.13,1306.35,2.75,67.56,4.19,48.74,48.05,0
69.42,6.22,1475.21,1.05,54.7,3.79,47.13,47.71,1
68.09,5.06,1677.85,1.92,67.04,4.48,50.01,20.35,0
80.19,6.18,1288.58,1.99,51.44,4.22,50.41,37.31,0
86.62,6.01,1408.32,1.96,65.85,4.21,47.87,37.99,1
68.45,5.81,1297.9,1.6,76.63,3.7,51.34,35.23,0
72.31,5.2,1505.27,2.53,48.85,3.95,55.84,24.88,0
76.74,5.09,1350.83,2.83,59.97,4.11,52.24,37.99,0
80.79,5.52,1544.25,3.76,61.28,4.32,51.04,18.45,0
64.95,5.6,1307.88,1.9,54.05,3.98,46.51,39.41,0
71.01,4.98,1257.98,2.54,56.26,4.19,51.5,16.6,0
85.66,4.85,1160.71,1.54,70.39,3.62,51.22,33.33,0
71.04,5.36,1159.58,2.76,69.49,3.23,48.28,18.13,1
67.52,4.8,1519.87,2.32,58.75,4.2,48.38,44.06,0
80.2,4.37,1734.9,3.18,59.86,4.18,38.36,38.96,0
76.78,5.63,1651.25,2.28,63.81,3.93,52.67,22.3,0
81.73,5.12,1219.18,1.69,39.46,4.1,37.99,20.36,0
77.47,4.53,1557.72,2.61,54.89,3.23,37.44,32.25,0
62.32,4.73,1041.08,2.7,39.0,3.43,48.95,40.04,0
54.83,5.23,1377.98,2.78,46.82,3.81,51.91,39.65,0
65.76,6.4,1491.9,2.02,57.18,3.79,46.38,46.22,0
62.97,5.66,1676.13,2.4,60.9,3.81,39.22,39.79,0
71.58,5.07,1476.27,3.19,44.54,4.79,47.19,41.37,0
63.66,5.15,1227.68,2.6,72.68,4.56,43.07,55.01,0
63.38,4.86,1509.33,2.53,56.36,3.77,42.31,45.04,0
71.78,4.7,1272.6,2.67,47.04,3.91,51.9,32.69,0
68.24,5.72,1350.89,2.46,59.97,3.33,46.31,27.42,0
73.17,6.31,1630.48,3.95,36.97,3.54,48.84,37.91,1
94.24,6.29,1400.27,1.53,54.36,3.71,41.79,60.98,0
81.29,5.34,1752.91,1.17,44.27,3.59,48.91,35.05,0
70.64,5.94,1389.09,3.01,55.49,3.36,48.27,16.31,0
77.27,4.43,1338.52,3.13,34.34,4.08,56.0,27.64,0
69.62,5.98,1273.63,2.7,69.98,3.97,47.17,37.4,0
70.6,5.07,1376.15,2.05,50.9,3.54,51.59,20.58,0
77.65,6.69,1392.32,2.0,57.6,3.52,49.3,17.25,1
79.55,4.38,1580.52,2.91,55.25,3.98,48.05,32.69,0
70.82,6.02,1444.57,2.18,51.9,3.42,45.71,42.74,1
70.25,3.61,1541.97,3.4,67.93,3.89,49.34,35.38,0
70.13,4.4,1414.22,2.48,63.56,4.42,67.8,31.22,0
69.68,3.92,1418.84,2.3,56.14,3.96,45.82,41.44,0
68.96,5.6,1627.21,2.44,58.97,4.1,47.44,40.45,0
84.99,4.89,1631.65,1.51,44.5,4.21,50.39,37.71,0
71.12,5.88,1064.22,1.61,54.5,4.2,50.33,33.42,0
82.95,5.11,1446.77,2.33,57.0,3.51,50.83,52.96,0
68.21,5.13,1510.08,2.01,48.09,4.84,49.74,56.84,0
81.74,5.31,1682.88,2.44,60.24,4.32,49.76,31.31,0
73.55,5.3,1464.06,1.91,39.0,4.51,52.84,8.17,0
91.31,5.13,1369.67,2.78,59.96,4.13,43.34,56.87,0
75.49,5.11,1558.68,2.67,42.15,4.04,48.32,39.7,0
69.43,5.79,1672.22,1.88,52.95,4.24,50.36,51.86,0
83.48,4.2,1650.14,2.28,78.26,4.15,45.19,23.03,0
83.33,4.66,1487.38,3.17,48.81,3.85,61.24,70.74,0
63.48,5.32,1390.92,1.64,55.75,3.95,57.27,32.81,0
67.98,5.55,1638.63,3.35,50.49,3.66,46.76,45.37,0
80.38,5.97,1499.94,2.52,63.96,3.7,47.94,35.14,0
74.29,5.59,1621.13,2.18,56.92,4.94,51.19,55.4,0
79.32,5.72,1375.63,3.08,57.35,4.0,48.13,66.61,0
76.54,4.68,1657.68,1.64,48.08,3.93,48.33,55.94,0
76.52,4.51,1352.96,3.3,60.91,3.87,43.25,30.25,1
68.43,5.31,1489.53,4.06,50.38,4.04,40.41,6.17,0
75.51,5.74,1285.04,2.69,59.42,3.45,44.72,43.14,0
82.15,5.34,1421.79,1.65,73.76,3.77,35.55,32.57,0
65.55,5.23,1729.26,1.98,51.68,3.2,49.37,22.65,0
75.98,5.68,1427.01,2.67,59.19,4.34,40.36,39.68,0
81.1,4.87,1073.63,2.6,74.7,4.18,46.56,18.1,0
74.83,4.09,1467.28,1.19,62.7,4.18,50.96,29.6,0
61.78,5.9,1771.95,2.25,60.0,3.71,59.62,28.39,1
68.82,4.03,1245.87,2.83,62.04,4.03,43.95,17.74,0
79.76,7.16,1430.71,2.34,68.13,3.58,54.5,36.24,1
70.66,5.46,1432.97,1.33,66.97,4.37,38.38,31.01,0
66.56,5.25,1447.2,2.8,51.85,3.34,52.82,12.81,0
72.08,5.56,1321.68,3.56,71.58,4.37,41.16,33.94,0
73.78,5.3,1405.16,2.82,52.25,3.86,49.71,42.89,0
74.98,5.42,1233.49,2.05,59.54,4.24,52.33,40.19,1
74.1,5.88,1599.13,3.16,36.27,4.23,43.17,7.36,0
69.67,5.69,1478.43,1.81,57.45,3.71,48.29,50.05,0
64.55,5.29,1405.63,1.59,64.94,4.41,45.29,64.0,0
72.83,4.45,1504.06,1.02,55.56,4.34,42.48,36.69,0
83.08,5.49,1304.45,2.7,61.46,4.07,48.16,18.47,0
71.68,6.0,1554.4,2.69,56.81,4.8,45.14,48.66,0
65.97,4.67,1346.02,3.52,43.41,3.36,41.4,69.6,0
77.86,4.9,1161.57,3.2,64.41,3.88,54.52,32.09,0
88.75,5.91,1234.52,1.26,55.52,3.53,47.72,56.64,0
70.93,5.02,1813.02,2.37,56.54,4.01,46.14,10.84,0
70.96,6.47,1435.49,4.08,64.83,4.05,35.19,22.24,0
61.75,5.32,1795.69,1.67,47.93,4.18,37.7,11.16,0
73.16,4.66,1595.87,2.62,59.1,4.29,50.6,50.61,0
73.47,4.04,1428.2,2.26,65.61,4.37,45.88,37.6,0
66.38,5.32,1238.67,2.56,71.13,4.08,39.22,46.65,0
66.4,4.83,1332.69,2.04,43.26,4.0,39.92,54.03,0
76.32,4.56,1480.77,3.38,57.88,4.17,47.57,39.35,0
64.4,6.74,1683.76,2.27,58.36,3.72,50.71,42.26,1
70.18,4.68,1387.98,3.37,64.09,3.52,47.6,24.66,0
68.15,6.16,1506.82,2.01,59.17,4.32,62.04,58.05,0
72.6,4.78,1517.51,3.52,56.39,3.95,42.79,55.27,0
78.54,5.83,1198.79,2.58,66.17,4.4,47.91,38.24,0
63.61,5.3,1723.33,2.44,66.52,3.35,53.13,23.78,1
81.05,4.99,1482.48,1.69,45.73,3.74,42.54,30.54,0
92.49,5.04,1563.81,1.6,48.32,4.13,48.01,30.03,0
66.61,5.7,1230.66,1.8,53.47,4.1,51.02,27.89,0
82.77,4.84,1136.04,2.61,39.42,4.32,34.5,37.83,0
63.75,5.01,1347.75,3.38,62.11,4.46,43.35,37.77,0
70.84,5.4,1948.25,2.64,54.53,3.83,49.14,22.82,0
67.32,4.44,1483.1,2.21,43.29,4.04,48.92,14.74,0
76.28,5.65,1718.05,2.0,68.23,3.85,50.62,47.81,0
69.51,4.56,1458.74,2.25,68.26,4.32,44.79,45.56,0
76.37,4.79,1506.3,2.21,62.97,4.45,42.32,21.32,0
77.37,5.61,1510.42,1.42,50.4,3.56,58.42,26.36,0
71.75,6.2,1170.89,1.43,61.03,3.31,50.93,47.21,0
65.27,6.01,1194.28,2.26,53.98,4.17,47.21,1.2,0
63.7,4.55,1239.74,2.27,55.89,4.39,51.24,12.2,0
70.3,4.06,1517.77,2.4,48.64,3.87,40.08,28.45,0
65.18,5.58,1542.04,2.91,52.99,4.21,40.59,43.97,0
72.49,4.84,1290.09,1.57,58.39,4.32,56.52,53.54,1
63.47,5.83,1205.85,1.94,67.67,3.01,52.77,23.8,1
68.63,5.4,1642.93,2.64,55.86,4.03,49.75,36.01,0
62.39,6.33,1487.83,2.49,63.25,3.97,47.7,14.82,1
61.5,5.23,1512.13,2.43,77.85,4.86,42.16,49.14,0
61.42,4.07,1175.09,2.73,51.7,3.52,47.73,41.09,0
62.38,4.96,1671.15,3.95,35.25,3.82,48.54,30.19,0
70.63,6.03,1612.34,2.03,59.84,4.39,45.04,18.52,0
52.84,5.16,1469.13,2.47,66.44,3.44,49.44,36.78,0
68.88,5.22,1682.55,2.14,57.54,4.21,47.23,25.86,0
72.76,3.92,1653.68,2.78,59.95,3.59,49.56,10.38,1
71.91,5.28,1223.27,2.21,51.26,3.78,46.59,44.68,0
77.08,5.28,1431.13,1.73,42.44,3.99,41.49,52.63,0
63.87,6.24,1541.93,0.91,52.0,4.54,62.54,4.27,0
70.98,6.12,1409.47,3.12,61.27,4.3,40.26,10.26,0
86.88,5.5,1479.19,2.25,58.69,3.87,50.05,27.53,0
63.54,4.1,1413.51,3.16,42.41,4.81,51.81,47.88,0
70.31,4.85,1428.14,1.67,72.04,3.67,44.28,28.59,0
78.5,4.87,1658.78,2.94,48.9,4.53,45.58,37.22,0
77.2,4.27,1439.46,2.67,65.18,3.67,47.32,47.01,1
67.6,5.6,1573.63,3.05,50.3,4.2,52.07,25.27,1
69.63,4.77,1320.53,2.75,55.65,4.44,43.68,24.19,1
71.09,5.19,1412.17,4.37,52.81,4.29,47.82,38.53,1
73.65,5.57,1680.61,2.73,51.18,3.68,47.0,46.49,0
74.98,7.02,1645.9,1.99,43.27,4.09,49.59,52.28,1
62.59,5.46,1539.44,1.65,51.1,3.95,48.78,31.33,0
65.42,5.71,1307.58,2.12,58.26,4.01,53.25,35.7,0
65.44,4.48,1503.26,2.34,55.43,4.07,50.12,48.85,0
65.48,5.3,1222.49,3.15,51.87,4.26,49.57,13.29,0
68.75,4.95,1571.09,2.5,25.88,3.52,47.94,48.83,0
76.76,5.27,1759.46,1.95,61.03,3.42,47.7,48.21,1
73.18,5.13,1461.82,2.6,51.61,4.38,54.53,52.77,0
67.66,4.51,1357.5,3.16,61.33,4.12,47.66,14.7,0
62.84,5.61,1627.86,2.17,54.94,3.49,49.44,35.99,0
78.63,5.05,1215.8,2.4,47.55,3.66,44.18,34.88,0
69.17,4.59,1392.26,2.76,51.93,4.17,54.23,37.63,0
75.14,4.01,1746.53,1.97,49.13,3.85,42.95,32.65,1
71.49,4.88,1336.8,2.39,50.41,3.61,54.68,8.88,0
72.84,5.2,1352.2,1.61,71.58,3.63,51.47,29.82,1
65.17,5.09,1202.3,2.02,49.34,3.79,55.93,38.58,0
69.01,4.71,1396.0,2.18,57.98,4.4,59.45,47.99,0
75.66,4.26,1453.15,2.07,62.31,4.5,48.88,46.39,1
65.98,4.34,1535.77,1.87,56.1,4.39,30.36,44.86,1
72.78,5.55,1524.25,2.59,61.2,3.54,43.31,45.73,0
75.2,5.28,1227.49,2.18,54.05,3.65,53.77,35.8,0
63.06,5.45,1512.93,1.81,46.32,4.58,51.4,39.22,0
85.6,4.86,1373.97,2.2,67.28,4.08,54.37,34.82,0
70.23,4.59,1429.86,2.42,57.0,3.99,47.78,35.03,0
67.22,5.2,1809.85,2.57,59.72,3.53,49.9,58.41,0
77.66,5.53,1565.77,2.39,58.18,4.12,50.07,25.95,0
76.38,5.88,1309.19,2.82,61.0,3.9,41.92,44.53,0
69.25,5.03,1636.03,2.55,53.99,4.23,48.62,47.2,0
77.01,3.99,1462.08,2.52,58.7,4.17,44.09,44.57,0
74.87,4.77,1447.63,2.61,57.27,4.04,49.65,54.23,1
66.42,5.06,1329.79,2.95,67.87,4.04,42.54,30.31,1
73.24,4.76,1861.1,2.4,75.43,4.03,54.8,18.85,0
70.21,5.61,1295.22,1.93,39.5,4.24,47.81,44.23,1
65.81,6.31,1488.92,2.19,56.37,3.79,47.59,30.85,0
61.2,5.25,1509.49,1.09,64.39,4.09,52.27,24.93,0
65.2,5.22,1393.68,1.9,48.28,3.58,49.64,40.29,0
69.31,4.78,1840.88,2.45,61.06,3.65,41.64,41.43,0
58.91,5.83,1444.12,2.8,60.76,3.91,38.79,50.23,0
72.19,5.88,1235.4,2.41,56.16,4.23,38.01,21.28,0
60.46,3.1,1459.53,3.12,60.94,3.94,44.09,17.13,0
71.37,5.03,1412.04,2.21,57.02,5.03,55.58,10.82,0
66.35,4.75,1483.94,3.85,75.66,4.59,54.86,56.54,0
60.46,5.14,1628.43,0.57,57.11,4.21,51.86,30.22,0
77.32,4.92,1767.72,3.73,77.99,3.49,46.25,10.4,1
68.65,5.59,1651.2,3.09,69.69,3.77,55.26,10.27,0
77.79,4.62,1692.34,1.95,52.17,4.14,42.92,32.02,0
61.21,5.78,1781.15,1.94,66.75,4.0,49.3,32.42,0
75.12,6.05,1225.6,3.05,54.94,3.96,54.38,51.74,0
75.55,5.19,1568.27,3.25,40.47,4.15,45.71,30.55,0
77.41,5.72,1697.29,2.52,60.53,4.01,47.63,16.46,0
67.21,5.41,1875.34,1.02,58.51,3.33,56.36,55.15,1
75.1,4.89,1441.63,2.44,55.31,3.72,45.4,44.57,0
67.02,4.24,1384.16,3.74,63.42,4.51,56.56,53.8,1
76.07,4.51,1177.17,2.0,66.05,4.65,41.63,19.26,0
64.23,5.55,1607.95,3.4,54.27,4.23,48.34,45.31,1
77.99,3.62,1512.23,2.71,61.74,3.5,56.92,16.94,0
81.78,5.11,1549.09,1.81,71.52,4.32,53.92,50.12,0
64.52,6.07,1560.76,0.79,60.67,3.9,45.76,15.08,0
60.19,4.86,1545.3,2.58,54.22,4.05,51.16,22.53,0
61.08,5.15,1247.38,3.34,45.38,4.16,38.44,36.06,0
71.22,5.0,1264.46,2.78,46.12,3.87,50.64,23.52,0
69.72,5.45,1603.8,3.13,54.34,4.01,49.59,21.23,0
72.46,3.99,1282.19,2.24,58.03,4.19,54.93,41.82,0
73.04,4.61,1465.36,0.94,43.4,3.26,49.02,46.77,0
76.24,6.25,1621.86,1.84,70.44,4.33,53.01,35.4,0
60.74,5.17,1427.88,2.23,43.62,4.02,53.65,39.49,0
74.69,5.82,1594.67,3.73,45.96,4.12,52.05,55.14,0
87.56,6.32,1644.27,1.67,42.08,4.67,41.97,39.25,1
71.47,5.77,1335.92,2.82,36.74,3.86,54.92,27.63,0
71.47,5.4,1474.93,2.59,29.09,3.67,34.13,49.57,0
75.98,4.81,1727.77,2.89,50.04,4.13,47.54,36.78,0
76.79,5.3,1618.24,2.45,40.4,4.18,44.23,35.85,0
81.77,5.27,1314.9,3.45,46.73,4.1,40.75,58.19,0
83.01,4.91,1498.39,1.83,44.39,3.91,48.92,43.32,0
86.93,4.38,1303.6,1.84,47.22,3.88,51.11,36.24,0
79.43,4.8,1773.35,2.5,63.41,3.85,51.49,26.48,0
76.71,5.96,1322.9,3.19,62.67,4.14,43.08,44.98,0
74.83,5.38,1899.96,2.5,68.95,3.67,41.7,0.0,0
55.82,4.95,1357.23,1.34,49.33,4.24,47.07,23.02,0
72.34,4.84,1372.51,2.28,56.07,3.93,47.55,41.44,0
66.33,5.54,1224.13,2.85,45.82,3.93,52.77,43.67,0
62.57,5.54,1597.73,1.96,63.89,4.7,45.87,36.38,0
68.05,4.8,1490.39,1.92,53.81,3.06,50.74,0.0,0
74.96,6.14,1366.74,2.6,56.91,3.66,37.07,32.96,0
82.69,4.84,1148.39,1.35,51.01,4.03,56.45,51.21,0
70.36,6.19,1342.42,1.94,65.23,4.29,40.7,28.89,0
82.81,4.64,1316.08,3.01,40.04,4.19,50.07,52.19,0
67.61,5.63,1668.6,1.27,45.27,4.73,49.6,29.69,0
69.72,6.31,1531.17,1.74,55.09,3.63,46.9,51.21,0
76.39,5.47,1558.55,1.13,37.07,3.98,42.97,35.29,0
78.03,5.9,1473.56,1.88,62.08,4.28,42.84,33.0,0
72.18,5.3,1549.61,2.36,48.61,3.13,53.89,49.45,0
63.0,5.46,1557.06,2.56,43.9,3.68,54.26,46.67,0
76.88,5.15,1669.85,2.95,62.6,4.05,47.36,22.92,0
68.71,7.14,1595.08,3.39,61.48,4.16,42.57,39.56,0
71.72,5.5,1225.88,2.4,56.46,3.55,56.07,38.03,0
83.51,5.05,1503.35,2.85,59.66,3.78,55.18,22.97,0
73.36,5.18,1320.83,2.04,62.59,4.01,40.45,38.34,0
74.41,5.82,1440.55,1.6,56.74,3.96,41.84,32.03,0
84.4,5.38,1479.8,1.88,57.19,3.64,43.5,69.06,0
77.3,5.65,1583.33,1.38,65.64,3.91,45.93,17.97,1
56.25,5.44,1532.3,2.97,41.04,4.05,50.0,55.0,0
70.41,5.79,1432.74,1.41,49.86,3.99,39.82,33.96,0
64.42,4.75,1673.88,0.97,68.95,3.4,53.34,18.62,0
68.69,5.08,1584.82,2.38,49.71,4.78,55.27,52.63,0
72.63,5.36,1264.12,1.21,20.0,4.53,51.09,49.36,0
72.17,5.5,1166.69,2.12,43.44,4.12,55.86,38.59,0
80.22,6.11,1302.2,2.01,57.15,4.49,49.15,45.43,1
75.62,5.86,1478.01,1.91,54.38,3.41,44.08,57.17,1
66.56,6.13,1721.96,2.38,68.59,4.19,47.69,23.3,0
64.96,5.28,1703.46,3.23,52.28,4.36,44.86,32.73,1
72.45,4.94,1412.51,2.99,66.3,3.74,43.21,33.54,0
71.28,4.46,1530.52,2.61,63.23,4.26,38.87,43.43,0
79.52,5.01,1497.36,1.55,54.73,4.34,50.78,31.4,1
73.81,4.76,1400.11,1.82,55.42,4.23,54.93,62.58,0
64.55,4.57,1319.69,2.53,48.36,3.83,42.34,17.19,0
70.15,5.89,1331.29,2.09,52.49,3.96,52.11,21.41,0
69.19,5.32,1366.46,2.24,42.43,4.01,43.6,18.51,0
74.69,4.89,1438.46,2.22,59.27,3.36,43.65,72.43,0
83.01,3.91,1552.57,0.83,55.38,3.89,39.47,47.76,0
66.39,6.27,1289.94,2.28,48.63,3.66,48.63,30.87,0
72.23,4.86,1620.06,2.98,66.55,4.44,51.58,81.48,0
73.23,5.64,1016.18,2.96,27.43,4.27,47.37,16.18,0
90.45,3.72,1567.59,2.09,59.58,3.43,50.58,24.75,1
76.86,5.08,1737.82,1.77,48.3,3.95,41.14,39.21,0
76.55,5.48,1436.51,3.1,71.88,4.11,49.52,51.1,0
90.35,4.79,1360.68,1.91,63.38,4.21,48.82,25.15,1
83.59,5.56,1307.49,2.59,57.32,4.3,49.75,68.49,0
59.95,4.86,1414.37,2.65,51.98,4.34,39.25,27.38,0
69.46,4.4,1368.03,2.03,47.9,4.48,50.12,8.18,1
67.4,4.67,1214.64,2.81,62.34,4.16,59.9,43.27,0
71.61,4.49,1427.0,1.86,51.37,3.88,45.31,57.65,0
62.39,4.29,1539.4,3.38,57.76,4.31,59.11,34.57,0
67.66,5.51,1629.9,1.9,67.32,4.1,43.83,42.24,0
64.5,5.1,1477.19,3.21,40.8,3.72,43.11,35.45,1
65.77,5.01,961.25,3.7,64.06,3.8,47.05,27.19,0
74.0,6.45,1625.47,3.88,54.33,3.86,40.69,0.0,0
83.91,4.85,1386.25,2.6,52.26,4.7,45.08,18.1,1
79.12,4.11,1219.15,2.17,65.06,4.13,45.7,67.67,0
67.76,5.68,1238.37,3.19,58.16,3.9,54.61,61.96,0
67.96,5.59,1562.43,2.14,77.99,4.56,47.64,44.11,0
74.68,5.02,1437.78,3.07,53.87,3.81,43.59,20.07,0
72.98,5.64,1706.12,1.21,56.22,3.56,41.57,34.6,0
84.0,5.04,1389.46,2.0,51.66,3.76,53.01,32.43,0
74.98,4.13,1696.0,1.3,44.18,4.3,52.53,28.01,0
62.41,5.2,1464.97,2.78,37.65,3.56,55.59,35.85,0
83.16,5.69,1528.19,2.64,57.4,4.2,44.32,42.9,0
80.21,5.69,1548.66,1.6,56.45,4.39,49.4,23.16,0
70.87,4.79,1629.5,3.54,48.2,3.66,52.63,22.54,0
63.11,4.58,1624.35,2.26,52.07,3.81,55.35,27.08,0
56.42,5.76,1782.54,2.31,61.78,4.38,50.45,25.02,1
75.33,4.7,1414.21,2.54,45.3,4.09,46.45,33.27,0
79.36,5.48,1383.36,1.48,51.07,4.05,58.77,28.21,1
66.95,5.55,1460.22,1.7,68.38,3.62,46.4,40.18,0
71.83,4.41,1320.88,3.4,50.71,4.51,47.71,33.26,0
77.08,5.01,1539.44,1.91,53.48,3.67,39.59,0.0,0
71.95,4.6,1649.83,3.48,57.49,3.8,48.72,34.61,0
68.87,5.33,1602.82,3.22,36.53,3.97,59.33,33.14,1
63.63,4.32,1360.27,1.52,65.69,4.46,47.27,43.33,0
76.86,5.45,1449.76,1.87,65.73,3.79,50.37,36.63,0
69.31,5.12,1487.12,3.22,52.1,3.94,52.45,26.48,0
62.54,5.93,1504.35,2.1,72.16,3.63,51.15,21.43,0
78.59,5.44,1319.73,1.02,52.87,4.14,54.92,38.47,0
71.4,5.79,1558.76,3.13,45.13,3.85,59.47,35.47,0
63.18,5.17,1677.96,2.8,59.0,4.47,46.58,48.36,0
74.04,5.04,1557.84,3.14,50.31,3.56,46.62,12.11,0
72.72,4.92,1580.42,2.12,50.17,5.04,44.58,33.73,0
79.5,5.03,1679.21,2.69,49.04,4.56,55.11,44.74,0
72.35,5.35,1397.46,3.04,54.36,4.12,43.71,34.56,0
77.95,5.14,1273.82,1.93,67.84,4.03,55.43,18.26,0
75.8,4.19,1367.39,2.44,38.24,4.47,53.5,26.14,0
68.49,5.32,1205.5,2.08,43.8,3.83,48.87,26.79,0
68.29,5.17,1783.69,2.2,51.99,4.02,54.48,41.52,0
69.86,5.35,1697.58,1.82,70.63,3.53,51.32,39.68,0
66.89,4.71,1253.08,2.22,52.5,4.48,42.31,48.71,0
65.7,4.39,1508.71,3.25,38.71,4.22,54.56,27.85,0
76.23,5.77,1450.09,1.86,58.04,3.97,57.5,34.97,1
65.95,4.64,1322.71,2.72,44.57,3.68,50.09,37.0,0
83.77,5.06,1807.61,2.8,30.72,3.63,52.36,49.33,0
71.02,4.42,1342.92,1.15,38.8,3.19,44.03,28.95,0
67.41,4.91,1577.91,2.61,64.11,4.25,44.23,27.21,0
59.95,4.96,1407.33,0.96,48.24,4.11,41.69,46.6,0
75.74,5.64,1317.41,2.87,53.6,4.23,43.03,36.47,0
63.59,4.59,1472.5,1.88,60.21,4.14,49.62,44.76,0
78.26,5.97,1048.9,2.56,45.5,4.13,44.61,32.24,1
57.29,3.77,1816.07,2.66,61.89,4.3,44.44,14.88,1
74.29,4.75,1584.64,2.89,58.55,3.71,42.01,33.35,0
72.96,6.14,1360.0,2.13,66.21,4.38,48.07,48.04,0
66.65,6.36,1438.67,1.94,39.06,4.65,40.28,50.53,1
69.39,4.16,1216.78,2.49,41.79,4.42,45.48,57.21,1
65.52,5.05,1281.07,1.52,45.43,4.21,43.39,42.9,0
70.57,6.06,1427.53,2.42,45.61,4.22,48.82,50.36,0
71.28,5.4,1601.01,1.93,63.63,3.8,35.75,49.9,0
76.92,6.29,1312.49,2.62,37.12,3.95,50.5,50.94,0
76.62,5.3,1413.55,2.24,49.44,4.18,37.9,10.43,0
81.37,4.67,1878.77,2.65,47.71,4.46,50.67,37.88,1
83.95,6.85,1389.34,2.42,42.25,3.98,59.75,17.08,0
78.03,5.08,1476.33,2.48,63.96,3.74,52.68,22.65,0
69.93,4.95,1357.2,2.96,74.54,4.33,47.27,23.41,0
75.86,5.29,1540.7,2.18,42.36,3.82,38.15,38.14,0
73.69,4.24,1342.84,2.7,47.15,3.74,55.69,27.68,0
69.81,6.04,800.0,1.36,72.98,4.92,51.07,35.7,0
73.1,4.99,1579.08,2.11,76.14,3.92,45.21,56.16,0
70.04,6.71,1513.54,2.53,52.3,3.51,46.04,0.0,0
78.67,5.1,1072.12,2.04,24.24,3.98,55.2,47.38,0
71.56,5.51,1563.87,3.19,65.85,3.4,43.46,34.36,1
67.85,5.1,1446.42,2.84,56.92,3.71,37.9,65.08,0
87.32,4.72,1604.13,3.14,58.44,3.9,42.65,42.63,1
69.45,5.63,1662.24,2.73,66.58,4.43,42.0,30.4,0
79.08,5.31,1375.86,3.65,49.97,3.5,48.66,57.8,1
71.25,5.4,1337.78,3.02,56.7,4.07,44.99,43.33,1
75.85,5.99,1326.73,2.61,56.79,4.33,48.96,41.28,0
71.31,4.13,1750.87,3.36,48.55,3.76,53.48,33.34,1
70.61,4.47,1360.93,2.07,67.14,4.16,48.59,35.96,0
61.4,4.48,1206.03,2.01,42.16,3.89,48.87,38.75,0
82.62,4.3,1439.39,2.03,58.36,4.13,54.9,64.1,0
73.15,5.54,1724.94,1.31,48.63,3.97,49.57,22.99,0
78.69,5.48,1399.52,2.52,60.84,3.82,55.35,54.61,1
84.3,6.22,1550.84,1.2,60.71,4.24,36.95,38.88,0
71.9,6.33,1714.22,2.62,48.38,3.77,49.05,60.7,0
79.54,4.87,1416.78,1.46,81.76,3.51,51.38,29.19,0
74.95,5.89,1334.42,2.5,47.81,4.63,48.49,37.23,0
74.67,3.64,1605.37,3.5,42.46,4.26,61.71,13.22,1
71.84,5.34,1544.91,1.94,51.68,4.04,45.23,49.42,0
51.99,4.28,1484.39,2.98,48.76,3.6,46.89,32.28,0
78.67,5.05,1512.79,3.61,60.71,3.83,43.86,25.34,0
63.4,5.26,1418.43,2.84,36.0,3.55,55.37,24.99,0
77.64,5.13,1652.28,2.98,70.59,3.74,40.58,38.31,0
62.65,5.24,1714.45,2.69,42.3,3.82,52.22,21.16,0
66.31,5.28,1434.75,2.32,56.24,3.59,52.97,26.93,0
59.81,6.28,1318.3,2.71,27.12,4.5,36.53,55.48,0
76.21,5.36,1769.64,3.31,67.34,4.13,50.44,30.28,0
83.92,4.83,1459.44,2.71,63.51,4.43,41.72,36.75,0
67.81,5.18,1586.3,1.41,62.4,4.38,51.23,39.57,0
68.46,5.57,1378.02,2.07,68.99,3.66,52.72,49.39,0
71.52,6.23,1360.83,2.81,65.84,3.99,40.73,61.51,0
69.35,4.3,1376.72,3.15,70.74,3.87,46.6,9.66,0
76.28,5.1,1711.94,2.44,47.13,4.1,46.09,34.77,0
77.64,5.78,1760.38,1.49,56.82,4.63,45.25,30.31,1
75.41,5.23,1305.7,3.19,36.53,3.82,49.92,41.47,0
74.75,5.12,922.67,3.97,42.42,4.2,44.65,44.59,0
75.12,5.38,1427.52,2.12,55.56,3.89,45.15,30.19,1
75.95,5.0,1513.01,3.12,63.12,3.99,42.2,17.93,0
75.2,6.0,1557.27,3.52,90.0,3.74,49.35,43.67,0
66.78,6.48,1467.28,2.53,44.38,4.19,55.65,34.68,0
64.21,4.83,1313.18,1.6,53.28,3.81,37.85,21.93,0
71.35,5.31,1492.1,1.85,67.91,4.25,51.05,55.18,0
75.98,5.08,1482.82,1.73,63.05,4.17,42.49,4.37,0
74.15,6.21,1482.95,2.64,62.76,3.88,54.19,32.56,0
73.01,5.22,1213.02,3.16,58.81,4.62,52.37,15.59,1
62.36,6.14,1218.46,2.59,45.93,4.31,44.63,45.58,0
74.39,5.96,1283.39,3.18,50.09,4.0,43.95,22.74,0
70.14,4.81,1380.1,1.64,47.82,4.29,53.42,51.03,0
82.96,5.43,1654.27,2.18,46.17,4.24,44.75,65.86,1
69.18,6.87,1595.64,3.32,74.81,3.89,41.86,14.01,0
69.47,4.49,1086.64,3.79,64.61,3.88,50.01,41.0,0
57.53,4.91,1339.06,2.16,46.82,4.23,42.6,51.52,0
76.47,5.86,1230.96,2.04,44.98,3.95,44.6,55.72,1
64.93,4.69,1611.6,1.98,65.18,3.5,42.82,40.98,0
75.71,4.37,1276.58,2.87,46.93,4.43,48.7,46.52,0
61.71,5.99,1197.37,2.82,44.74,4.2,35.89,42.68,0
72.0,6.35,1325.38,3.07,56.72,4.4,37.82,47.6,1
74.67,5.67,1676.8,2.22,62.8,3.96,44.89,54.53,0
68.77,4.75,1421.13,1.99,60.49,4.6,39.65,11.96,0
70.84,5.15,1632.41,3.99,49.38,3.92,47.94,45.26,0
74.01,5.0,1561.03,1.63,42.93,3.71,45.29,38.37,0
65.7,5.1,1186.2,2.15,68.59,3.94,49.64,25.89,0
80.59,5.15,1556.12,3.97,69.89,4.59,59.92,34.99,1
82.02,5.32,1462.21,2.32,44.45,4.06,36.11,38.21,0
77.89,5.56,1198.13,1.75,79.48,3.78,54.94,31.71,0
84.22,5.26,1678.66,2.62,63.79,3.5,42.21,53.91,0
75.12,5.38,1609.31,1.3,64.0,3.67,52.78,35.0,0
90.66,6.69,1572.84,2.57,60.25,3.92,52.1,16.37,0
71.85,5.87,1458.16,2.77,56.11,4.01,49.46,37.42,0
72.04,5.63,1422.67,3.26,54.97,3.47,38.39,40.06,0
78.43,4.76,1416.13,3.38,60.04,4.12,47.3,47.15,0
73.17,6.0,1393.2,3.1,35.16,3.67,47.66,26.09,0
81.93,4.1,1660.3,2.88,53.85,4.73,46.72,34.28,0
79.98,4.73,1540.51,2.69,63.23,3.65,49.88,33.99,0
67.46,5.86,1548.92,2.17,67.5,4.36,47.17,20.28,1
69.81,4.76,1270.9,2.8,60.22,4.03,55.87,40.12,0
70.74,5.33,1419.45,3.4,55.5,4.44,46.27,17.0,0
81.85,6.15,1480.3,1.86,41.65,3.57,40.38,40.22,0
74.54,4.36,1651.25,3.34,51.73,3.78,44.97,10.02,0
73.0,5.62,1096.36,0.93,46.27,3.33,53.36,33.84,0
65.26,6.06,1704.57,2.89,63.76,3.38,54.85,39.01,0
73.49,4.85,1540.42,2.4,45.85,4.05,46.02,32.5,0
69.8,5.02,1494.26,2.73,60.17,3.7,47.81,26.12,0
64.36,5.31,1486.28,2.45,51.29,3.8,47.16,24.72,0
70.5,5.27,1571.94,2.21,76.24,4.07,40.33,35.79,0
64.25,5.17,1194.09,1.38,55.39,4.28,46.57,21.12,0
69.65,4.9,1176.55,2.69,67.45,4.05,36.65,26.26,0
77.94,4.85,1388.72,2.74,39.15,3.58,45.05,36.5,1
61.62,4.67,1383.47,1.73,48.21,4.05,54.32,24.25,1
70.55,5.07,1414.03,1.6,57.29,4.44,51.67,9.62,0
76.11,5.34,1051.35,1.3,55.56,4.3,53.47,70.8,0
64.65,5.61,1532.29,2.39,58.22,3.83,42.86,0.0,0
72.32,5.47,1490.59,1.63,44.62,4.26,53.05,25.29,0
83.31,4.96,1550.02,2.18,55.43,3.87,52.12,21.36,1
68.07,4.74,1653.28,2.34,42.32,3.87,46.04,41.19,0
80.21,4.59,1429.21,2.6,73.31,4.27,50.84,40.88,0
85.09,5.66,1333.2,2.95,51.93,4.23,44.16,22.33,0
74.57,5.1,1353.96,1.63,51.4,3.73,55.01,2.43,0
74.19,4.32,1335.72,2.36,56.84,3.88,57.67,48.65,0
61.83,4.83,1328.87,2.1,63.4,3.88,59.97,20.72,0
54.97,5.15,1188.36,4.06,56.74,2.8,54.74,55.54,1
74.94,6.48,1332.96,2.41,53.92,3.82,47.44,37.85,0
80.83,4.96,1560.36,2.51,56.01,4.2,49.6,48.04,0
75.25,5.46,1703.05,2.31,58.44,3.58,57.86,19.14,0
72.84,6.16,1385.75,2.04,69.8,3.48,51.2,18.54,0
62.37,5.33,1368.85,1.75,61.17,3.81,46.59,45.07,0
75.05,5.83,1786.91,1.87,42.13,4.0,54.55,0.0,0
65.52,4.76,1507.02,2.56,48.39,4.24,58.86,41.91,0
67.31,5.0,1316.42,1.62,43.56,4.4,42.48,15.93,0
77.52,5.7,1559.63,2.76,43.94,3.89,38.23,34.23,0
65.06,6.0,1074.81,3.04,48.42,3.79,47.24,48.83,0
79.38,5.15,1609.42,4.1,45.96,4.28,42.36,35.17,0
56.42,4.6,1577.4,0.86,60.92,4.31,56.27,18.7,0
58.13,5.44,1407.93,2.68,72.12,3.78,50.32,40.06,0
66.55,5.39,1224.84,2.77,57.93,3.81,51.58,18.72,1
60.37,4.89,1377.27,2.82,64.94,3.64,42.72,63.83,0
78.01,5.1,1178.69,1.87,47.1,3.48,35.12,38.61,0
79.26,5.3,1828.36,2.3,50.53,3.91,48.26,23.42,0
69.33,4.95,1665.49,2.36,61.33,4.15,48.9,25.4,0
69.58,5.41,1390.99,1.74,74.29,4.47,44.2,3.74,0
73.36,5.29,1515.92,2.47,55.34,4.08,35.32,23.81,0
65.94,5.01,1378.74,2.5,49.74,4.65,48.91,38.07,0
65.43,5.56,1766.84,2.34,60.28,4.05,52.17,50.76,0
75.87,5.78,1450.28,4.11,69.67,4.19,45.41,27.76,0
87.7,5.17,1557.6,1.87,52.88,4.09,40.0,33.46,0
71.32,5.06,1780.68,2.13,57.11,3.59,54.17,0.0,0
68.09,5.73,1466.93,2.98,71.93,4.03,51.79,41.91,1
65.22,5.57,1433.5,1.0,60.72,3.48,45.87,15.24,1
83.65,5.72,1651.46,2.64,49.45,4.66,55.82,34.17,0
83.37,5.17,1868.56,2.06,45.3,3.96,48.54,28.95,0
85.65,4.77,1496.97,2.17,47.93,3.75,50.52,45.31,0
64.71,4.7,1328.13,2.53,50.58,4.52,48.86,13.78,0
68.52,5.9,1392.03,2.73,48.28,4.57,45.27,55.62,0
76.62,5.74,1223.23,2.81,51.57,3.99,42.51,33.39,0
69.79,5.42,1826.03,1.46,56.4,3.75,46.42,51.47,0
71.47,4.8,1419.63,2.48,71.99,3.77,54.33,19.25,0
83.01,5.87,1255.16,1.33,50.09,4.1,43.09,44.55,0
68.88,4.6,1561.72,1.79,63.65,4.51,52.59,27.18,1
70.55,6.19,1452.51,2.16,55.84,3.97,50.21,17.3,0
74.57,5.43,1301.02,2.25,57.8,4.17,43.47,14.99,0
66.56,6.11,1317.92,1.94,68.13,4.47,47.23,62.28,0
71.94,5.89,1668.04,1.96,61.49,4.58,43.27,29.43,0
72.44,5.19,1479.36,3.5,66.64,4.12,51.29,46.91,0
74.05,4.36,1417.01,1.93,53.59,3.7,47.94,52.68,0
88.38,6.52,1552.93,1.92,48.89,4.22,49.66,34.42,0
70.43,4.62,1274.08,2.21,45.91,4.03,52.61,30.87,0
88.68,6.13,1518.05,2.22,58.77,4.18,54.93,45.62,0
68.77,5.34,1570.03,3.61,63.3,4.07,58.81,32.63,0
75.83,4.59,1360.18,1.76,55.47,4.04,42.69,53.48,0
83.83,5.47,1423.29,1.08,50.96,4.46,45.75,39.44,0
72.43,6.2,1433.67,2.5,60.88,3.98,44.58,20.35,0
68.44,3.84,1529.44,2.49,65.59,4.02,45.53,41.1,0
71.72,5.72,1474.37,3.11,52.72,4.01,49.43,46.94,0
81.97,4.87,1414.0,2.9,54.68,3.99,47.36,12.72,1
73.76,4.59,1523.55,1.6,58.12,3.8,35.47,20.61,0
74.34,4.31,1309.73,3.05,55.48,4.0,47.48,47.83,0
72.28,5.43,1195.99,2.17,60.46,4.13,50.41,29.21,0
72.39,4.78,1084.78,1.68,39.28,3.45,41.07,56.31,1
79.01,6.75,1429.39,2.76,50.41,4.46,37.5,33.79,1
69.9,3.74,1471.03,2.28,31.81,4.01,41.54,45.2,1
67.39,4.37,1113.34,2.99,38.29,3.55,49.64,53.31,0
66.35,4.37,1634.25,2.8,73.13,3.73,45.02,28.06,0
73.56,3.76,1041.92,1.66,74.9,3.84,42.72,15.04,1
80.53,5.92,1366.22,2.52,63.84,4.79,56.28,31.3,0
70.14,5.41,1717.11,2.2,48.45,3.78,43.23,63.35,0
65.21,4.34,1198.16,2.88,49.53,3.86,47.12,44.22,0
72.81,4.83,1280.55,1.52,57.33,4.12,33.94,42.35,0
72.47,5.62,1153.63,1.88,59.24,3.76,55.24,38.68,0
52.99,4.21,1281.74,2.73,35.94,3.28,44.99,39.78,0
72.16,4.74,1500.41,1.51,66.6,4.41,47.1,38.69,0
73.95,5.37,1225.42,2.26,79.98,3.78,51.85,16.39,0
68.77,5.7,1424.41,2.68,50.51,3.91,49.34,70.02,1
69.88,6.2,1271.48,2.23,67.24,3.96,52.7,35.88,0
75.4,4.97,1388.3,2.07,38.31,3.49,46.59,9.94,0
67.72,6.07,1634.95,3.6,67.28,4.47,53.79,35.72,0
59.99,5.77,1510.4,2.03,47.78,3.98,46.55,38.22,1
79.75,5.64,1802.84,1.82,58.05,4.23,42.48,46.24,0
73.62,5.86,1263.49,1.54,49.25,3.32,50.19,6.13,0
81.33,5.25,926.79,2.67,69.72,3.84,41.49,19.47,1
71.01,4.74,1539.66,1.43,59.42,4.02,40.34,31.14,0
66.25,5.71,1024.45,1.54,44.02,4.13,41.5,11.16,0
76.77,6.4,1325.33,2.0,56.47,3.56,45.76,28.53,0
78.58,4.33,1574.89,2.07,61.09,3.64,50.77,10.55,1
79.46,6.32,1671.21,3.91,56.54,4.13,47.39,31.94,0
64.74,5.21,1434.12,2.6,51.91,4.56,58.84,29.68,0
74.2,6.26,1572.93,3.26,50.6,4.24,44.02,33.9,0
72.18,6.35,1291.09,2.37,52.53,3.78,53.99,48.73,1
65.59,5.41,1175.21,3.44,61.08,4.31,57.09,51.42,0
72.95,4.1,1887.22,1.08,41.29,4.46,45.95,16.49,0
63.97,5.08,1360.95,3.05,57.24,3.85,50.37,37.39,0
74.16,5.17,1422.41,2.26,63.67,3.72,41.4,60.29,0
78.31,5.35,1607.27,1.38,62.11,4.87,44.13,22.14,1
72.14,5.46,1590.92,1.54,55.76,3.91,46.12,10.46,0
68.17,4.26,1539.06,1.55,44.26,4.12,52.85,40.27,0
70.77,5.78,1597.88,2.23,65.96,4.31,38.37,38.08,0
68.38,4.66,1457.39,3.19,43.82,4.02,51.04,24.97,0
68.87,4.55,1432.28,3.17,46.05,3.76,44.73,27.6,1
65.51,4.64,1405.16,2.13,62.07,3.47,42.91,36.54,0
60.97,4.34,1899.67,2.85,41.14,4.38,47.43,16.48,1
67.48,4.05,1839.61,2.75,51.78,4.29,52.61,14.16,0
66.87,4.15,1258.37,1.88,58.77,4.05,40.39,19.43,1
74.05,5.77,1294.63,2.87,57.31,4.55,45.82,30.25,0
70.26,5.32,1363.36,2.24,51.4,3.91,50.67,7.71,0
65.74,5.99,1631.69,3.04,45.24,4.37,47.9,27.17,1
74.08,6.04,1473.08,0.86,56.59,4.34,41.4,41.19,0
72.83,5.54,1618.66,1.67,69.2,3.79,40.3,23.33,0
62.51,5.29,1678.77,1.92,50.01,3.95,48.24,49.1,0
66.17,4.98,1580.23,2.44,43.95,3.96,40.62,26.31,0
65.81,4.11,1674.89,2.24,53.5,3.83,38.61,11.16,0
68.56,4.66,1412.18,3.18,57.43,4.65,45.27,41.81,1
74.31,5.78,1635.13,3.43,52.34,3.52,44.63,40.6,0
79.72,5.23,1780.34,3.01,53.43,4.42,48.63,10.57,0
69.22,6.25,1085.98,1.71,35.69,2.99,50.73,37.86,1
72.89,4.91,1222.82,2.49,51.02,4.07,55.16,19.22,0
79.02,5.49,1550.83,2.02,45.27,3.79,51.75,37.25,0
65.98,5.95,1778.01,2.83,65.48,4.14,42.65,42.39,0
69.2,4.57,1541.26,2.03,63.27,3.87,38.7,48.09,1
73.5,5.9,1378.34,2.74,69.74,3.84,41.91,13.92,0
66.08,5.71,1647.66,2.7,64.13,4.4,41.39,41.56,0
64.51,4.35,1684.64,0.5,47.6,4.01,50.31,26.37,0
75.29,4.69,1326.07,2.39,44.65,4.22,41.37,27.21,0
67.2,5.74,1457.89,2.66,46.49,3.93,41.39,38.6,1
78.91,5.61,1232.92,2.57,55.39,4.43,40.09,48.2,0
67.99,5.23,1730.07,0.68,41.2,4.0,49.69,34.22,1
75.16,4.97,1696.0,2.1,57.48,3.77,46.01,52.99,0
70.3,5.16,1543.49,3.61,45.3,4.59,38.42,13.51,0
60.83,5.65,1271.86,2.69,55.76,4.3,51.14,59.25,0
62.46,4.82,957.37,1.8,53.38,3.57,42.25,37.39,1
76.5,5.07,1065.57,1.34,57.45,3.69,40.72,46.83,0
71.0,5.04,1429.7,2.26,46.97,4.17,53.86,23.62,0
67.82,4.92,1815.17,1.99,41.64,3.45,51.23,43.75,1
62.52,6.17,1482.29,1.54,50.01,3.68,50.34,0.0,0
69.0,6.26,1550.25,2.45,65.36,3.84,52.37,53.39,0
69.29,5.55,1327.92,3.98,55.28,4.15,50.59,4.93,0
67.78,5.3,1432.92,2.42,56.77,3.82,35.98,43.57,0
66.01,4.23,1625.47,2.35,53.07,4.11,42.47,65.15,0
80.56,4.03,1656.64,2.28,39.81,4.52,46.29,37.16,0
80.29,4.46,1423.08,2.14,68.43,4.4,56.4,15.17,0
68.57,5.35,1443.25,2.22,56.1,4.09,42.27,20.66,0
71.65,5.37,1623.48,1.38,49.2,3.89,47.29,28.98,0
64.97,4.93,1518.4,2.97,63.04,4.36,45.02,24.92,0
69.03,6.16,1519.25,2.68,39.33,4.16,49.1,18.71,0
72.03,5.17,1341.39,2.18,51.05,4.39,42.13,0.0,0
74.92,6.07,1575.35,0.96,56.71,4.12,46.42,26.13,0
81.99,4.09,1604.64,1.67,45.45,3.25,42.06,29.12,0
69.47,4.39,1455.87,3.52,52.35,3.98,44.05,25.5,0
75.9,5.14,1319.07,1.9,46.31,3.73,50.9,26.62,0
71.21,5.22,1259.29,0.87,52.19,4.29,42.14,19.67,0
66.31,5.33,1537.78,1.92,75.87,3.64,39.71,16.1,0
76.69,4.75,1584.86,1.86,43.44,4.24,55.86,47.12,0
68.27,6.21,1610.65,2.18,43.36,3.82,54.24,40.55,0
76.63,5.83,1708.27,2.7,57.71,4.09,52.14,12.34,0
71.11,5.55,1195.43,2.32,50.15,4.11,54.36,43.51,0
71.59,5.46,1317.9,2.38,70.75,4.54,39.63,9.78,0
78.3,6.03,1348.88,2.95,67.83,4.73,56.06,21.77,0
63.35,4.89,1404.48,0.7,52.51,4.94,58.24,31.48,0
79.88,5.04,1449.16,1.77,59.29,3.71,36.95,32.58,0
79.82,4.59,1416.39,2.53,57.36,3.47,44.1,48.4,0
79.43,5.93,1536.28,2.97,58.53,4.21,44.35,34.91,0
75.37,5.54,1403.55,2.53,62.64,3.97,40.39,49.67,0
74.33,5.23,1650.85,3.17,66.17,4.19,60.65,40.09,0
76.37,6.01,1461.0,1.26,67.71,3.9,43.24,45.36,0
69.01,4.62,1343.69,4.12,53.85,4.44,51.41,49.13,0
75.75,4.22,1410.51,2.99,53.69,4.57,45.06,50.88,0
63.35,4.75,1388.51,3.0,72.86,3.96,42.64,12.48,0
70.4,5.4,1182.06,3.17,47.44,3.63,36.4,25.71,0
80.06,4.74,1514.64,2.15,61.2,4.15,46.45,24.76,0
84.59,4.75,1649.89,3.04,56.63,4.3,54.92,14.01,1
66.31,6.0,1679.69,2.71,56.98,4.07,40.8,18.96,0
71.12,5.36,1546.08,1.62,55.56,4.42,40.12,40.47,1
71.57,5.54,1556.66,2.42,52.43,4.21,61.6,7.25,0
69.48,4.96,1631.41,2.33,38.05,3.47,55.37,40.25,0
74.39,6.14,1531.0,2.98,47.15,3.63,54.0,47.57,0
76.93,5.62,1512.91,1.91,41.88,3.67,52.04,40.45,0
73.79,4.86,1138.51,2.12,58.9,3.76,54.92,21.45,1
62.86,5.01,1363.79,2.31,60.1,4.24,41.49,43.04,0
79.15,4.99,1544.8,2.05,56.35,3.53,39.57,50.6,0
83.17,4.61,1781.38,2.57,62.01,3.9,42.0,42.01,0
74.11,5.63,1447.9,1.49,54.88,4.17,54.25,59.86,0
69.15,6.89,1583.75,2.91,64.99,3.84,56.37,41.45,0
77.94,4.77,1405.69,3.81,40.42,4.05,56.11,19.07,0
66.28,4.61,1428.34,2.69,48.4,4.26,37.65,12.58,0
82.26,6.42,1522.11,1.8,40.8,4.26,52.47,32.66,0
80.09,5.49,1448.97,2.5,43.58,4.36,40.45,46.08,0
66.49,5.63,1728.65,3.13,59.03,4.38,38.56,22.62,1
68.16,4.61,1626.3,1.97,56.61,4.17,41.85,33.95,0
64.16,5.07,1405.84,1.65,52.61,4.1,46.06,48.02,1
85.13,6.03,1435.54,2.53,58.13,3.83,53.77,43.84,0
80.68,3.82,1419.67,3.12,65.33,3.69,50.13,11.96,0
60.01,4.36,1530.71,3.35,58.87,3.9,44.79,62.81,1
73.23,5.06,1305.63,3.01,44.23,4.11,46.59,13.42,0
71.55,4.93,1184.43,2.19,45.99,3.33,46.0,31.6,0
72.33,5.14,1177.07,2.68,53.21,3.79,45.94,44.4,0
76.38,4.94,1364.85,2.73,52.44,3.78,55.88,35.02,0
55.9,5.64,1210.96,1.91,45.6,3.93,48.0,43.15,0
76.24,6.18,1315.16,2.11,53.76,4.38,48.18,48.32,0
68.43,4.76,1504.92,2.12,57.47,4.15,52.96,55.2,0
66.54,4.53,1292.83,2.25,43.49,4.64,59.05,0.0,0
74.9,6.52,922.59,2.92,55.68,4.21,39.31,14.56,1
67.63,4.64,1509.64,2.41,58.72,3.51,44.85,21.91,0
71.43,5.68,1474.42,0.88,64.54,3.73,52.68,4.16,0
72.76,5.61,1254.0,2.74,55.33,4.39,49.45,19.96,1
71.79,5.14,1261.63,2.43,53.07,4.23,48.84,23.65,0
63.78,5.27,1344.81,2.47,69.31,3.44,50.18,40.52,0
77.28,4.47,1241.67,2.69,58.19,3.36,63.22,21.77,1
67.7,4.7,1462.9,3.2,59.4,4.25,46.38,31.86,0
83.85,4.66,1192.28,2.94,43.62,4.15,55.34,33.71,0
68.14,3.99,1595.54,3.02,49.73,4.17,45.63,29.32,1
72.46,4.7,1322.66,2.09,61.02,3.8,36.7,26.43,0
67.48,4.43,1557.22,3.16,67.27,3.79,41.87,30.49,0
83.41,4.7,1512.97,2.48,67.35,3.85,46.92,57.88,0
68.44,5.05,1675.66,2.5,69.55,3.54,50.66,58.08,0
71.73,4.92,1270.03,2.43,53.47,4.19,44.9,34.05,0
78.71,4.55,1282.15,2.2,65.12,4.61,46.63,27.82,0
65.99,5.62,1369.78,2.68,49.67,4.7,44.27,70.59,0
73.86,5.05,1377.27,2.33,44.02,4.01,50.24,40.07,0
71.53,5.32,1475.31,2.8,53.43,4.2,52.33,24.56,0
75.64,5.49,1032.08,2.71,56.28,4.15,44.25,28.41,0
71.22,4.46,1506.85,1.74,46.38,3.83,41.87,29.22,0
62.73,5.21,1234.3,2.73,36.01,3.45,48.43,50.26,0
72.58,5.18,1590.31,2.77,49.11,4.15,51.01,52.84,1
80.7,6.03,1515.73,3.08,61.04,3.97,54.03,30.08,0
66.62,5.21,1570.17,1.84,39.29,3.94,48.6,16.92,0
75.66,6.54,1298.61,2.08,60.43,4.34,43.07,37.63,0
77.13,5.08,1537.39,0.97,47.83,4.39,47.38,38.48,0
84.32,4.58,1653.19,1.22,45.64,3.37,52.89,25.75,1
62.97,5.32,1506.15,1.22,57.93,4.1,53.32,50.45,0
76.11,4.11,1127.33,2.87,56.26,4.69,41.75,35.77,1
74.65,5.39,1556.31,2.71,48.0,4.21,49.33,60.7,0
77.87,6.27,1275.97,3.21,49.6,4.74,47.52,16.37,0
64.86,4.46,1351.56,1.97,47.56,4.32,49.04,31.39,0
73.97,4.83,1285.54,2.05,60.89,4.05,44.94,58.55,0
63.15,4.6,1391.58,3.5,58.95,3.76,46.51,27.07,0
57.76,6.35,1207.11,2.67,77.92,4.21,48.6,29.5,0
73.93,5.75,1417.75,2.52,61.5,4.01,53.22,40.72,1
71.74,5.88,1175.19,2.94,51.26,4.02,54.4,25.63,0
67.89,5.12,1399.28,1.75,66.64,3.64,39.54,47.46,0
59.42,3.57,1537.48,3.1,42.54,3.93,48.77,57.79,0
67.09,4.78,1581.06,1.37,55.39,4.03,49.15,66.28,0
69.74,5.16,1227.75,2.18,56.32,4.42,39.55,62.55,0
80.77,5.48,1658.51,1.57,53.89,3.87,48.9,28.14,0
71.72,5.55,2000.0,3.47,51.9,4.33,45.33,26.4,0
83.3,4.94,1317.35,2.94,49.8,4.15,45.83,29.6,0
76.3,4.86,1640.6,2.54,50.23,3.88,47.76,39.23,0
82.79,6.19,1676.25,2.84,60.02,4.36,56.83,43.93,0
68.2,5.83,1483.2,2.02,65.0,4.16,65.6,61.61,0
67.6,4.48,1646.66,2.45,58.21,3.47,44.97,38.44,0
74.65,4.67,1149.21,4.63,61.47,4.36,50.38,22.58,0
71.04,6.16,1478.25,2.03,54.25,4.12,51.94,19.51,0
82.92,5.52,1400.26,4.8,48.99,3.76,48.05,51.01,1
71.94,5.44,1100.91,2.64,63.46,3.89,47.8,38.88,0
70.9,5.36,1692.41,2.29,53.98,4.2,38.17,38.51,0
69.63,4.65,1575.37,2.99,56.13,4.55,56.78,37.93,0
73.42,5.08,1625.6,2.62,57.42,3.63,51.48,32.18,0
82.94,6.36,1304.93,2.73,47.45,4.2,53.39,82.67,0
70.03,5.43,1595.98,2.68,50.96,4.42,49.48,30.41,0
80.13,5.18,1397.74,2.25,81.85,3.46,52.18,29.49,1
75.55,6.02,1425.63,2.58,58.91,4.28,51.17,70.17,0
68.5,6.04,1263.23,2.98,67.93,3.98,56.55,49.0,0
65.98,5.93,1454.53,2.51,63.95,4.2,49.97,48.62,0
76.62,4.65,1502.76,3.08,60.98,4.76,50.6,36.17,0
74.72,5.14,1872.81,2.97,44.72,4.04,39.26,25.72,0
68.56,4.34,1775.74,2.69,67.23,3.99,60.47,31.19,0
78.52,5.46,1448.02,2.38,66.74,3.86,38.2,50.86,0
67.05,4.12,1562.65,2.56,54.44,4.45,38.08,9.48,0
75.61,5.54,1448.82,2.59,56.8,3.79,45.47,4.94,0
65.48,6.39,1586.15,2.34,56.49,4.7,42.24,32.16,0
73.05,5.37,1727.18,2.37,47.18,4.34,54.12,29.69,0
71.24,6.27,1574.43,2.46,68.23,4.21,44.9,19.23,0
76.26,5.01,1654.11,2.57,42.85,4.16,53.09,49.08,0
71.58,4.21,1406.71,2.26,53.1,3.73,59.58,39.21,0
64.16,5.72,1632.71,2.65,52.29,3.97,46.05,41.65,0
86.13,5.62,1492.96,1.92,65.33,3.43,43.71,29.45,0
69.48,4.72,1668.14,2.34,37.12,4.2,42.23,28.35,0
72.77,5.16,1398.55,2.79,43.87,3.62,53.83,20.67,0
70.48,5.94,1722.8,1.82,34.58,3.92,55.57,24.41,0
83.04,5.69,1707.01,2.34,59.11,4.27,55.45,32.6,0
64.6,2.99,1507.9,2.22,64.21,3.99,41.89,23.03,1
66.14,4.06,1612.31,2.44,71.59,4.15,42.02,44.66,0
77.17,5.24,1433.11,1.36,60.57,4.17,43.34,30.69,0
61.96,4.76,1224.76,3.01,50.32,4.24,50.7,38.76,0
75.35,5.1,1685.63,2.75,49.96,3.37,44.45,2.07,0
92.93,3.9,1831.9,2.57,49.44,3.29,50.0,40.26,1
74.57,5.43,1317.53,2.65,56.51,4.15,49.91,40.87,0
67.59,4.48,1252.67,2.76,46.97,4.96,47.04,30.31,0
74.27,5.57,1270.39,1.87,55.72,3.38,54.52,41.56,0
76.54,6.0,1250.3,2.25,48.56,4.3,58.52,17.26,0
83.05,4.63,1402.82,1.71,59.37,3.18,50.47,13.77,0
75.96,4.3,1642.68,2.88,52.7,4.08,46.98,25.88,1
62.67,5.72,1226.66,2.08,31.12,3.68,53.81,43.2,0
75.27,5.99,1187.28,3.47,62.37,4.12,50.71,42.97,0
77.57,5.08,1645.47,1.78,48.31,4.23,47.15,20.18,0
72.91,5.78,1665.29,3.21,49.21,4.63,44.59,56.99,1
77.41,4.61,1596.63,2.59,37.82,3.95,53.67,18.36,1
89.22,4.93,1381.73,2.3,50.77,3.91,35.18,27.68,0
84.59,5.02,1548.07,0.83,64.04,4.39,41.48,46.19,0
83.37,4.9,1355.93,3.38,34.21,3.79,45.81,38.8,1
61.07,4.68,1639.48,2.45,60.8,4.34,47.1,12.26,0
74.49,3.95,1187.78,3.33,63.94,4.43,45.21,33.96,1
73.21,5.17,1332.89,2.72,41.86,3.93,40.84,46.36,0
64.58,5.36,1332.41,2.22,53.8,3.73,55.02,53.29,0
67.66,5.16,1639.39,2.31,51.9,3.87,50.57,50.31,0
74.86,4.23,1425.25,1.59,60.37,4.24,53.64,42.39,0
75.49,4.26,1655.66,2.03,44.43,4.03,51.01,18.13,0
71.44,4.88,1497.14,2.07,45.24,4.04,47.59,16.39,0
74.6,5.64,1219.33,3.17,70.51,4.04,55.54,0.0,1
63.73,5.65,1406.88,2.04,79.68,4.08,50.53,57.74,0
70.77,4.46,1242.51,2.53,20.0,4.46,54.05,44.05,1
64.82,6.31,1742.49,2.27,50.17,4.13,50.22,28.06,0
76.29,4.6,1526.43,3.24,53.23,4.26,52.68,23.27,0
74.29,5.45,1583.92,2.55,41.8,4.49,52.95,28.09,0
68.02,3.66,1460.83,2.17,56.95,3.99,42.08,40.97,0
72.42,4.26,1309.99,1.67,50.96,4.4,46.46,27.85,1
69.4,5.92,1618.93,3.01,50.9,3.25,47.89,41.93,0
64.92,5.92,1449.39,2.15,62.27,4.41,31.99,3.53,0
73.47,6.13,1377.41,2.61,53.13,3.88,43.85,60.32,1
70.48,5.01,1411.14,3.35,61.91,3.76,44.18,0.0,0
79.41,5.37,1337.07,2.76,33.44,3.58,46.58,56.07,1
82.25,6.1,1457.33,3.14,54.06,3.19,54.64,24.24,0
79.74,5.09,1606.12,2.53,52.22,3.25,48.38,39.09,0
81.66,4.98,1402.9,3.73,48.89,4.51,47.14,0.0,0
72.28,5.92,1486.01,2.66,52.03,4.21,45.68,9.1,1
59.37,5.37,1270.62,3.54,63.2,3.6,52.62,22.89,0
71.95,5.3,1610.67,1.82,47.69,3.69,39.93,56.18,0
76.89,5.92,1445.31,3.04,61.78,4.31,51.99,33.66,0
76.41,5.35,1465.55,3.28,37.8,3.94,50.07,64.96,0
80.93,5.69,1406.58,3.09,38.26,3.88,43.67,44.59,0
71.51,6.89,1492.71,3.05,41.36,4.34,48.66,44.08,0
73.06,6.22,1857.59,2.33,32.48,3.88,39.26,7.31,0
68.97,5.72,1138.75,2.67,76.66,3.86,45.66,31.39,0
64.26,5.5,1681.16,1.75,58.14,4.31,45.08,25.16,0
65.08,5.23,1441.62,1.5,61.51,4.08,47.3,40.02,0
66.2,4.85,1699.48,2.47,50.95,3.78,53.81,20.78,0
69.12,4.56,1354.8,1.54,40.71,3.98,49.61,27.94,0
59.88,4.72,1736.94,3.09,46.93,3.85,49.67,38.17,0
66.6,5.12,1412.16,2.71,56.22,4.15,40.26,37.21,0
71.33,4.72,1397.0,2.55,54.93,4.01,44.13,40.16,0
75.22,4.82,1297.44,1.53,61.56,4.86,42.21,13.61,0
78.66,5.94,1511.17,3.08,42.79,3.84,47.9,20.36,0
64.16,4.64,1511.41,1.79,72.66,3.83,42.67,21.24,0
69.21,4.69,1514.22,2.49,53.8,3.71,41.75,46.75,1
70.4,5.45,1689.72,1.95,44.57,3.36,46.99,33.57,1
77.8,3.92,1226.86,2.74,73.11,4.6,53.15,14.92,0
77.44,5.76,1477.2,2.99,46.39,3.55,55.81,7.67,1
79.53,5.35,1380.79,2.53,46.46,3.75,48.0,68.04,1
74.17,5.5,1219.94,2.57,51.03,3.67,48.64,28.9,0
78.08,4.82,1114.97,2.83,55.01,4.39,49.26,13.75,0
73.37,5.26,1620.22,2.63,45.08,3.62,44.99,50.98,0
77.79,4.76,1099.77,2.29,48.62,4.03,44.22,31.07,0
77.81,4.89,1483.68,2.59,57.01,4.61,46.9,22.78,1
71.34,4.71,1333.03,1.73,53.81,4.07,41.89,20.16,0
72.33,4.57,1354.91,2.24,66.15,3.61,49.43,19.82,0
64.48,5.07,1718.69,1.26,58.06,3.38,54.19,53.92,0
76.9,5.91,1544.05,1.54,51.99,3.97,49.56,38.32,0
80.42,5.13,1573.32,3.46,48.41,4.12,38.54,19.8,0
66.56,4.81,1606.27,2.19,62.43,3.82,56.41,32.66,0
78.96,6.91,1361.0,2.97,57.96,3.92,43.24,12.66,0
69.56,5.18,1350.03,0.72,61.24,3.39,54.55,45.33,1
75.36,5.62,1672.98,3.2,46.25,4.59,44.45,50.11,0
72.13,5.13,1353.45,3.04,48.28,3.5,41.51,40.26,0
71.51,5.32,1552.7,3.18,39.61,4.53,40.31,22.2,0
61.46,5.5,1630.8,3.01,40.04,3.92,45.06,31.0,0
77.77,6.65,1509.75,2.53,65.43,4.4,51.18,42.34,0
73.81,4.84,1292.84,2.97,53.67,3.54,52.85,32.77,0
69.83,5.86,1401.09,2.99,57.12,4.45,57.19,26.15,1
71.04,5.63,1585.19,2.48,58.76,3.61,54.62,12.88,0
64.33,3.79,1431.04,2.4,68.04,3.87,49.87,21.62,0
76.22,6.09,1316.14,2.3,54.04,4.62,43.08,58.41,0
74.54,4.94,1340.57,3.75,61.63,3.98,41.14,29.84,1
78.1,4.48,1394.46,1.52,64.28,3.72,50.37,39.82,0
73.39,3.51,1728.36,1.43,56.76,3.8,59.09,37.08,0
82.46,4.38,1204.91,3.08,63.1,4.05,45.69,28.62,0
72.91,4.7,1679.68,1.46,67.84,3.96,57.54,29.07,1
78.63,4.65,1469.28,3.27,75.93,3.92,46.77,64.54,0
66.54,5.48,1493.26,1.34,47.68,4.11,38.58,22.23,1
87.71,4.22,1531.21,2.58,53.11,4.02,38.53,20.54,0
79.43,6.03,1493.45,2.12,43.83,4.06,55.32,31.05,0
74.1,4.71,1003.21,1.79,69.74,3.32,48.11,44.38,0
78.11,4.29,1709.1,2.72,50.98,4.32,48.22,18.13,1
71.9,5.78,1329.05,3.2,56.24,3.2,50.08,12.44,0
61.28,5.43,1222.67,3.24,40.25,3.92,55.26,19.42,1
76.64,5.4,1651.56,2.85,43.07,4.49,43.01,34.98,0
91.62,5.92,1363.55,3.68,43.79,3.86,47.66,30.13,0
85.42,5.02,1425.03,3.37,48.5,4.34,37.44,9.24,0
69.28,5.85,1643.01,3.03,54.96,3.87,52.47,59.22,0
64.21,5.6,1448.44,3.16,56.83,3.97,40.19,44.82,0
76.72,4.39,1234.89,1.48,56.52,3.88,40.27,41.87,0
74.27,5.77,1222.16,2.16,57.55,3.86,50.8,42.69,0
78.38,5.58,1224.84,2.89,53.86,3.57,52.76,49.28,0
84.04,4.57,1941.42,2.01,62.93,4.68,47.88,58.79,0
65.58,3.47,1285.06,2.7,46.63,3.77,44.24,12.6,0
69.79,5.27,1228.47,2.32,49.63,4.2,54.37,17.39,0
64.62,3.93,1354.61,4.1,54.99,3.98,57.73,49.82,0
67.33,4.23,1491.24,2.53,53.52,4.2,41.67,19.3,0
68.1,5.12,1383.15,2.2,46.05,4.49,50.3,29.39,0
76.39,6.61,1285.6,2.72,31.29,4.45,47.22,5.06,0
78.97,5.74,1294.33,1.99,55.82,4.88,42.14,30.54,0
74.62,5.39,1792.01,1.75,55.43,4.48,44.24,31.92,0
79.65,5.04,1445.42,2.41,54.07,3.76,34.91,23.1,0
60.33,5.87,1506.52,2.59,67.48,3.8,49.71,31.05,0
81.4,6.21,1517.74,1.8,44.76,4.43,41.11,28.51,1
72.54,4.99,1512.83,2.92,62.5,3.69,49.37,14.24,0
74.36,4.63,1737.09,1.72,67.65,3.88,45.24,42.15,0
75.42,5.99,1989.1,2.15,49.87,4.33,51.97,37.39,0
62.09,5.29,1605.01,1.43,52.69,4.08,36.59,24.92,0
69.2,6.7,1347.93,3.06,60.44,3.73,46.17,52.71,0
70.2,5.59,1637.07,2.93,58.22,4.95,48.2,28.84,1
78.05,4.27,1241.08,2.78,51.23,4.02,38.3,28.91,1
59.75,5.26,1324.33,3.14,63.18,3.93,54.94,18.56,0
66.94,4.76,1500.66,2.61,42.41,4.05,43.79,42.47,0
71.51,5.35,1472.74,1.81,51.65,3.6,48.74,43.81,0
74.81,6.99,1337.38,1.74,58.3,3.97,49.66,57.51,0
80.0,4.93,1144.97,2.31,35.48,4.19,41.35,29.8,0
73.9,5.92,1690.65,1.35,56.55,4.22,50.11,28.87,1
75.72,5.26,1368.29,2.16,59.93,3.81,56.39,25.2,0
73.85,4.83,1374.69,2.29,59.02,4.19,44.93,68.65,0
72.81,5.69,1523.76,3.94,36.94,4.14,35.44,39.85,1
76.22,5.09,1569.43,2.41,37.66,3.31,37.87,56.63,0
68.79,3.99,1289.83,2.92,39.57,4.07,51.28,50.57,0
79.11,5.26,1081.83,2.03,45.22,4.2,52.07,33.65,0
74.14,5.25,1275.81,2.79,62.25,4.46,53.39,64.2,0
77.24,5.19,1409.83,2.85,39.71,3.8,48.8,32.17,0
79.93,6.03,1366.04,2.09,32.68,3.57,43.9,19.84,0
72.41,5.7,1128.15,2.06,73.08,4.17,56.39,34.08,0
61.5,5.53,1446.41,2.82,50.05,4.45,50.12,58.11,0
75.32,6.03,1742.35,3.57,50.65,4.44,35.52,27.11,0
71.08,4.62,1615.37,1.32,44.36,3.89,48.91,80.58,0
68.27,5.01,1632.56,2.95,42.79,4.0,54.78,36.54,0
81.11,6.07,1625.36,2.13,58.45,3.84,48.84,11.4,0
72.55,4.13,1460.12,2.75,48.21,3.7,45.22,14.73,0
75.83,4.65,1526.27,2.99,27.64,3.32,54.66,28.55,0
72.97,4.63,1259.27,2.8,61.4,3.97,45.92,22.9,0
73.1,6.23,1170.44,2.23,73.95,4.64,46.75,14.64,1
77.05,5.3,1677.94,1.17,41.47,4.09,51.5,17.52,0
71.32,5.73,1174.2,2.89,52.1,4.17,51.74,27.39,0
72.76,4.44,1648.7,1.97,77.48,3.96,45.86,48.51,0
78.33,5.06,1397.6,1.4,64.98,3.79,44.3,61.33,0
70.86,4.26,1377.13,3.56,57.11,4.28,50.99,15.51,0
63.06,5.21,1310.28,3.78,51.17,4.18,42.63,28.02,0
78.72,4.42,1452.38,2.02,47.22,3.53,46.0,43.63,1
77.76,4.97,1628.77,3.29,62.21,4.17,45.66,48.02,0
65.1,4.69,1398.18,1.8,62.65,4.18,56.44,24.45,0
75.86,5.18,1805.7,2.77,55.76,3.86,53.85,50.45,0
72.18,5.74,1468.43,2.49,61.56,4.23,49.78,44.52,0
65.84,5.62,1619.86,1.51,51.68,4.2,43.4,37.88,0
73.28,4.51,1279.24,2.68,72.8,4.42,47.01,39.1,0
73.25,4.19,1311.06,0.84,77.04,3.53,42.66,37.98,0
71.6,4.62,1261.9,2.06,33.45,3.85,46.78,33.98,0
73.58,5.01,1337.24,2.93,43.15,3.77,52.37,0.0,0
59.99,4.72,1506.18,2.05,58.77,4.06,52.34,55.39,1
69.75,6.05,1239.19,2.1,38.67,4.4,52.55,7.55,0
67.77,4.81,1512.0,3.39,58.59,4.05,64.88,38.6,0
74.83,5.2,1268.9,2.48,64.77,4.05,43.35,59.32,0
70.19,6.57,1572.38,2.31,66.16,4.11,46.21,43.3,0
72.64,4.77,1583.38,2.06,50.25,4.35,38.26,24.79,0
65.07,5.56,1265.01,3.12,58.24,4.63,46.28,44.7,0
77.7,5.23,1601.75,2.43,65.33,3.82,46.4,43.89,0
78.99,6.27,1041.39,2.51,51.85,4.19,48.04,51.97,0
80.29,5.5,1421.44,1.93,50.41,4.11,51.59,46.87,0
81.35,4.43,1475.92,2.26,55.74,3.61,46.28,30.97,0
73.36,5.29,1644.07,2.07,50.02,4.22,46.37,2.59,0
76.2,5.82,1114.04,2.64,48.13,4.51,44.8,45.41,1
58.22,4.36,1238.81,2.71,53.52,4.19,48.97,28.85,0
71.29,5.39,1443.65,1.78,71.4,4.08,52.35,41.1,1
72.41,5.36,1575.42,2.24,48.08,4.72,56.65,34.02,0
72.71,4.73,1306.76,1.08,51.69,4.19,50.4,46.56,0
71.12,5.34,1511.58,2.26,63.35,3.86,55.66,21.06,0
70.4,4.1,1183.11,2.28,48.26,4.32,48.09,34.3,0
85.12,5.61,1539.11,2.76,48.91,4.35,50.66,26.35,0
73.42,6.24,1274.82,1.25,69.26,3.86,53.29,28.36,0
81.25,5.56,1172.37,3.22,37.98,4.42,42.42,38.86,0
64.68,4.15,1547.42,1.86,72.39,3.56,54.66,26.25,0
70.54,6.21,1549.47,1.75,56.48,4.12,51.09,36.11,0
75.45,5.44,1164.48,2.77,63.09,3.75,42.9,46.74,0
80.1,4.56,1449.98,2.06,38.96,4.01,53.38,33.89,0
63.41,4.83,1485.61,3.38,52.11,4.17,41.61,51.61,0
73.02,4.7,1549.4,2.26,62.23,3.76,49.65,42.17,0
67.92,5.25,1152.84,2.57,68.11,4.08,44.74,30.57,0
69.87,4.24,1628.84,1.52,45.21,4.03,52.24,8.67,0
67.57,5.7,1653.38,2.59,59.26,3.88,47.61,40.54,0
67.44,4.33,1361.54,3.74,53.23,4.01,53.94,32.07,0
79.04,5.05,1537.73,2.42,54.83,5.04,47.98,37.09,0
69.29,5.47,1509.12,1.88,58.94,4.29,47.57,34.2,0
69.57,4.71,1356.08,3.37,55.38,3.69,45.27,15.61,0
74.61,5.59,1725.76,3.74,47.91,4.18,50.47,59.29,0
74.44,4.94,1188.14,2.32,60.87,3.86,58.08,0.0,0
70.51,4.87,1384.2,2.03,75.15,3.5,53.63,48.42,0
69.69,6.06,1338.49,1.77,48.77,4.38,48.88,25.23,0
67.19,5.07,1684.6,1.05,62.03,4.05,49.87,49.1,0
59.87,4.68,1537.57,3.04,56.63,4.11,48.96,12.43,0
81.06,5.95,1339.77,1.55,33.81,3.5,44.81,52.29,0
57.81,5.2,1363.31,1.77,59.73,4.03,37.65,0.0,0
75.11,5.25,1734.43,1.84,64.32,3.87,37.79,43.02,0
70.6,5.92,1131.37,1.21,37.06,4.09,49.84,25.14,0
86.89,5.69,1351.08,2.04,74.6,4.36,48.02,30.6,0
67.14,5.2,1816.44,3.68,72.2,4.28,50.1,31.13,0
67.51,5.58,1567.55,2.32,48.46,3.96,57.79,33.88,0
65.85,5.32,1349.87,2.79,49.9,4.67,49.36,22.73,1
81.36,5.43,1379.84,1.74,42.52,4.07,41.01,26.81,0
63.35,4.64,1135.93,2.13,59.02,4.18,54.13,27.4,1
71.51,4.26,1566.36,2.41,49.83,3.85,43.94,38.23,0
68.83,4.89,1402.56,1.93,53.89,4.02,48.64,53.35,0
68.69,4.61,1567.0,2.82,52.5,3.45,54.22,32.09,0
73.21,6.02,1219.47,1.02,52.32,3.74,42.99,49.6,0
75.98,6.34,1684.47,2.84,54.45,4.07,46.98,27.98,0
77.23,6.82,1177.4,1.73,56.4,4.14,56.11,32.86,1
55.31,4.05,1444.48,2.04,62.56,3.98,50.11,52.45,1
66.19,4.92,1382.63,3.67,40.77,4.17,53.91,51.88,0
59.98,6.0,1487.76,3.27,62.62,4.28,42.35,49.79,0
65.12,4.56,1756.78,2.43,61.85,4.18,49.63,33.4,0
81.7,6.26,1465.26,2.62,55.55,3.87,45.91,61.59,0
61.3,5.04,1413.21,1.43,53.01,3.93,45.93,50.61,0
63.86,5.55,1619.3,2.32,51.41,3.88,57.78,15.57,1
71.07,5.78,1205.91,1.36,54.08,3.97,42.4,27.93,0
73.0,5.91,1687.89,2.35,60.46,4.63,54.85,36.6,0
61.78,6.7,1327.04,2.56,66.19,3.53,53.05,25.99,0
68.71,5.48,1435.52,3.44,50.68,4.15,45.73,19.65,1
70.99,5.04,1427.83,2.07,48.62,3.97,35.59,54.35,1
85.51,5.55,1582.34,3.35,36.56,4.47,49.71,35.82,0
73.39,5.17,1215.89,2.63,39.23,3.45,51.96,45.64,0
76.49,4.99,1514.52,2.2,31.3,3.95,41.81,44.49,0
79.94,5.06,1648.24,2.85,63.92,3.94,47.15,31.18,0
76.41,5.63,1544.89,2.54,50.32,4.14,51.57,34.16,1
74.81,5.31,1546.93,0.8,30.57,3.93,51.9,32.89,0
62.94,4.2,1315.92,1.01,54.4,3.54,57.41,58.08,1
59.01,5.61,1461.7,2.74,44.37,4.31,36.44,47.94,0
67.51,4.48,1372.93,2.27,54.23,4.19,55.76,61.47,0
74.09,7.09,1514.45,2.51,60.23,3.79,52.71,25.66,0
78.56,5.15,1380.99,1.19,58.98,4.74,46.65,25.5,0
83.14,5.39,1248.02,2.04,27.38,3.84,48.64,21.37,0
73.56,4.62,1465.44,0.91,57.06,3.53,49.76,32.52,0
73.81,5.16,1400.49,2.8,64.71,3.83,53.74,11.0,0
69.73,5.62,1426.83,2.5,58.96,4.4,49.14,31.72,0
78.55,4.96,1653.05,2.62,46.96,3.97,42.14,27.93,0
74.27,5.04,1198.24,3.12,52.42,3.67,61.4,35.04,0
78.27,5.13,1359.14,1.78,70.52,3.55,42.84,24.96,0
77.58,5.45,1687.26,2.03,63.85,4.43,51.73,45.4,0
76.46,4.89,1614.96,2.47,49.66,3.87,48.54,40.13,0
63.61,4.48,1746.89,2.69,32.01,4.15,45.0,43.47,1
69.21,5.14,1585.28,2.36,66.47,3.84,49.23,28.81,0
60.69,4.38,1485.44,1.81,61.25,4.01,50.97,33.14,0
75.01,5.08,1234.03,1.97,71.94,4.23,61.42,10.93,0
68.95,4.41,1610.3,2.78,53.83,4.02,49.58,47.67,1
67.96,4.77,1303.12,2.85,67.84,4.04,49.21,17.32,0
67.39,4.85,1235.33,3.27,60.84,4.33,49.57,40.86,0
69.2,4.47,1416.79,2.66,73.51,4.17,51.58,37.67,0
61.85,5.54,1223.48,1.46,53.12,3.99,51.4,41.4,0
70.46,5.88,1840.61,3.41,57.46,3.88,55.57,52.16,1
57.47,4.65,1807.82,3.29,61.74,3.97,57.4,18.26,0
68.86,5.51,1687.03,3.65,46.13,4.14,40.46,20.59,1
77.96,4.31,1481.15,2.97,47.65,4.58,55.72,70.74,0
82.27,4.35,1622.72,1.89,50.04,4.24,51.56,24.51,0
63.21,5.14,1497.11,3.96,39.28,4.03,54.36,67.17,1
77.84,4.23,1457.39,3.88,48.02,4.06,49.14,33.39,0
72.95,5.06,1661.71,1.42,86.2,4.14,45.85,46.15,0
64.56,5.81,1670.6,2.78,51.19,3.4,48.27,34.81,0
62.68,4.05,1423.1,2.3,55.85,4.2,41.56,56.31,0
74.92,3.77,1136.28,3.46,62.38,4.26,46.47,33.66,1
70.2,4.26,1320.48,1.96,49.63,3.95,47.22,19.09,0
81.48,5.88,1654.31,3.07,67.95,4.41,41.03,60.93,1
71.67,4.88,1417.13,2.73,38.03,3.63,45.96,48.55,0
84.57,5.37,1596.67,2.43,58.01,3.91,53.62,34.91,0
66.6,4.6,1532.02,1.19,64.48,3.76,45.8,0.0,0
71.62,5.36,1358.06,3.55,40.92,4.35,51.44,20.26,0
62.93,4.85,1437.32,2.7,70.61,3.99,53.21,51.65,0
77.26,5.38,1357.08,2.31,62.92,3.85,46.55,43.62,0
66.65,3.44,1287.68,2.53,72.91,4.5,40.64,10.41,1
77.16,5.69,1413.45,1.47,63.02,4.14,53.29,38.35,0
84.32,5.84,1501.77,2.63,53.0,4.25,42.74,67.87,0
74.49,5.9,1343.49,2.15,46.81,3.84,51.65,22.05,0
69.0,4.22,1160.05,3.38,48.51,3.97,55.05,12.42,0
70.62,4.88,1241.12,3.25,37.96,3.81,43.89,60.86,0
67.3,6.15,1575.15,2.49,66.61,4.22,52.75,46.85,0
69.38,5.35,1404.56,2.8,60.0,3.39,43.15,39.78,1
72.33,4.37,1410.12,3.74,52.63,3.14,57.7,35.9,0
71.41,4.91,1441.18,2.68,62.0,3.57,45.97,31.05,1
75.15,4.7,1465.42,1.54,57.92,3.51,57.56,27.54,0
84.43,5.44,1755.05,2.15,56.89,4.05,45.1,27.72,0
73.13,4.5,1359.98,3.29,51.86,4.4,50.64,26.74,0
62.48,5.7,1418.64,2.24,54.57,3.88,46.58,30.51,0
72.44,5.22,1601.66,2.83,46.12,4.34,51.53,43.6,0
73.56,5.03,1312.4,2.81,68.92,4.26,50.14,40.41,0
79.17,5.29,1632.83,1.45,56.64,4.27,51.82,0.0,0
70.9,5.33,1400.41,2.21,45.05,3.74,41.09,44.67,0
70.93,5.55,1412.39,2.79,60.46,3.97,49.62,67.29,0
77.16,4.54,1268.27,1.52,72.45,4.26,50.97,20.35,0
67.88,5.12,1466.97,3.59,65.26,4.37,51.08,25.53,0
90.51,5.31,1485.45,2.11,65.26,4.12,50.2,25.96,0
76.3,4.89,1212.99,3.7,42.36,3.81,38.8,50.12,0
65.18,5.13,1622.86,1.73,46.9,3.31,47.84,48.77,0
76.43,5.29,1281.49,2.03,66.96,3.95,46.1,75.1,0
83.82,4.88,1615.12,2.35,45.46,3.38,51.07,30.46,0
62.7,5.46,1488.38,2.5,55.4,4.03,55.67,22.64,0
75.61,3.72,1327.15,1.6,53.7,3.86,51.29,45.69,0
64.82,6.14,1403.9,0.71,54.01,3.98,46.04,46.29,0
68.36,6.57,1275.68,2.3,45.44,4.7,42.59,0.0,0
70.73,4.56,1241.47,1.67,59.45,4.02,45.99,35.91,0
71.98,5.01,1474.1,2.59,54.28,3.74,49.43,52.88,0
84.68,5.97,1704.37,3.65,66.87,3.6,55.11,31.65,0
69.76,6.27,1296.33,2.33,60.22,3.72,42.94,30.79,0
64.62,4.82,1118.37,2.16,61.88,4.05,49.35,8.68,1
82.03,5.11,1355.11,3.63,51.99,4.88,37.21,36.15,0
80.15,5.65,1303.72,1.78,54.53,3.96,41.57,19.33,0
62.96,5.78,1731.38,2.78,60.43,3.41,45.48,27.74,0
64.42,3.93,1554.19,3.52,72.83,4.1,56.0,20.28,1
75.57,4.52,1313.61,1.22,43.12,4.57,54.63,41.75,0
66.42,5.46,1481.18,2.57,41.96,4.2,42.82,57.89,0
69.71,5.78,952.5,1.68,50.95,4.1,50.52,17.11,0
72.15,5.09,1240.6,1.32,51.82,3.87,54.23,43.37,0
72.24,4.81,1129.22,1.94,55.79,3.8,44.63,36.06,1
79.96,5.64,1240.49,1.01,55.62,4.24,52.6,47.44,0
69.83,5.44,1535.99,2.21,60.59,4.49,45.15,35.38,0
66.31,5.17,1388.93,2.86,65.97,4.17,49.85,30.29,0
68.13,5.92,1309.17,2.57,51.79,3.76,45.96,15.67,0
75.15,5.28,1555.32,2.49,59.95,4.14,39.09,32.01,0
63.82,4.63,1269.9,1.96,55.48,4.17,49.7,46.04,0
77.63,4.83,1633.81,1.58,60.32,4.59,56.13,25.75,0
70.26,6.52,1516.68,1.66,68.46,3.65,62.12,45.15,0
71.15,4.61,1531.26,2.2,44.79,3.52,48.21,33.98,0
73.23,7.5,1622.59,2.49,43.21,4.78,51.01,45.05,1
86.16,4.7,998.53,1.46,46.95,4.7,48.25,48.36,0
64.96,5.18,1454.79,1.86,46.07,4.41,35.93,33.5,1
68.86,3.64,1529.07,2.94,52.81,3.69,47.79,45.86,0
85.6,4.4,1672.91,3.12,64.15,3.69,39.62,37.29,1
76.98,5.18,1516.89,1.83,52.78,4.02,44.59,24.15,0
81.24,5.52,1521.99,2.4,52.25,3.78,52.84,31.17,1
68.26,5.88,1723.65,3.48,45.97,3.82,51.83,37.25,0
59.61,5.7,1653.49,1.79,51.18,4.07,51.57,19.5,1
72.62,5.29,1499.91,1.15,45.51,3.86,43.96,35.71,0
72.97,5.65,1402.47,2.29,42.67,3.7,42.59,31.7,0
75.29,4.04,1692.4,3.27,65.83,4.19,49.67,31.4,1
74.0,4.83,1611.84,2.25,68.8,3.65,52.09,56.85,0
76.02,4.47,1462.8,2.57,45.97,4.03,41.97,30.02,0
69.68,4.43,1307.7,3.28,54.86,4.3,52.0,44.84,0
73.72,3.95,1212.28,2.61,52.29,3.99,44.97,36.68,0
64.19,4.96,1629.69,2.3,65.69,4.21,53.75,40.35,0
75.73,6.42,1264.64,3.91,72.58,4.01,55.66,45.07,0
65.77,5.81,1528.36,2.62,50.52,3.47,57.03,11.41,0
69.37,5.59,1532.47,1.24,70.27,4.66,44.99,48.75,0
73.0,4.68,1382.75,3.3,78.39,4.33,40.99,46.74,0
70.47,6.28,1373.48,2.26,47.06,4.13,50.39,40.1,0
69.49,4.33,1403.15,2.98,56.96,3.71,36.82,33.79,0
68.24,5.09,1286.27,1.26,42.89,4.3,45.94,36.14,0
74.41,4.52,1392.78,2.59,48.91,3.84,44.58,5.35,0
63.03,6.05,1643.84,2.54,60.27,2.92,48.69,39.78,0
73.16,5.79,1318.8,3.42,55.4,3.72,48.24,40.59,0
87.11,5.08,1831.23,1.37,51.28,3.5,51.05,47.88,1
80.21,5.32,1214.18,1.15,56.05,3.67,50.42,44.19,0
79.08,4.66,1328.07,2.14,52.95,4.29,46.38,53.58,0
81.39,5.8,1535.74,2.48,60.04,4.1,50.96,47.61,0
69.04,4.71,1381.57,2.85,60.86,4.0,47.92,4.35,1
73.76,4.99,1364.03,2.44,58.6,3.73,51.02,33.07,0
69.9,4.2,1295.43,1.74,74.0,3.71,54.55,39.25,0
60.19,4.78,1851.62,2.77,60.88,4.31,42.13,42.08,0
75.27,5.95,1553.47,1.86,61.28,3.93,42.59,41.83,0
87.92,4.37,1443.71,2.54,45.28,4.03,45.78,22.07,0
84.45,4.2,1360.13,3.0,64.19,4.11,48.99,25.39,0
67.64,5.18,1719.01,2.17,54.86,4.14,49.03,58.31,0
72.51,4.75,1393.18,2.14,50.19,4.53,52.17,43.89,0
68.31,4.98,1610.71,2.16,66.51,4.34,42.61,50.28,0
72.38,5.11,1545.87,1.35,63.01,3.72,52.31,42.74,0
74.0,6.33,1563.41,2.08,36.95,4.38,53.57,34.25,0
79.74,4.74,1635.82,1.9,56.78,4.01,44.48,24.55,1
79.46,5.18,1476.87,3.3,60.12,4.14,48.49,36.35,0
84.01,5.87,1606.72,2.31,50.93,4.35,51.35,33.13,0
65.79,5.04,1507.84,1.28,54.66,3.48,43.49,30.02,0
70.62,5.4,1138.92,3.08,57.23,3.57,43.35,43.1,0
72.76,5.67,1654.4,2.5,61.08,3.65,46.23,10.53,0
64.53,4.05,1471.73,1.7,50.98,3.89,44.99,5.92,1
60.81,5.35,1231.68,2.23,58.23,3.95,55.99,34.36,0
75.87,5.65,1151.11,2.06,53.31,4.22,46.44,48.86,0
72.02,5.07,1591.6,1.71,46.56,4.03,47.32,28.7,0
66.71,5.4,1428.15,2.44,62.54,4.04,51.6,17.68,0
62.64,5.67,1495.17,2.91,62.77,4.3,44.27,21.94,0
69.87,5.1,1687.95,2.5,42.14,3.68,49.52,45.43,0
85.22,4.91,1695.42,3.05,49.51,4.05,43.96,22.98,0
68.62,4.65,1335.29,3.02,51.77,4.59,47.52,36.45,0
63.07,5.18,1947.61,2.88,39.77,3.91,44.63,26.34,0
67.87,4.62,1539.27,2.69,70.92,3.8,49.22,24.88,0
73.24,5.51,1056.31,2.35,54.97,4.19,43.11,0.0,0
77.93,5.94,1856.14,0.85,38.32,4.23,51.61,45.74,0
78.81,6.01,1485.03,2.84,46.29,4.06,51.01,32.41,0
85.49,5.24,1469.44,3.29,60.58,3.64,48.53,15.3,0
64.82,4.12,1203.03,1.41,51.63,4.41,51.73,52.4,0
62.86,5.4,1480.08,2.24,53.94,3.73,45.9,63.55,0
81.05,5.56,1472.68,2.01,72.06,4.16,48.85,31.74,0
66.37,5.17,1527.51,0.95,70.75,3.88,44.34,35.96,0
65.89,4.59,1437.98,1.96,61.23,4.11,52.69,27.21,0
75.8,4.22,1442.11,2.27,47.78,3.37,41.03,57.36,0
70.17,4.83,1322.38,3.52,51.39,3.67,51.66,40.5,0
78.0,5.66,1652.57,2.02,60.3,3.51,45.88,15.24,0
73.69,5.28,1263.4,2.32,69.45,4.16,50.26,36.0,0
77.51,4.98,1327.59,2.12,66.53,3.65,50.97,50.53,1
73.05,5.72,1906.51,2.57,51.91,4.46,46.19,56.06,0
67.01,4.29,1320.57,2.73,35.55,4.03,48.08,65.48,0
68.41,5.93,1510.26,2.26,52.4,3.66,52.55,50.27,0
73.77,5.3,1084.22,2.47,38.2,4.37,55.8,17.25,0
64.17,4.84,1289.13,3.33,60.56,4.21,57.07,57.9,1
73.78,4.54,1471.3,1.85,44.49,4.45,48.33,16.54,0
74.24,5.57,1519.35,1.72,48.25,4.43,40.9,37.29,0
72.98,5.09,1286.93,2.58,39.95,4.07,48.89,37.71,0
77.66,5.02,1432.07,3.11,40.15,3.93,36.14,67.93,1
64.76,6.08,1185.56,2.13,64.51,4.24,42.02,33.21,0
80.06,5.56,1243.99,2.06,48.36,4.57,42.6,33.47,1
90.79,5.85,1292.09,2.7,54.25,4.04,46.0,42.46,0
72.0,4.21,1467.5,2.54,61.65,4.21,47.31,12.47,0
67.65,5.71,1357.71,1.38,51.09,4.2,47.57,5.37,0
72.15,6.3,1359.29,2.14,67.34,3.72,57.07,44.95,0
86.25,5.45,1639.84,2.69,54.23,3.96,49.29,59.61,1
68.33,5.75,1528.06,2.5,53.73,4.13,50.42,34.48,1
58.43,6.09,1502.31,3.24,54.91,3.83,43.98,37.26,0
66.69,5.93,1225.97,2.09,61.35,3.77,48.13,23.61,0
65.52,4.33,1508.42,2.02,28.12,3.96,47.64,23.85,0
75.45,4.68,1366.26,3.55,53.99,3.67,50.71,53.83,0
72.48,5.02,1772.58,1.97,53.59,4.13,44.59,23.13,1
73.13,5.78,1510.2,2.47,57.9,4.45,46.96,29.41,0
63.1,4.64,1373.65,1.85,69.53,3.67,55.01,22.3,0
72.27,4.18,1469.21,4.21,38.98,3.42,38.28,27.2,1
72.82,6.24,1122.24,1.2,59.99,3.82,54.95,57.93,0
63.11,5.7,1362.84,2.67,59.9,3.89,39.14,57.03,0
69.18,5.04,1398.09,2.05,67.68,3.49,42.62,43.79,0
69.93,5.5,1454.7,1.4,52.44,4.11,48.69,33.9,0
84.82,5.93,1624.9,3.18,61.87,4.17,54.23,16.36,0
72.13,5.59,1797.67,1.77,69.75,4.39,35.87,32.95,1
64.91,4.07,1169.07,2.9,48.26,4.21,41.66,14.69,0
73.08,4.52,1413.75,3.23,60.79,4.45,41.35,15.62,0
72.55,5.62,1576.97,2.05,33.54,3.86,43.45,70.52,0
64.77,5.32,1110.69,2.19,44.0,4.02,43.98,20.52,0
66.98,5.18,1896.0,2.15,45.03,3.77,47.09,29.79,0
63.07,5.7,1840.99,3.53,56.78,3.67,54.47,50.13,0
73.12,4.27,1785.8,2.94,31.94,3.62,47.35,25.7,1
66.05,5.29,1192.98,3.36,59.21,4.35,46.97,32.84,0
56.5,5.32,1362.15,2.38,61.15,4.53,42.73,28.94,1
66.31,4.61,1518.11,1.94,41.38,4.21,49.69,54.42,0
78.03,4.86,1331.55,3.02,36.19,4.03,45.49,38.92,0
79.97,4.03,1524.67,2.92,58.56,4.67,49.74,38.69,0
76.91,4.91,1662.45,2.28,47.32,4.64,56.12,45.08,0
84.12,5.25,1499.81,2.54,44.04,4.11,44.31,35.29,0
74.1,4.7,1557.06,2.3,59.57,4.01,51.72,60.02,0
73.47,3.46,1229.37,2.49,57.29,3.72,45.32,53.99,0
60.55,5.26,1183.16,0.68,58.12,3.93,49.08,9.94,0
76.91,5.96,1206.42,2.4,65.61,4.24,50.14,20.19,0
79.03,5.19,1296.19,2.24,48.97,3.4,57.97,18.28,0
68.56,5.95,1380.57,1.88,33.45,3.93,48.98,20.04,0
60.76,4.4,1294.23,3.12,43.09,3.68,41.04,41.59,1
62.82,6.05,1587.52,2.89,29.06,3.84,43.15,46.68,0
82.01,4.92,1732.04,2.53,53.9,4.29,53.41,40.05,0
77.86,6.51,1319.16,1.7,71.4,4.16,47.94,18.53,1
70.86,3.95,1544.26,3.88,53.98,3.95,48.46,47.41,1
62.04,3.94,1532.18,1.47,55.53,3.51,42.18,41.81,0
58.41,4.92,1337.89,1.46,75.56,4.34,62.24,39.45,0
70.23,5.4,1227.21,1.73,53.71,3.98,50.9,14.6,0
64.02,4.79,1096.77,1.05,48.17,3.68,39.22,23.7,0
68.3,4.46,1505.04,2.82,59.7,4.04,45.86,44.23,0
76.55,5.62,1477.4,2.58,45.13,3.96,51.6,35.71,0
72.29,5.53,1411.06,1.66,53.6,3.84,51.7,58.63,0
78.15,4.15,1333.69,3.13,66.19,3.8,62.7,34.18,0
64.68,5.02,1703.92,2.01,46.17,3.94,43.79,29.73,0
76.52,5.07,1313.42,1.73,70.4,3.97,40.27,34.17,0
71.54,6.66,1670.03,3.14,67.09,3.81,43.59,31.09,1
74.6,6.01,1375.6,3.79,42.92,3.98,40.83,25.09,0
76.96,6.85,1145.94,2.35,58.31,3.83,59.74,26.16,1
80.33,5.19,1172.83,1.26,74.8,3.95,48.85,42.55,0
67.42,5.68,1129.12,1.86,90.0,4.46,43.18,15.22,1
71.1,5.2,1490.64,1.46,46.21,3.87,54.9,48.69,0
74.47,5.91,1275.05,2.84,55.7,4.45,48.83,37.62,1
67.54,4.24,1577.87,1.22,53.42,4.32,45.47,43.72,0
75.63,5.66,1541.59,1.41,50.68,4.17,40.08,23.0,0
76.73,5.24,1600.96,2.02,70.46,3.71,44.37,36.43,0
62.8,4.81,1531.21,1.54,62.39,4.3,46.9,24.28,0
74.81,5.61,1524.39,1.61,57.83,4.09,54.62,15.01,0
68.29,6.62,1520.77,2.05,65.61,4.08,44.21,24.13,0
71.76,5.72,1290.29,2.76,67.12,3.9,51.1,42.7,0
70.85,4.92,1526.43,2.01,61.79,4.5,45.6,29.8,0
73.39,5.79,1712.53,2.56,47.57,3.9,41.47,49.35,0
49.51,5.21,1358.86,2.82,50.25,4.46,44.35,17.14,0
66.24,4.68,1451.67,1.99,54.34,3.36,53.68,41.0,0
75.0,5.9,1566.08,1.74,72.51,3.97,52.49,52.3,0
64.55,4.46,1277.54,2.06,36.44,4.12,48.7,53.08,0
52.99,5.75,1391.83,2.82,42.01,3.47,45.36,44.8,0
76.33,4.97,1358.41,1.64,49.95,3.4,36.24,31.47,0
77.33,5.39,1088.27,2.39,61.67,4.35,43.61,36.82,0
61.08,6.31,1441.18,2.15,63.42,3.59,54.83,46.4,0
67.08,4.38,1572.43,2.49,43.02,3.72,47.81,41.59,0
72.02,5.24,1454.78,1.94,46.79,3.99,41.66,35.59,0
66.4,4.59,1465.73,3.12,42.1,3.73,41.59,43.55,0
73.24,5.38,1306.74,2.77,46.41,4.07,51.88,35.88,0
68.01,4.06,1404.07,1.88,46.64,3.91,53.28,36.84,0
74.71,5.61,1463.66,2.36,43.68,3.79,44.46,31.18,0
81.14,4.69,1551.56,2.54,47.56,4.0,49.2,52.46,0
75.85,5.16,1412.79,1.93,47.68,3.84,50.07,53.32,0
73.92,4.76,1291.78,2.45,75.27,4.08,38.62,52.98,0
73.67,5.03,1441.26,3.54,55.64,3.36,60.27,42.61,1
76.95,4.72,1458.86,1.23,60.09,3.82,43.2,21.5,0
64.68,5.71,1420.65,3.43,47.16,4.11,51.75,22.93,0
80.07,5.9,1056.6,2.76,45.06,4.03,39.33,10.29,0
72.75,5.4,1530.24,4.14,66.96,3.82,53.9,55.07,0
63.15,4.36,1372.62,3.02,46.72,3.79,50.84,23.24,0
78.78,4.79,1235.27,2.61,33.46,4.09,52.26,48.45,0
79.09,5.97,1588.87,2.73,57.51,3.43,46.62,34.92,0
72.05,5.74,1483.8,1.4,70.26,4.13,49.84,27.66,0
75.3,6.41,1598.05,3.02,57.77,4.68,49.05,8.12,1
85.06,5.18,1515.14,2.38,60.5,3.49,55.62,26.77,1
60.34,5.54,1461.32,1.6,42.69,4.23,45.44,69.78,0
76.41,5.26,1536.0,2.09,54.81,3.56,52.97,24.85,0
75.71,5.54,1133.47,2.18,56.45,3.18,47.18,30.73,1
62.27,5.06,1252.65,2.92,53.05,3.69,46.18,24.14,0
58.21,4.12,1779.1,2.32,57.69,4.12,53.11,57.54,0
73.64,6.31,1524.15,2.54,49.67,4.38,50.65,35.96,0
72.73,5.93,1196.52,2.4,46.19,3.36,45.73,31.34,0
61.68,4.5,1333.08,2.15,55.71,4.17,48.5,51.88,0
66.58,5.1,1689.05,1.85,62.62,4.3,49.65,3.03,0
75.83,4.56,1623.61,2.84,63.52,3.53,52.25,21.19,0
84.37,4.39,1597.44,2.4,64.58,3.94,50.33,30.19,0
74.31,4.61,1439.62,2.11,52.11,4.14,42.3,43.4,0
68.97,5.24,1475.86,3.2,35.04,3.98,47.04,47.06,0
62.98,4.01,1738.63,3.01,61.47,3.95,53.1,27.2,1
76.12,5.87,1173.31,1.52,64.72,4.02,52.96,16.5,0
71.35,5.64,1792.3,2.91,44.12,3.94,52.64,18.92,0
73.86,5.08,1843.31,1.96,58.49,3.79,41.33,22.46,0
79.15,5.01,1545.05,2.43,59.73,4.68,52.93,39.12,0
73.46,6.03,1278.8,3.32,45.63,4.29,43.59,39.03,0
72.47,5.83,1527.59,1.95,41.1,4.3,48.38,33.01,0
64.04,6.58,1633.39,2.11,52.17,4.33,53.66,41.38,0
69.95,5.41,1377.39,1.73,65.3,4.17,54.88,14.25,0
70.96,6.3,1374.93,2.12,53.03,3.28,41.48,9.2,1
69.04,6.0,1560.93,2.76,63.6,4.51,46.72,16.03,0
86.89,5.39,1516.48,1.51,56.67,3.76,55.24,53.97,0
75.61,5.14,1332.56,2.41,46.55,3.75,42.21,16.43,0
77.31,5.54,1404.55,2.13,41.28,4.32,44.01,45.97,0
74.76,5.49,1668.79,2.32,56.74,3.85,46.33,30.95,0
75.83,5.4,1382.55,1.69,52.52,4.19,57.58,40.05,0
74.31,4.57,1478.48,1.64,60.62,3.41,45.06,16.98,0
83.29,4.64,1414.71,2.09,31.33,4.26,51.48,27.77,0
67.3,4.22,1284.01,2.2,52.56,4.25,47.75,57.15,0
79.77,5.64,1500.42,1.81,57.91,3.99,53.94,40.92,0
75.34,4.32,1374.76,2.85,53.64,4.32,50.78,41.34,0
69.64,5.44,1436.04,3.21,46.03,3.88,40.7,46.44,0
71.65,4.68,1522.04,1.76,54.79,3.81,38.97,59.88,0
66.04,5.22,1541.64,2.98,61.66,4.11,37.29,20.72,0
85.08,5.18,1289.79,3.3,40.65,4.68,47.01,42.01,1
68.74,4.79,1607.79,1.86,33.86,3.53,52.96,54.81,1
81.7,6.58,1382.29,2.16,60.17,4.59,41.13,19.34,1
75.8,5.55,1134.35,3.03,62.5,3.82,47.03,41.69,0
78.74,5.57,1514.74,1.08,42.72,4.13,43.22,45.51,0
74.55,4.15,1546.47,1.56,54.7,3.37,52.33,22.78,0
71.68,6.51,1760.06,2.52,51.91,3.94,44.18,69.15,0
74.02,4.9,1494.57,3.28,47.67,4.03,45.55,22.6,0
87.77,6.04,1753.72,2.35,56.97,4.16,49.17,33.74,0
64.88,6.37,1579.78,2.72,53.2,3.74,52.79,32.78,0
65.1,6.18,1298.86,2.68,54.37,4.27,59.82,38.06,1
76.93,5.79,1492.17,2.46,52.77,3.94,48.31,38.4,0
69.73,5.44,1327.96,1.84,57.07,4.25,42.29,70.52,0
70.05,4.52,1590.21,1.94,48.71,4.04,45.71,17.48,0
71.89,5.19,1642.42,3.2,70.78,3.99,43.22,32.75,0
64.75,5.36,1491.0,1.41,49.48,3.86,51.61,27.48,0
75.92,5.5,1707.04,2.22,61.05,3.59,52.47,31.34,0
70.83,5.72,1276.23,2.76,84.31,3.89,43.47,50.21,0
62.46,6.26,1333.32,3.17,68.81,3.36,54.14,59.62,0
66.9,5.38,1676.05,2.2,44.93,4.5,43.74,58.0,0
70.54,4.9,1209.87,3.64,46.47,3.96,54.45,70.22,1
67.82,4.79,1570.34,2.95,50.29,3.89,44.66,36.33,0
77.46,5.52,1503.49,2.14,53.02,3.68,39.86,51.06,0
69.43,6.17,1373.34,2.8,51.07,4.48,47.4,24.97,0
75.38,5.42,1808.42,2.26,61.2,4.43,56.39,25.43,0
72.86,4.47,1648.1,3.33,67.33,4.07,56.22,30.48,1
78.42,5.88,1313.87,2.81,58.85,4.32,43.22,36.27,0
71.08,3.75,1432.79,3.11,48.93,3.63,58.18,50.81,0
56.46,4.43,1406.07,1.82,57.46,3.72,40.76,17.21,0
85.86,4.58,1342.87,2.15,50.65,4.37,42.54,33.04,0
61.83,5.19,1416.44,2.32,47.36,4.16,49.45,30.15,0
73.02,4.32,1270.58,2.65,63.87,4.31,40.8,20.29,0
64.81,5.09,1263.88,2.23,65.41,4.41,55.84,5.67,0
71.82,4.04,1388.13,3.54,53.65,3.77,44.34,32.74,1
71.44,5.55,1567.69,2.41,72.63,4.09,51.71,22.84,0
76.1,5.44,1517.91,2.55,37.96,3.98,51.8,40.21,0
53.92,4.07,1447.62,1.85,52.98,3.95,48.17,21.54,1
74.17,5.07,1570.5,3.65,56.17,3.64,44.89,23.21,0
79.92,6.46,1322.0,2.32,65.42,4.03,47.95,46.25,0
72.13,5.4,1590.95,2.69,42.4,3.55,50.22,46.31,1
73.63,4.87,1544.68,2.72,63.99,3.9,55.9,32.32,0
65.87,5.02,1390.04,2.18,48.09,4.11,42.6,10.73,0
61.85,5.64,1324.78,2.84,41.84,3.4,51.23,42.22,0
63.32,4.43,1493.7,2.3,38.89,4.01,48.3,13.23,0
69.85,5.41,1835.85,2.56,53.5,4.04,41.7,31.76,0
71.39,5.58,1585.54,3.11,46.33,3.9,54.01,39.39,0
76.5,4.11,1092.73,3.17,55.92,3.86,44.13,13.73,0
73.68,5.23,1404.53,1.41,46.72,4.1,53.09,35.83,0
68.23,4.28,1380.92,2.11,72.23,3.71,43.48,59.38,0
69.87,5.71,1646.01,2.7,57.85,3.87,50.02,40.48,0
82.93,5.57,1599.25,2.34,59.23,3.98,50.29,41.67,0
76.01,5.15,1476.33,2.06,52.09,4.29,55.34,56.01,0
71.23,5.87,1480.89,2.3,48.44,3.87,42.26,45.74,0
70.24,4.82,1652.55,1.69,65.44,4.29,38.55,43.61,1
70.67,4.75,1524.79,1.18,40.63,3.51,48.47,42.23,0
68.78,5.26,1172.94,1.29,60.28,3.71,46.08,25.1,0
74.36,5.96,1854.36,1.95,56.52,3.49,51.26,47.39,0
63.23,5.48,1658.13,1.47,59.05,3.88,43.25,38.62,0
73.43,3.64,1410.39,2.3,72.11,4.17,55.37,38.66,0
69.14,6.03,1636.09,2.58,83.54,4.44,55.77,39.19,1
73.26,4.33,1439.3,2.36,50.55,4.24,46.29,25.21,0
64.03,5.54,967.48,1.99,64.4,4.23,44.66,25.08,1
75.12,5.7,1501.5,2.43,59.18,3.94,41.36,26.92,0
68.92,5.44,1578.32,1.59,53.37,4.41,59.32,26.59,0
73.16,5.51,1702.91,2.75,63.59,3.55,50.07,50.11,0
77.01,6.07,1415.56,2.21,53.6,3.84,42.49,33.11,0
75.54,5.48,1515.6,1.04,42.4,4.4,48.02,24.27,0
75.03,4.04,1570.54,2.2,41.62,4.04,48.66,47.91,0
71.24,4.56,1751.2,2.9,64.7,3.46,52.09,34.41,0
79.38,5.49,1328.95,2.22,63.92,4.3,49.71,36.14,0
64.8,5.27,1428.33,3.5,54.22,4.64,49.64,44.44,0
76.86,5.54,1646.84,1.95,61.76,4.28,45.49,42.55,0
74.67,4.92,1284.21,2.26,59.7,4.16,52.89,33.49,0
81.24,5.16,1365.15,2.87,40.11,4.19,53.68,26.59,0
74.63,4.79,1409.4,2.92,81.72,4.22,35.63,60.12,1
63.53,5.11,1420.96,1.84,38.65,3.76,43.73,39.44,0
76.68,3.66,1341.9,1.93,45.3,4.56,57.45,18.13,0
74.56,3.71,1262.02,2.18,63.94,4.03,43.31,49.94,0
68.99,5.58,1910.54,1.96,45.84,4.12,45.62,43.18,0
72.6,5.47,1238.7,2.46,62.77,3.9,54.79,44.2,0
65.27,5.67,1495.94,2.27,51.37,4.12,42.7,57.17,1
70.97,4.88,1222.79,2.95,57.86,3.82,49.53,36.33,0
67.19,5.75,1400.13,2.09,42.56,3.64,44.31,26.71,0
76.72,4.76,1389.69,2.83,63.17,4.41,39.14,17.88,0
67.84,4.56,1475.78,2.37,42.18,3.77,43.24,37.51,0
76.19,4.93,1372.33,2.36,38.02,3.97,47.0,61.0,0
72.2,6.12,1204.46,3.4,49.37,4.25,58.99,8.03,0
69.64,5.61,1657.96,2.45,61.17,3.62,56.85,36.49,0
71.92,5.31,1404.76,2.73,46.1,4.24,44.97,27.84,0
83.77,5.26,1518.89,3.36,42.63,3.61,46.16,46.18,0
66.2,4.68,1037.64,1.67,47.11,3.79,61.32,34.61,0
84.9,4.69,1374.31,2.54,45.64,3.72,47.94,58.3,0
69.61,5.09,1287.32,1.8,49.39,3.58,53.47,13.38,0
55.4,4.81,1320.97,0.7,49.42,3.65,45.15,21.14,0
73.19,4.43,1402.4,1.93,42.35,4.36,54.85,21.28,0
72.21,5.81,1432.08,2.2,51.92,4.84,51.02,20.07,0
65.91,4.92,1498.46,2.35,48.43,4.33,54.89,30.34,0
69.91,5.58,1656.78,3.59,71.42,3.74,56.77,81.13,0
68.36,4.98,1578.67,2.18,63.53,4.46,47.38,22.59,0
63.0,5.68,1677.57,2.14,36.82,4.05,41.42,50.41,0
71.12,5.91,1274.2,2.59,49.03,4.21,53.15,57.86,0
80.31,4.17,1402.81,1.88,53.38,4.05,46.61,14.24,0
76.83,6.17,1670.1,1.57,55.32,3.49,51.2,55.33,0
73.79,5.09,1705.43,2.08,56.04,3.76,44.41,34.11,0
67.19,4.97,1679.8,2.82,62.18,3.81,50.26,39.57,0
79.4,5.17,1303.14,2.71,50.14,3.41,55.31,23.99,1
70.66,5.2,1764.71,2.37,61.9,4.67,38.24,8.07,0
88.0,5.42,1058.37,1.99,47.47,4.23,43.06,38.82,0
73.83,4.98,1537.57,1.57,49.59,3.77,56.5,38.2,1
74.26,6.53,1531.69,3.28,62.33,4.53,45.57,70.86,0
83.94,5.45,1581.4,2.77,60.93,3.57,50.19,47.48,1
67.14,5.44,1702.52,2.35,57.21,3.73,47.37,25.68,0
69.08,5.1,1742.17,2.5,57.03,4.39,44.25,35.96,0
62.03,5.85,1475.62,3.33,42.28,4.29,52.04,50.02,0
67.2,4.65,1194.03,2.25,67.65,4.18,48.2,62.27,0
74.57,6.38,1222.81,2.0,45.22,4.1,58.7,46.99,0
64.56,5.97,1642.39,2.15,61.16,4.02,41.17,27.49,0
66.82,4.41,1441.28,2.33,43.4,3.64,46.59,30.92,0
81.79,5.75,1358.0,2.06,33.45,3.72,50.89,52.02,0
62.88,6.26,1538.8,2.63,54.62,3.85,35.41,62.66,0
67.29,5.68,1415.56,2.26,52.64,3.72,55.12,0.0,0
72.22,5.05,1676.37,3.06,67.42,3.69,47.16,26.78,0
67.01,5.36,1775.26,2.42,51.86,4.34,45.47,33.61,0
68.33,4.47,1103.95,2.31,69.45,3.61,48.4,52.37,0
62.58,5.04,1652.44,2.27,58.39,4.17,47.29,14.66,0
59.33,5.52,1693.48,2.94,44.01,3.95,40.25,33.97,0
80.86,5.74,1461.01,2.06,68.13,4.12,56.96,47.36,0
66.22,5.45,1417.86,2.76,39.35,3.88,45.84,61.12,0
73.25,4.86,1797.36,2.25,40.09,4.36,49.58,16.75,0
75.12,4.63,1354.75,4.06,58.22,3.97,49.63,53.5,0
64.43,5.17,1407.33,2.94,38.66,4.0,46.07,36.02,0
73.67,5.12,1192.38,3.33,60.35,4.16,54.1,28.55,0
70.05,5.8,1318.35,2.5,47.24,3.85,46.71,13.92,0
65.07,5.28,1589.0,2.32,72.01,4.53,41.57,33.58,0
73.67,4.02,1689.78,2.82,50.05,4.17,42.32,37.21,1
55.25,6.12,1303.45,3.15,46.22,4.0,58.63,17.97,0
62.79,5.93,1609.63,2.75,50.88,3.47,57.38,45.87,0
65.42,4.22,1640.55,2.12,54.93,4.21,43.43,54.49,0
62.11,4.52,1460.54,2.3,63.42,4.16,43.62,54.19,0
67.12,4.44,1748.68,1.29,45.24,3.99,43.4,31.66,0
75.01,4.48,1678.7,2.99,46.89,3.7,47.22,45.45,1
85.37,4.21,1121.93,1.51,51.29,3.77,47.97,31.42,0
71.79,5.15,1578.96,2.22,54.81,3.91,54.3,50.06,0
67.01,5.1,1357.89,2.41,54.46,4.08,47.2,27.12,0
67.77,6.63,1728.1,1.32,57.21,3.92,41.98,16.52,0
81.23,4.83,1255.31,2.51,54.25,4.23,55.71,24.17,0
69.15,4.15,1596.47,2.51,46.19,4.07,40.58,45.18,0
75.07,6.15,1609.41,2.59,48.16,3.98,53.05,41.22,0
65.94,5.19,1817.18,2.38,59.69,3.59,36.56,26.05,0
82.37,4.3,1703.15,2.02,76.06,3.97,54.01,38.28,0
76.35,5.43,1548.25,3.01,50.77,4.26,44.89,37.68,1
75.93,4.67,1467.93,2.06,40.32,3.7,43.05,35.98,0
72.8,4.92,1274.67,2.68,78.88,3.71,47.73,30.83,1
75.0,4.25,1378.26,1.89,53.32,4.2,48.62,16.81,0
76.18,5.74,1429.34,3.61,55.38,4.48,70.0,28.33,0
87.36,4.19,1403.34,1.56,61.67,4.22,47.36,40.93,0
74.0,5.61,1433.0,2.13,64.7,4.05,53.94,34.77,0
66.13,4.55,1239.39,1.29,44.73,4.0,56.76,43.52,1
80.8,5.26,1627.67,2.06,64.17,3.78,45.1,36.27,0
73.62,5.6,1487.82,1.98,60.24,3.93,47.35,34.39,0
69.36,5.66,1479.14,2.35,47.9,4.53,49.34,27.96,0
71.25,5.28,1361.5,2.24,41.74,3.71,41.72,22.05,0
81.34,4.83,1660.32,2.79,40.23,4.65,40.67,40.24,0
72.42,6.0,1514.9,3.02,72.1,3.33,50.48,58.72,1
73.52,6.84,1261.2,2.56,53.7,4.11,50.98,29.84,0
81.67,5.93,1596.55,3.06,53.78,4.12,43.6,51.62,0
76.72,4.43,1202.09,2.46,35.88,4.05,47.25,41.61,1
71.0,5.06,1569.37,2.5,43.96,4.18,44.43,31.19,0
74.21,4.86,1842.34,2.03,63.28,3.65,48.2,38.47,0
84.07,4.53,1228.94,3.01,40.15,3.98,47.03,45.85,0
53.02,3.95,1227.46,2.66,38.12,4.38,57.47,29.65,0
71.83,5.5,1421.49,2.25,57.07,3.6,50.67,24.38,1
70.46,4.91,1587.56,1.63,41.42,4.39,61.63,44.24,0
75.62,4.85,1249.95,2.89,55.55,4.13,49.83,21.2,0
73.76,6.06,1396.89,3.18,69.54,3.81,49.82,34.43,0
62.74,4.01,1900.89,2.11,39.44,4.52,54.41,19.68,0
77.43,4.91,1288.05,1.75,49.86,4.07,49.8,57.6,0
74.08,5.26,1258.49,2.08,42.09,3.62,52.56,52.14,0
64.53,5.07,1503.3,2.68,59.98,4.07,63.04,30.28,0
72.75,5.05,1201.47,2.84,64.99,3.85,38.3,53.6,0
72.09,3.97,1486.11,1.74,46.47,4.08,60.19,38.53,0
65.34,4.74,1358.24,1.82,58.4,3.87,45.81,44.05,0
90.91,6.59,1459.64,2.87,60.55,3.63,37.48,57.37,0
83.89,3.69,1352.98,2.97,50.8,4.12,32.15,11.08,1
67.16,4.54,1500.17,1.77,55.59,3.65,46.08,38.36,1
64.15,4.94,1087.77,2.63,59.79,3.79,47.39,38.06,0
75.49,6.09,1147.43,2.13,60.63,4.1,54.31,0.0,0
65.26,3.99,1335.8,1.92,69.23,4.15,39.37,36.72,0
72.45,4.14,1653.17,2.25,55.78,4.15,41.24,24.8,0
71.12,5.12,1601.4,2.95,67.77,3.82,45.84,53.85,1
77.61,4.71,1293.62,1.89,71.7,3.75,55.22,41.42,0
69.4,5.19,1546.23,1.67,53.93,3.69,39.17,32.62,1
67.79,5.74,1425.56,2.22,56.65,4.57,48.93,38.11,0
69.57,6.02,1410.14,2.53,61.03,4.02,54.95,47.19,0
68.23,4.24,1624.57,2.6,71.43,3.7,46.05,42.16,0
73.81,4.78,1105.48,2.53,59.07,4.06,44.43,17.78,0
63.76,5.56,994.93,2.91,56.66,3.93,47.81,36.49,0
88.13,5.63,1183.93,2.52,59.73,4.45,30.0,20.28,0
55.78,4.35,1478.2,1.98,51.92,4.56,52.12,12.57,1
80.36,4.08,1491.61,2.95,58.29,4.49,53.42,20.86,1
62.82,5.88,1798.4,2.7,42.35,3.99,53.9,29.51,0
70.02,6.05,1770.22,1.86,47.77,3.79,51.65,67.67,1
70.61,5.33,1384.58,2.73,53.27,4.13,30.0,44.15,1
63.72,6.09,1558.22,1.68,56.02,3.99,51.02,33.07,1
75.17,6.43,1481.53,3.2,52.46,3.98,50.4,33.07,0
77.91,5.05,1500.46,2.98,47.54,3.94,53.28,19.07,0
73.33,5.84,1548.9,2.03,44.26,3.98,49.9,30.11,0
84.76,5.12,1348.53,3.4,54.46,4.49,56.19,53.12,0
63.33,4.43,1523.97,3.04,52.6,3.8,41.8,26.18,0
72.35,4.24,1286.25,2.08,52.67,3.32,50.87,43.14,0
79.85,5.24,1542.18,2.07,60.13,4.56,41.95,16.25,0
64.87,5.64,1224.52,2.3,58.73,3.4,49.06,44.19,0
79.37,5.29,1323.36,1.49,55.24,3.61,46.58,52.67,0
89.7,5.04,1437.09,4.38,48.78,3.7,53.35,41.41,0
66.33,5.12,1623.54,3.23,59.56,4.15,46.74,23.46,0
82.88,5.9,1441.64,2.05,51.48,4.12,57.31,38.19,1
76.05,4.61,1288.72,2.15,62.77,3.8,48.51,34.65,0
83.09,5.83,1283.18,3.19,74.66,3.93,47.63,28.23,0
72.29,5.83,1133.12,2.37,53.41,3.9,51.24,37.07,0
61.39,5.3,1350.83,2.25,59.42,3.71,47.11,26.57,0
85.27,4.62,1237.1,2.91,54.23,4.41,32.48,45.75,0
89.53,5.69,1684.59,2.44,46.23,3.36,43.95,37.49,0
75.83,5.07,1401.8,2.69,55.88,3.72,55.87,27.32,0
74.19,5.22,1495.94,3.22,51.59,3.91,53.26,24.86,1
82.31,5.86,1602.61,1.81,54.7,5.05,48.45,38.59,0
78.65,4.92,1788.57,1.83,48.08,3.73,33.46,27.36,1
81.62,4.71,1432.79,2.78,45.28,4.29,51.99,39.81,0
70.16,4.03,1481.9,2.07,60.53,3.53,44.77,13.94,0
79.2,4.36,1485.19,2.43,44.74,3.92,46.09,23.69,0
58.18,3.84,1608.22,2.93,58.1,4.3,30.09,42.34,1
70.97,5.45,1271.04,3.09,69.2,4.09,47.02,27.44,0
69.77,4.44,1706.83,2.37,59.91,4.06,41.41,34.13,0
72.94,5.21,1377.27,1.8,57.27,3.74,49.15,16.03,0
74.39,5.22,1455.34,1.41,58.4,3.92,51.64,51.05,0
84.43,5.24,1280.39,2.24,54.3,4.12,41.11,22.94,0
71.0,4.87,1417.02,2.09,56.59,4.14,36.64,34.26,1
77.35,4.95,1567.09,1.65,67.81,3.85,45.64,25.01,0
59.08,5.49,1543.05,1.91,59.87,4.51,39.0,38.83,1
73.93,5.23,1444.06,2.31,73.81,3.27,38.54,28.37,0
66.24,6.03,1424.13,3.37,82.08,4.38,57.47,40.32,1
72.43,4.93,1322.73,2.8,48.49,3.82,37.9,30.21,0
68.63,5.16,1401.31,2.27,46.71,3.94,49.01,40.33,0
65.7,4.27,1112.99,2.99,84.59,4.32,38.5,40.66,1
59.19,5.62,1240.93,2.04,49.63,3.87,39.91,49.27,0
59.85,5.69,1314.85,2.35,52.73,4.34,38.54,46.07,1
69.41,5.79,1511.84,2.33,50.98,3.38,44.36,32.93,0
85.13,4.76,1621.06,2.82,53.76,3.87,49.89,28.87,0
72.09,5.77,1250.06,1.23,59.59,4.09,51.54,18.77,0
65.32,5.96,1608.74,2.59,62.3,3.98,52.44,19.64,1
69.01,5.26,1529.83,2.93,43.33,4.36,49.66,52.65,0
73.73,5.41,1319.53,1.37,56.13,4.27,47.56,32.32,0
68.36,5.28,1375.09,2.74,52.41,4.32,48.49,56.82,0
67.79,5.99,1514.78,2.41,44.04,3.9,51.64,37.08,0
63.7,5.57,1707.61,2.21,58.45,4.36,44.38,59.71,0
72.93,4.64,1616.0,3.05,64.18,3.85,52.72,18.46,0
71.69,5.68,1312.0,2.2,49.0,4.19,45.99,49.52,0
74.12,5.29,1393.28,2.04,39.61,3.64,52.3,15.37,0
85.64,5.52,1621.22,2.95,42.85,3.71,43.94,24.53,0
66.16,5.52,1383.6,3.92,69.55,4.2,46.38,27.62,0
63.35,5.33,1309.4,2.96,47.0,4.26,44.29,41.56,0
65.04,4.38,1366.04,1.69,36.59,4.24,44.22,17.34,0
68.61,5.07,1397.85,2.02,65.2,3.83,45.0,18.55,0
78.81,6.06,1558.99,3.01,61.51,4.08,53.85,22.12,1
70.53,6.6,1377.02,1.13,58.86,4.13,56.53,58.97,0
59.9,4.28,1456.34,2.62,58.76,3.86,44.64,12.47,0
64.35,5.56,1530.23,2.17,59.29,4.3,52.97,30.03,0
67.45,4.78,1857.1,2.91,59.38,4.01,48.91,23.03,0
79.47,5.88,1474.86,2.27,65.49,4.33,49.95,6.68,0
77.49,4.54,1082.7,3.54,30.63,4.45,54.28,37.75,0
64.47,4.85,1363.78,3.05,64.48,4.05,42.86,55.32,0
69.06,6.49,1205.59,3.14,67.7,4.04,46.66,10.76,0
71.32,4.82,1538.08,2.73,56.11,3.79,51.2,59.61,0
73.33,4.1,1642.62,0.9,66.78,4.16,49.75,35.97,1
67.47,4.91,1591.28,2.02,53.06,3.89,61.9,22.92,1
74.36,5.16,1325.25,1.92,47.87,4.31,52.84,7.08,0
68.88,5.06,1328.15,2.38,71.94,4.14,40.67,20.49,0
75.03,4.49,1556.09,1.34,42.58,3.98,43.81,22.63,0
67.22,5.37,1624.45,2.62,59.63,4.58,49.48,27.08,0
71.47,4.84,1451.9,1.81,58.7,3.37,55.38,47.14,0
71.18,4.92,1967.99,2.21,35.65,4.51,45.28,56.23,0
69.46,5.37,1363.17,1.9,56.76,4.15,62.33,29.45,0
72.83,5.51,1572.29,1.58,52.1,4.61,47.7,30.43,0
81.04,5.43,1185.59,2.21,44.65,4.1,54.94,64.73,1
69.19,5.5,1555.62,2.58,49.69,3.8,45.79,63.33,1
70.16,5.47,1556.91,2.1,53.04,3.87,52.61,82.59,1
65.37,4.68,1359.05,2.46,51.35,4.18,55.78,45.57,1
76.47,5.56,1563.89,2.12,45.06,3.62,48.65,43.07,1
71.49,4.48,1471.22,3.96,70.23,4.15,38.63,25.53,0
63.64,5.69,1367.93,3.04,54.17,4.29,51.53,25.76,0
85.03,5.94,1770.51,2.74,69.95,3.47,47.79,28.51,1
84.71,5.41,1249.6,1.99,60.15,4.35,56.1,46.24,0
82.03,4.26,1462.2,2.24,40.84,3.69,44.09,34.43,0
69.69,5.19,1259.79,3.03,52.35,4.29,47.27,41.89,0
70.49,5.24,1455.0,2.73,75.35,4.31,42.97,20.28,0
74.99,4.73,1659.83,2.53,59.39,4.51,52.67,21.43,0
71.99,5.1,1225.55,2.16,56.3,3.97,37.24,51.32,1
82.3,5.31,1636.58,2.06,49.2,3.95,50.9,23.26,1
68.65,4.48,1146.15,2.7,54.95,4.09,42.26,59.76,0
65.43,4.01,1324.25,4.18,50.56,4.0,44.16,27.6,0
67.79,5.18,1864.16,2.58,45.93,3.52,52.7,33.72,0
62.53,5.92,1505.17,2.07,53.83,3.54,46.65,37.05,1
72.91,4.26,1456.86,1.72,56.18,4.07,35.65,38.1,0
70.28,5.56,1514.16,1.88,58.35,4.25,48.75,17.99,0
66.14,5.23,1694.53,1.67,50.87,3.25,50.84,16.67,0
73.88,5.64,1578.33,2.7,71.1,4.09,37.07,18.91,0
75.64,4.3,1572.35,2.12,51.15,3.3,40.17,13.54,0
74.41,4.87,1468.87,2.4,43.16,4.03,39.14,22.68,0
67.03,6.23,1484.71,1.45,52.29,4.02,42.87,35.58,0
68.1,5.55,1399.71,3.54,49.96,3.59,41.13,27.68,0
66.27,6.07,1421.6,2.99,57.3,3.98,43.27,34.32,0
80.7,5.59,1295.02,2.66,63.22,4.54,56.38,50.29,0
58.77,3.97,1282.13,2.93,71.83,3.44,37.64,16.49,1
76.81,5.05,1439.37,2.34,52.47,4.66,50.62,43.58,0
74.58,4.08,1180.41,2.28,70.6,4.51,45.21,15.39,1
81.7,4.33,1568.32,2.79,68.83,4.2,45.84,22.65,0
65.23,4.49,1293.46,3.83,53.4,3.61,45.61,44.08,0
64.89,5.58,1581.16,2.24,57.85,4.43,43.9,53.2,1
81.12,4.61,1502.14,2.38,73.55,4.04,48.19,33.54,0
73.76,4.94,1562.43,2.46,58.17,3.7,46.44,29.2,0
74.24,4.09,1612.18,2.28,55.05,4.46,51.69,13.99,1
75.91,5.24,1305.15,2.52,56.06,3.24,49.73,22.24,1
70.77,5.47,1224.98,3.24,41.14,3.84,52.35,31.96,1
80.39,4.28,1357.21,2.43,49.93,4.0,55.34,25.63,0
89.41,4.85,1545.98,1.91,59.07,4.5,59.79,39.74,0
66.27,5.18,1763.3,1.83,59.64,4.2,52.51,56.31,0
68.91,5.32,1618.49,2.5,62.81,4.09,51.38,22.32,0
78.32,6.19,1582.75,1.34,58.03,4.0,42.36,39.03,0
77.42,4.77,1247.63,2.61,64.72,3.75,57.13,42.44,0
71.38,5.44,1512.25,2.88,50.91,4.15,59.44,45.32,0
78.6,4.51,1569.55,3.06,47.16,4.35,49.2,43.58,0
71.05,6.31,1684.98,1.12,42.54,3.47,49.63,35.93,0
73.0,5.5,1554.17,2.17,39.09,4.3,48.22,49.8,0
79.67,6.21,1375.88,1.84,50.61,3.77,45.19,68.58,0
72.86,5.37,1499.76,3.16,34.38,4.46,52.34,63.84,1
69.06,5.27,1114.04,3.27,35.74,3.73,39.82,36.34,0
68.12,3.72,1443.96,3.57,38.14,3.77,40.29,39.61,0
61.27,5.36,1403.38,2.65,51.48,3.63,57.79,12.53,0
81.29,5.78,1230.99,3.13,53.56,4.27,46.08,58.19,0
63.8,3.85,1319.74,2.26,53.73,3.86,63.44,26.65,0
74.58,6.26,1762.87,2.99,77.78,4.22,32.77,39.13,1
88.27,5.84,1457.16,2.59,48.93,4.26,43.56,32.0,1
76.69,4.55,1639.2,1.6,56.66,3.78,51.91,45.25,0
72.28,6.81,1340.65,2.52,54.48,3.84,45.53,17.38,0
72.2,5.4,1489.53,0.92,55.92,3.86,56.9,45.57,0
78.94,5.18,1253.38,2.54,60.63,3.91,46.32,27.39,0
62.42,5.44,1329.9,2.8,57.43,3.89,53.35,33.48,0
77.8,4.15,1441.48,3.63,35.13,3.94,49.56,32.48,0
77.38,5.89,1179.84,1.79,58.68,3.35,53.3,25.19,0
73.79,5.44,1079.18,2.62,44.87,3.94,49.44,37.39,1
66.64,4.81,1598.97,3.05,84.13,4.15,46.74,49.23,0
57.17,5.12,1425.41,3.61,55.15,3.46,42.21,39.27,0
71.94,5.75,1440.94,1.61,47.48,3.88,47.29,20.23,0
68.23,6.22,1927.46,2.59,52.24,3.66,50.85,31.46,1
81.26,6.37,1560.8,3.28,51.69,4.22,50.71,42.44,0
63.15,5.52,1126.4,2.62,53.29,3.39,46.11,8.22,0
77.19,6.18,1324.31,2.26,42.35,4.38,52.21,51.78,1
67.38,5.22,1415.77,3.0,64.97,4.31,50.14,56.67,1
73.98,4.08,1385.11,2.56,42.24,3.56,53.62,24.2,0
67.99,5.14,1265.94,3.03,50.72,4.03,41.22,46.0,0
64.4,4.57,1724.5,2.75,59.39,4.0,45.83,32.1,0
66.15,4.26,1625.2,2.31,37.6,3.36,42.46,27.92,1
76.32,6.25,1528.29,1.67,52.17,3.83,50.66,17.82,0
76.69,5.76,1607.21,3.55,61.56,4.81,62.16,40.03,0
65.45,5.88,1421.7,1.13,66.28,4.19,45.72,12.29,1
72.78,5.86,1348.86,2.4,57.64,4.07,43.77,25.08,1
76.21,5.55,1232.55,2.2,58.6,3.9,43.29,13.25,0
64.69,5.93,1347.34,1.95,57.5,3.9,43.73,37.75,0
74.69,4.7,1249.8,2.82,68.28,3.98,51.66,22.62,0
72.39,6.12,1893.01,1.51,64.31,3.72,41.6,39.2,0
69.56,4.78,1430.67,3.27,64.64,3.96,52.68,21.32,0
62.8,5.55,1503.5,1.83,63.92,3.59,52.13,40.15,0
72.3,5.45,1601.85,1.69,62.25,4.09,45.24,24.49,0
82.99,5.27,1554.1,1.91,53.76,3.58,42.55,38.3,0
72.5,5.45,1575.44,3.49,47.51,3.56,58.17,21.36,0
67.68,5.85,1526.88,1.91,52.0,3.77,50.92,4.91,0
77.13,5.6,1467.48,3.23,74.35,4.22,63.82,37.08,0
71.89,6.13,1543.73,3.18,63.19,3.98,52.86,36.47,0
78.47,4.9,1738.09,2.29,37.22,3.84,41.06,49.64,0
70.89,5.81,1546.26,2.72,56.02,4.11,39.02,45.47,0
73.35,4.52,1329.5,1.57,69.58,4.4,34.64,36.01,0
75.49,6.84,1706.85,1.26,72.2,4.25,52.73,30.79,1
66.0,4.97,1424.35,2.43,31.77,4.91,51.64,22.68,1
69.96,3.9,1400.6,3.42,48.12,4.18,37.61,45.79,1
70.71,4.97,1660.98,2.11,45.65,3.73,46.66,25.56,0
78.61,5.74,1336.99,2.52,51.03,3.92,50.37,23.18,1
78.51,4.98,1349.92,1.81,38.93,3.89,48.66,34.97,0
77.78,4.95,1448.71,1.89,52.15,3.75,41.38,14.58,0
74.22,5.11,1370.67,2.44,46.24,4.12,45.91,41.84,0
74.46,6.12,1348.45,2.42,57.56,4.06,50.08,55.75,0
73.19,5.42,1652.87,1.8,54.84,3.73,36.98,19.33,0
61.62,5.86,1675.86,2.67,49.65,3.98,45.54,22.67,0
72.79,6.04,1123.16,2.21,47.78,3.59,51.64,36.49,0
70.54,6.64,1350.99,1.75,59.49,4.07,52.69,2.56,0
67.56,4.72,1459.41,2.69,58.04,3.78,50.61,26.76,0
68.34,4.79,1397.36,2.91,33.68,4.6,39.46,48.44,0
78.23,5.38,1435.53,2.6,49.16,4.63,47.12,45.51,0
72.29,4.79,1786.71,3.12,46.91,4.09,48.5,52.69,1
77.38,5.58,1575.22,2.41,60.58,4.38,54.06,40.98,0
80.03,5.24,1899.94,2.85,66.92,4.42,47.19,8.23,0
84.86,5.13,1310.35,1.95,47.52,4.15,47.04,23.94,0
69.46,5.3,1675.44,3.19,61.57,4.06,49.29,62.69,1
78.47,4.89,1461.85,3.61,68.38,4.6,40.09,24.84,0
80.1,5.57,1503.78,2.44,55.61,4.14,49.76,34.12,0
74.12,5.04,1564.25,1.98,63.8,4.05,48.04,24.71,0
70.97,5.64,1368.66,2.94,50.94,3.85,34.66,36.09,0
74.69,4.13,1815.77,3.51,54.64,4.24,43.62,40.72,1
80.2,5.22,1439.01,3.71,55.13,3.93,55.61,26.22,0
83.72,3.86,1765.46,2.39,71.63,4.28,49.43,35.74,0
60.98,5.51,1646.19,2.18,47.84,3.52,47.38,35.78,0
71.08,5.47,1374.92,2.4,62.92,4.1,49.7,38.02,0
75.16,5.41,1532.42,1.39,58.54,4.09,47.07,51.93,0
75.88,6.37,1721.67,2.2,56.02,3.37,46.64,20.51,1
67.71,5.35,1443.0,2.48,48.35,3.77,60.97,36.17,0
69.19,4.73,1587.62,1.59,53.31,4.11,49.45,16.06,1
54.38,4.53,1314.3,1.5,64.13,3.13,42.17,19.99,0
79.11,4.92,1596.7,2.76,60.99,3.47,43.9,62.11,0
77.73,4.73,1549.05,1.85,35.91,3.84,54.75,23.24,0
77.13,5.01,1547.4,3.18,56.41,4.09,46.54,28.8,0
71.44,4.91,1249.67,2.73,57.89,4.43,48.65,13.95,1
71.2,5.41,1708.14,3.61,73.81,3.93,48.43,52.46,0
69.15,4.04,1441.52,2.16,62.93,3.83,42.49,17.5,0
71.34,5.01,1630.78,3.6,68.69,4.09,50.49,46.85,0
80.84,4.31,1308.09,2.59,44.76,3.83,48.96,8.58,0
72.69,4.35,1424.76,1.8,48.62,4.55,48.89,37.81,0
76.41,4.5,1462.26,2.41,47.7,4.01,50.72,21.79,0
70.62,3.87,1564.63,1.97,58.69,3.9,51.02,17.42,0
76.62,5.78,1373.29,1.83,50.71,3.58,55.66,31.39,1
76.81,4.93,1260.25,1.67,68.26,3.86,50.76,16.51,0
67.21,5.59,1824.1,2.99,50.46,3.79,56.81,10.8,1
72.26,5.49,1276.63,2.62,48.07,4.46,53.51,18.43,0
71.75,5.29,1440.07,3.72,44.71,4.17,48.98,24.65,0
72.87,4.42,1630.62,1.7,61.25,4.02,56.77,17.87,0
74.2,5.44,1433.53,2.21,49.05,3.8,54.39,31.04,0
70.96,7.01,1511.66,3.37,50.12,4.14,57.37,20.55,0
79.82,5.49,1392.91,2.06,52.29,3.5,55.24,37.7,0
65.35,4.97,1541.84,3.23,44.91,3.86,43.89,47.0,0
66.12,5.51,1723.65,2.82,61.29,4.02,45.04,33.62,1
69.59,5.61,1541.91,2.42,48.42,4.3,44.5,40.48,0
74.62,5.66,1443.74,2.48,48.33,3.88,61.41,25.54,1
80.38,5.05,1441.8,2.43,30.6,4.14,46.86,6.1,0
78.52,4.96,1499.71,1.63,46.4,3.79,57.02,55.49,0
76.31,4.06,1637.32,1.79,50.65,4.39,40.8,40.7,0
69.91,4.87,1629.37,2.27,54.21,3.85,46.48,24.33,0
82.78,5.59,1635.3,2.04,60.7,4.14,53.36,21.03,0
71.96,5.09,1788.91,0.77,43.57,3.9,46.63,25.86,1
78.57,5.83,1494.66,2.52,61.05,3.72,39.49,0.0,1
63.2,6.38,1316.19,1.05,70.2,3.65,49.68,6.68,0
74.67,4.54,1311.3,1.65,47.27,4.1,52.7,42.4,1
62.28,4.99,1164.48,2.2,52.74,3.69,44.32,30.89,0
68.26,6.89,1482.53,2.41,58.65,3.41,51.0,69.3,0
75.21,4.37,1604.43,1.53,46.62,3.95,41.49,62.17,0
72.64,5.57,1411.95,2.39,46.94,3.81,50.12,32.64,0
67.5,4.75,1452.23,2.04,54.68,3.45,49.78,26.85,0
73.62,6.22,1239.26,2.57,68.23,4.42,46.73,62.68,1
79.68,4.77,1535.33,4.1,62.22,4.6,51.69,25.23,0
74.89,5.45,1451.56,2.9,41.14,4.18,40.22,30.78,0
79.37,5.73,1510.49,3.79,45.44,3.69,54.76,34.67,0
59.63,4.35,1365.85,2.89,53.11,3.7,46.14,42.43,0
61.73,4.02,1440.42,2.64,42.87,4.41,40.59,11.64,1
73.16,4.72,1818.3,2.2,44.97,4.4,47.54,59.9,0
76.41,4.81,1480.66,1.68,61.72,3.55,35.88,44.02,0
67.85,5.27,1478.36,2.86,52.95,4.29,55.83,33.01,0
67.51,5.32,1507.09,2.7,37.52,3.81,57.35,28.87,1
71.71,4.64,1778.61,3.23,60.26,4.75,50.88,38.43,0
61.11,5.14,1542.77,2.49,60.5,3.49,36.66,33.02,0
70.75,4.44,1422.01,2.23,50.69,3.86,51.76,46.24,0
74.35,5.74,1560.26,4.21,48.43,3.82,44.02,29.41,0
62.35,5.67,1310.16,2.31,48.9,4.13,49.15,43.15,0
68.23,5.23,1519.02,2.1,36.24,3.46,58.59,52.96,0
57.56,5.03,1601.52,2.47,46.1,3.68,42.34,40.93,0
65.27,5.61,981.96,2.39,54.97,4.33,45.8,34.99,0
60.31,4.98,1652.4,2.27,53.41,4.49,51.72,35.03,0
73.15,5.0,1373.79,2.57,61.29,3.84,44.89,36.0,0
68.26,4.62,1473.23,0.68,60.68,3.99,51.61,62.95,0
70.89,6.17,1546.1,2.58,58.24,3.74,52.67,19.51,0
76.98,5.26,1251.36,1.18,36.31,4.19,52.44,58.84,0
85.58,5.92,1346.41,3.23,63.64,3.82,45.28,36.89,0
67.68,4.9,1091.52,2.9,33.43,4.05,32.78,15.74,0
70.57,5.71,1806.39,2.86,76.48,4.14,50.56,57.34,0
59.44,5.44,1402.11,1.74,62.5,3.67,41.17,47.02,1
77.45,4.36,1546.18,3.39,41.58,4.2,49.02,27.16,1
79.26,5.37,1603.11,2.35,63.31,3.87,44.98,53.83,0
87.46,3.46,1324.58,2.24,45.84,3.57,51.12,48.9,0
70.63,6.01,1156.29,3.16,53.3,3.97,62.6,18.64,0
85.05,4.59,1427.91,2.9,58.56,3.83,48.07,53.28,1
61.08,4.47,1693.5,2.76,66.66,3.78,59.17,6.77,0
68.37,5.58,1418.01,3.77,59.28,4.34,46.43,42.68,0
82.33,5.85,1298.73,2.54,59.5,4.76,50.75,26.93,0
61.33,5.24,1607.14,2.15,56.14,4.09,51.23,51.48,0
85.02,5.78,1023.06,3.31,67.55,4.16,50.03,44.67,1
59.86,5.78,1184.39,1.78,35.26,3.68,46.06,32.72,0
66.06,4.38,1357.74,2.28,63.98,3.47,46.38,59.19,0
83.2,6.32,1419.7,1.98,68.0,4.17,48.41,30.56,0
75.58,5.4,1348.1,2.08,54.81,4.46,59.92,60.45,0
79.43,3.43,1253.67,1.84,61.15,3.54,50.17,13.38,0
73.95,5.9,1527.36,3.09,61.68,4.57,53.16,25.5,0
69.64,5.63,1226.57,1.22,62.0,3.8,47.17,31.0,0
66.11,4.83,1293.94,1.98,63.04,4.58,42.53,9.5,0
64.47,4.79,1581.18,2.5,53.79,3.59,44.33,55.02,0
64.26,5.36,1585.95,1.68,43.82,3.41,50.18,28.01,1
70.14,4.48,1518.66,2.83,45.7,3.88,43.07,39.67,0
66.33,5.03,1431.56,4.07,60.71,3.61,46.59,35.16,0
77.44,5.53,1339.88,2.4,45.97,3.8,48.97,37.85,0
75.46,6.36,1519.3,2.02,55.87,3.87,44.53,6.69,0
80.26,3.82,1596.43,2.8,56.41,4.24,51.81,20.57,0
75.23,4.51,1785.28,2.12,39.18,3.34,44.76,42.5,0
66.34,5.32,1316.17,2.47,59.69,4.44,46.0,56.59,0
74.27,4.85,1328.62,1.65,44.67,3.46,43.42,12.49,1
89.22,5.33,1531.16,2.62,51.09,2.98,48.4,27.41,0
66.37,4.68,1354.08,2.32,60.89,3.96,49.34,33.43,0
68.61,4.75,1363.67,2.74,51.64,4.31,54.06,37.01,0
74.21,4.53,1647.72,3.21,57.56,4.18,48.24,40.93,0
69.32,5.34,1432.35,1.35,39.31,4.2,48.02,50.35,0
69.69,5.47,1405.95,1.91,68.98,3.73,33.51,18.28,0
73.6,5.73,1621.94,3.09,56.65,3.87,42.25,0.0,0
88.89,4.72,1546.59,2.99,57.69,3.66,52.46,35.1,0
65.95,4.47,1736.71,2.28,65.39,4.36,56.07,37.27,0
68.41,6.13,1272.24,2.6,56.88,4.03,60.54,36.25,0
76.19,5.79,1376.22,1.46,52.95,4.1,50.24,46.91,0
77.44,5.3,1371.7,1.75,58.26,4.61,50.87,47.15,0
74.31,5.35,1426.22,1.92,55.23,4.39,48.77,60.18,0
81.69,4.11,1379.76,0.62,50.15,4.12,48.37,33.29,0
66.05,5.94,1483.52,2.48,52.55,4.5,44.8,21.28,1
70.68,4.09,1688.45,2.58,59.43,4.07,38.65,37.97,0
65.82,4.7,1622.69,2.19,40.92,4.17,44.9,13.71,0
61.84,5.51,1288.16,2.94,62.71,4.17,41.83,27.05,0
78.24,3.8,1445.41,2.02,56.38,3.84,44.62,17.44,0
75.88,5.26,1632.49,1.21,59.38,3.29,46.63,54.5,0
72.15,5.33,1620.8,1.68,67.91,4.2,50.66,0.0,0
71.63,6.96,1504.34,2.0,38.74,3.72,44.61,6.89,0
69.03,4.95,1177.11,2.58,53.95,4.19,48.1,36.73,0
79.13,4.76,1374.91,2.09,50.21,3.28,37.13,60.55,0
75.88,4.74,1425.47,2.65,49.38,4.13,45.09,17.06,0
66.5,4.26,1663.32,1.94,56.7,4.11,56.87,17.94,0
75.0,4.46,1378.99,1.84,45.64,4.18,43.78,21.51,1
65.51,6.13,1254.59,2.99,40.85,4.54,49.65,16.76,0
78.97,4.6,1551.97,2.97,74.92,3.89,49.04,17.17,0
59.62,3.88,1376.51,2.34,50.09,4.1,45.04,53.67,1
59.29,4.15,1584.25,3.23,65.44,3.83,48.05,11.69,0
78.19,5.01,1282.14,1.85,50.19,4.09,52.35,35.55,0
84.71,5.12,1598.12,3.56,42.14,4.03,36.55,55.58,1
59.24,5.83,1798.25,3.52,57.1,4.05,49.21,53.62,1
78.35,4.72,1040.55,2.62,48.69,3.68,54.09,16.37,0
68.72,5.01,1505.89,1.54,70.86,4.66,44.19,51.67,1
82.27,4.79,1044.81,2.69,56.09,4.59,50.82,71.26,1
74.41,4.52,1126.39,2.35,60.34,4.2,51.02,48.03,0
65.77,5.26,1518.13,2.82,45.03,4.27,47.3,12.22,0
79.07,4.92,1277.94,3.1,50.77,3.97,57.61,25.52,0
78.88,4.42,1207.32,1.97,46.25,4.98,44.26,41.27,0
71.06,5.89,1261.58,2.03,52.68,4.09,50.77,27.25,1
75.33,4.21,1288.46,2.74,61.31,3.81,53.95,46.44,0
70.79,5.22,1247.27,1.45,48.08,4.08,46.83,36.06,0
71.14,4.69,1278.15,1.55,45.51,3.41,52.58,31.85,0
78.75,4.68,1261.7,3.34,59.34,4.35,45.12,52.55,0
79.31,4.22,1359.33,2.0,26.1,4.6,48.3,8.08,0
56.25,6.34,1493.58,2.12,44.96,3.95,46.2,45.85,1
61.68,6.16,1212.53,2.65,64.3,3.75,54.37,58.39,0
78.7,6.55,1347.06,2.01,49.46,3.91,40.95,44.85,0
71.9,4.75,1287.63,2.7,49.17,3.85,46.0,6.26,1
72.9,4.25,1334.62,1.64,50.85,4.35,43.62,30.89,0
73.98,5.92,1515.39,3.44,48.1,4.41,51.46,27.6,0
79.81,4.96,1237.17,2.96,62.29,3.86,42.36,19.74,0
80.48,5.37,1647.43,2.28,45.37,4.42,52.06,43.99,0
82.8,5.5,1184.33,2.05,55.97,3.51,57.84,30.68,0
86.11,4.93,1561.79,1.93,56.56,4.26,43.03,34.97,0
67.04,5.3,1566.21,2.18,59.51,3.45,50.1,20.98,0
79.12,4.28,1401.38,2.36,59.4,3.66,34.14,37.21,0
78.72,5.92,1729.3,2.35,40.52,4.02,49.6,57.34,0
64.04,5.93,1422.4,2.79,44.68,3.61,49.98,27.52,0
79.8,5.76,1560.28,2.08,69.87,4.18,49.95,46.66,0
74.56,6.36,1446.98,2.72,53.92,2.98,40.87,22.08,0
65.75,4.72,1618.79,1.81,61.93,4.31,40.21,18.29,0
76.6,5.48,1713.92,2.81,56.09,4.02,57.96,22.01,1
72.41,5.61,1512.6,1.76,57.42,3.86,42.11,52.2,1
74.89,5.81,1517.54,2.68,50.79,3.6,51.67,30.96,0
73.42,4.47,1091.79,1.97,56.85,3.59,46.16,49.59,0
76.32,5.34,1247.28,3.05,48.27,3.68,53.99,51.44,0
79.22,3.7,1165.62,2.93,41.71,4.22,55.31,22.99,0
73.07,4.54,1875.0,2.29,48.82,3.32,40.11,42.33,0
79.75,3.88,1940.87,1.43,54.04,3.48,46.97,38.74,0
74.72,5.54,1231.01,1.8,79.88,3.87,52.24,17.73,0
90.09,5.46,1469.64,2.45,49.74,4.08,50.28,48.55,0
84.78,5.86,1309.89,2.61,58.98,3.7,43.18,55.24,0
61.36,4.89,1229.64,2.64,54.06,4.23,57.47,9.23,0
66.61,5.43,1606.94,3.74,63.06,3.71,48.36,4.42,1
74.18,5.89,1765.0,2.62,59.85,4.06,46.07,48.66,1
82.09,5.99,1426.07,1.56,65.45,3.98,39.14,34.24,0
76.21,4.81,1312.59,2.35,66.57,3.68,53.73,30.34,1
82.04,5.84,1333.17,2.07,55.93,4.22,52.27,41.36,0
75.95,4.21,1415.04,2.24,63.25,3.72,44.65,25.66,1
75.67,5.35,1207.41,3.77,48.28,3.9,37.81,18.28,1
73.17,4.53,1463.5,1.94,51.37,4.02,53.75,47.29,0
76.42,6.02,1618.82,2.81,52.7,4.08,40.95,39.34,0
62.98,5.21,1587.95,2.05,48.36,4.34,44.28,51.07,0
68.87,4.52,1427.48,3.38,52.96,3.91,51.42,51.68,0
70.54,4.7,1645.25,2.19,54.17,4.61,49.77,33.82,0
74.63,6.36,1605.97,3.05,41.84,4.45,45.85,13.81,1
66.66,4.2,1654.92,2.54,57.24,3.95,46.94,27.05,0
72.15,5.38,1336.21,2.25,44.05,3.89,54.85,43.23,1
86.54,5.2,1369.87,3.24,42.38,4.23,54.83,58.81,1
82.67,5.54,1483.25,1.78,65.77,3.82,61.47,31.56,1
70.73,4.22,1448.28,2.97,51.47,3.87,36.68,24.1,0
78.77,5.24,1513.35,3.13,49.65,4.42,35.55,48.88,0
72.14,4.62,1328.61,2.07,33.47,3.9,54.28,56.88,0
74.38,4.83,1579.76,2.32,51.69,4.15,56.17,32.59,0
77.0,5.58,1448.93,2.8,58.59,3.34,44.1,41.33,0
75.68,4.08,1230.59,2.69,40.99,3.98,54.97,38.38,0
72.09,4.5,1589.55,3.04,71.96,3.56,56.97,43.5,0
67.44,5.08,1618.9,2.91,71.71,4.05,55.13,41.35,0
76.09,5.41,1629.52,3.14,68.23,4.14,43.31,50.62,0
71.54,5.05,1732.53,1.7,42.95,4.3,55.94,41.36,1
77.84,4.63,1495.96,2.67,59.55,3.55,69.06,49.81,0
63.94,5.7,1192.9,1.93,61.66,4.11,57.81,38.91,0
65.12,3.76,1499.4,2.15,47.7,4.06,59.47,21.15,0
67.87,5.21,1259.73,2.38,41.67,4.69,58.94,30.49,0
70.22,4.65,1482.01,2.41,36.03,4.16,45.24,46.0,0
70.12,5.32,1832.63,2.61,45.88,4.24,43.05,33.53,0
76.78,5.68,1584.46,1.77,57.92,4.17,31.73,54.42,0
69.13,4.8,1901.4,1.98,55.69,4.07,50.66,34.85,0
80.08,5.86,1458.89,2.68,70.4,3.65,35.93,0.0,0
71.99,5.28,1493.4,2.6,50.1,4.13,51.15,53.32,0
74.46,5.55,1475.17,2.55,55.7,4.46,47.84,40.32,0
69.17,5.42,1457.55,3.46,70.09,3.83,58.34,39.46,0
65.36,4.74,1489.17,3.46,62.06,4.06,47.96,17.62,0
61.32,5.79,1164.64,2.88,52.7,4.25,55.64,50.74,0
72.01,4.71,1562.58,2.49,49.92,3.93,56.5,50.99,0
64.77,4.67,1661.21,3.69,72.48,3.79,46.37,44.55,1
84.29,5.37,1250.45,2.61,63.14,4.28,35.7,0.0,1
71.99,5.93,1318.32,2.25,63.56,3.81,60.54,10.2,0
72.36,5.71,1471.7,3.39,58.43,4.34,36.37,38.04,0
76.08,4.5,1128.34,3.09,57.89,4.48,44.39,49.23,0
81.17,5.65,1144.45,2.98,75.93,4.16,55.83,36.39,1
88.83,4.39,1229.34,2.17,58.04,3.86,44.15,32.6,0
65.16,4.95,1232.58,2.49,60.17,3.58,45.74,23.15,1
77.38,6.02,1290.37,1.78,38.07,4.45,44.72,54.82,0
73.21,5.62,902.66,1.99,46.88,4.42,38.59,58.41,0
62.61,5.61,1457.03,2.55,56.1,4.55,49.4,26.11,0
64.51,6.06,1557.68,1.09,54.06,4.49,56.22,49.69,0
71.76,5.36,1207.85,2.19,56.23,4.07,53.3,41.96,0
77.86,5.81,1631.23,2.35,57.8,4.03,45.03,51.97,0
69.98,5.96,1448.55,2.38,70.35,4.53,54.06,24.24,0
72.03,5.56,1460.86,1.52,72.83,3.82,42.12,31.13,0
72.64,4.5,1497.14,2.37,42.85,4.86,51.54,50.6,0
70.48,5.24,1611.99,1.92,63.88,3.9,46.53,46.15,0
70.01,4.45,1619.43,1.79,56.83,4.59,39.95,34.99,0
71.96,6.26,1100.2,1.47,66.03,4.19,34.73,16.19,0
76.96,4.41,1430.01,1.17,48.57,4.33,39.04,39.13,0
71.63,6.48,1320.79,1.71,43.68,3.93,55.87,22.54,0
60.03,4.81,1376.84,1.55,38.33,4.44,36.63,40.93,1
71.78,5.51,1618.12,2.02,60.35,3.79,51.39,31.17,0
67.37,5.64,1328.36,2.05,67.61,4.11,50.14,18.26,0
75.6,5.09,1402.59,2.17,63.11,4.04,56.81,43.57,0
72.52,5.58,1513.87,2.85,56.51,4.01,47.49,54.3,0
62.7,6.02,1557.5,2.92,65.54,4.1,52.32,56.3,0
75.01,5.59,1175.63,1.63,53.45,3.9,48.74,50.73,1
85.37,4.92,1124.91,2.09,55.93,4.42,51.27,23.14,0
76.57,3.66,1702.43,1.49,69.42,4.04,45.78,21.34,1
76.09,4.21,1435.36,2.09,62.89,4.04,45.13,38.01,0
66.19,6.62,1722.35,1.94,62.41,4.28,51.88,61.99,0
84.48,6.08,1521.25,2.37,56.04,3.83,57.77,52.44,0
74.04,4.94,1601.67,2.92,64.25,4.12,54.69,59.53,0
71.2,5.71,1411.23,1.2,63.01,3.76,45.62,23.65,0
85.76,6.59,1255.66,3.45,56.78,3.34,57.89,38.58,1
73.08,4.76,1585.87,2.25,41.67,3.78,35.18,15.87,0
69.76,5.33,1545.07,2.74,60.95,4.03,43.25,39.33,0
73.68,5.1,1251.28,2.27,48.69,4.05,51.44,9.89,0
71.07,5.63,1768.45,1.95,60.3,4.26,52.3,37.71,0
81.39,4.65,1591.8,4.45,71.3,4.24,53.86,37.49,0
61.41,5.47,1523.28,2.36,46.88,3.77,56.04,20.06,0
76.31,5.4,1383.24,2.25,68.24,3.32,47.45,26.9,0
84.06,5.05,1353.08,1.9,58.44,3.73,60.05,47.86,0
76.89,3.71,1400.97,2.59,55.33,3.8,45.25,37.17,0
67.07,5.5,1582.32,3.35,61.09,3.25,34.54,31.71,0
61.69,4.23,1556.15,2.72,43.63,4.64,51.12,36.82,0
59.52,4.7,1532.68,1.77,60.61,3.74,37.37,13.74,0
67.43,4.21,1468.21,1.28,64.04,4.26,49.69,47.35,1
78.95,5.24,1770.37,2.17,70.03,3.77,53.98,33.96,1
72.53,5.94,1307.94,1.93,62.32,4.31,48.93,27.19,0
76.39,5.8,1637.13,2.4,46.05,4.52,48.69,48.81,0
65.58,4.83,1597.22,3.24,43.8,4.11,37.75,50.43,0
64.02,4.78,1530.2,1.12,44.03,3.53,47.94,37.21,1
70.97,5.44,1116.55,2.99,39.15,3.84,48.84,46.55,0
73.8,6.3,1619.52,2.53,55.94,4.26,49.22,24.7,0
77.2,6.18,1421.06,2.74,82.42,4.04,40.23,48.75,0
71.1,5.14,1195.43,2.47,52.82,4.13,42.67,35.47,0
89.09,5.22,1722.34,1.8,63.75,3.96,51.65,61.29,0
76.69,6.29,1493.62,2.04,61.89,3.24,41.95,19.95,1
63.68,3.63,1866.09,1.61,65.03,3.77,60.04,49.56,0
70.95,6.07,1133.03,3.29,55.65,3.67,41.04,31.53,0
77.71,4.61,1576.41,2.16,58.56,4.27,45.8,54.17,0
83.76,5.2,1766.5,2.9,64.38,4.25,49.85,45.15,0
66.15,4.5,1425.29,2.71,55.48,4.0,43.12,21.4,0
54.02,5.78,1773.87,1.03,50.7,3.94,46.45,37.91,0
83.32,4.81,1466.63,1.71,54.45,3.92,51.76,19.54,0
72.67,5.34,1453.42,2.96,57.48,3.72,43.8,10.42,0
63.62,4.97,1484.72,2.25,43.73,3.91,39.86,24.95,0
68.62,5.41,1526.15,2.37,76.21,3.51,50.86,49.52,0
80.38,6.62,1343.05,2.22,56.26,3.66,32.67,55.29,0
78.12,5.91,1384.9,2.78,68.86,4.42,47.88,43.87,0
66.09,5.23,1239.3,2.62,37.75,3.13,53.68,48.02,0
83.2,5.31,1625.24,3.15,63.68,4.45,56.13,35.5,0
71.71,5.03,1294.49,1.09,45.62,3.79,54.23,19.41,0
53.04,5.74,1219.85,3.39,90.0,3.62,46.91,36.83,0
66.34,5.56,1592.74,2.3,40.06,3.51,50.23,44.34,0
81.36,4.88,1686.1,2.67,31.45,4.6,50.59,27.63,0
76.66,4.98,1507.09,1.81,76.2,4.0,52.43,52.23,0
58.23,5.29,1264.39,2.48,44.62,3.68,49.48,34.9,0
67.05,6.02,1185.76,2.23,53.71,4.41,42.34,18.67,0
75.47,5.78,1205.22,2.05,47.6,4.05,51.22,48.51,0
73.74,4.48,1419.47,2.35,49.01,3.97,60.33,27.73,0
64.09,5.6,1224.39,2.0,50.95,4.22,50.75,38.57,0
70.71,5.23,1154.85,2.31,56.24,4.07,55.41,65.85,0
79.73,5.42,1297.49,2.05,30.25,3.67,48.85,38.01,0
76.78,5.28,1257.32,3.13,57.58,4.21,45.11,44.7,0
66.08,4.98,1427.87,2.43,50.53,4.27,38.3,14.06,0
73.25,4.36,1557.33,1.84,61.44,4.34,48.8,42.43,0
73.19,5.48,1495.58,2.08,55.25,4.07,41.09,32.11,0
69.69,5.82,1956.06,1.52,36.44,3.67,48.36,43.02,0
61.57,4.98,1689.67,2.86,50.43,3.77,55.24,35.86,0
68.21,4.5,1248.79,2.35,61.87,3.55,57.34,14.09,1
71.31,5.36,1445.48,2.81,63.93,4.0,49.15,25.26,0
69.88,5.44,1537.48,1.12,77.65,3.6,42.77,4.47,0
79.06,5.2,1264.53,3.43,41.03,4.21,50.73,1.19,0
81.5,5.07,1574.07,2.11,49.39,3.54,52.1,50.32,0
68.02,4.06,1235.2,3.55,56.56,3.3,51.29,1.63,0
73.12,6.09,1675.52,2.6,54.84,3.5,50.15,62.2,0
87.13,5.38,1473.21,2.17,36.23,3.96,47.2,40.78,0
50.43,5.99,1493.0,1.45,55.3,4.21,44.37,70.6,0
53.38,4.73,1478.47,2.31,39.57,3.56,43.01,56.12,0
59.53,5.9,1560.47,2.32,66.54,4.17,54.0,49.96,0
84.99,4.44,1460.87,2.77,52.16,4.14,52.57,27.41,0
58.53,5.74,1521.02,3.58,45.9,3.87,51.84,36.38,0
68.97,4.67,1536.66,2.55,54.83,3.71,38.47,23.94,0
66.39,4.79,1488.63,3.17,43.6,4.2,36.34,18.91,0
70.24,4.57,1670.48,3.97,67.11,4.48,44.53,41.8,0
78.01,4.29,1171.76,2.06,39.36,3.88,43.21,42.33,0
85.63,5.43,1057.16,2.55,56.83,4.3,50.12,49.03,0
79.88,4.91,1686.56,2.22,65.88,4.01,44.76,24.23,0
89.62,5.07,1512.27,3.72,70.98,3.69,46.14,59.56,0
72.3,5.52,1592.12,1.58,49.76,4.32,57.62,21.1,0
71.43,5.06,1623.17,2.43,53.06,4.11,45.87,67.99,0
85.95,3.93,1105.36,3.03,42.25,4.79,48.81,17.39,1
66.19,6.25,1801.39,3.14,54.3,4.34,38.75,35.54,0
77.0,6.03,1340.79,2.85,60.62,4.13,47.91,29.01,0
73.2,5.22,1414.2,1.67,63.91,4.32,39.86,14.28,0
73.44,6.51,1672.24,1.95,72.19,3.76,46.55,30.12,0
77.99,5.27,1488.15,3.05,58.12,3.75,44.79,19.54,0
70.41,5.64,1571.56,3.07,40.08,4.02,51.9,31.53,0
81.13,5.87,1572.63,2.08,60.07,3.75,53.59,34.54,0
77.74,4.46,1309.55,2.21,60.51,4.4,45.07,41.96,0
70.93,5.07,1506.41,1.71,41.94,3.87,40.46,39.91,0
61.71,4.78,1581.83,2.88,40.68,4.05,40.22,56.32,0
86.18,6.03,1344.48,2.18,61.84,4.3,45.0,16.91,0
67.37,5.64,1198.94,1.4,51.93,3.6,30.0,28.11,0
65.06,3.83,1967.05,2.73,53.74,4.29,56.99,30.93,0
74.69,6.17,1240.58,1.94,33.42,4.55,45.34,40.09,1
71.32,6.23,1474.38,2.04,24.91,4.08,51.55,22.16,0
69.44,4.6,1463.9,3.27,41.78,3.68,41.54,37.96,1
76.21,5.0,1378.49,2.41,61.82,4.42,38.78,31.53,0
69.83,4.72,1281.45,1.68,42.07,4.48,46.49,31.28,1
78.7,4.98,1175.16,1.9,55.54,4.38,37.5,21.15,0
77.66,4.42,1380.5,2.17,44.38,4.37,36.52,55.48,0
59.11,4.78,1457.52,2.94,71.78,4.01,41.53,51.45,0
74.19,4.76,1465.47,2.72,77.35,4.48,53.14,26.07,0
69.72,4.98,1314.82,2.07,20.09,4.5,48.88,50.62,0
59.16,5.96,1463.55,2.19,50.14,3.78,44.42,41.18,0
70.53,5.15,1536.26,2.81,71.39,4.06,42.24,64.45,0
63.27,4.93,1545.43,2.22,45.02,4.97,46.68,52.02,1
81.12,5.86,1256.5,2.23,47.23,4.01,36.3,18.05,0
70.34,5.12,1386.95,3.58,42.51,3.86,50.32,40.45,1
72.63,5.36,1320.86,2.62,43.53,3.63,47.91,61.92,0
68.8,6.01,1516.53,2.84,51.88,3.85,51.68,13.79,0
69.45,5.45,1606.93,2.47,46.34,3.31,40.9,48.63,0
63.21,5.98,1441.51,3.83,45.99,4.05,60.26,24.8,0
86.28,5.82,1597.39,2.28,56.24,4.18,45.68,51.27,0
73.99,4.13,1475.26,3.22,57.17,4.71,48.39,62.15,1
77.42,4.81,1364.31,1.98,70.94,3.92,57.59,76.71,0
73.72,5.11,1546.5,2.19,59.32,4.05,40.56,40.62,0
72.92,4.65,1579.49,2.93,62.87,3.96,47.66,19.45,0
72.69,5.65,1627.51,2.79,52.87,3.63,60.61,42.66,0
71.58,6.26,1601.02,1.93,55.94,3.7,52.25,36.42,0
72.04,5.49,1331.83,1.72,44.44,3.38,52.0,31.35,0
66.15,4.49,1396.96,3.0,47.13,4.24,53.3,35.6,0
78.83,3.9,1515.94,2.5,38.67,4.39,53.25,58.71,0
83.17,4.87,1238.74,1.96,41.05,4.19,44.85,37.84,0
72.58,4.84,1302.2,2.13,47.39,4.04,50.58,36.15,0
75.65,5.79,1299.46,1.86,46.45,4.43,60.85,38.74,1
67.55,5.44,1753.39,1.7,48.66,3.68,47.75,50.54,1
80.82,4.74,1426.67,3.24,44.9,4.29,49.98,37.11,0
58.32,4.81,1689.28,1.86,51.31,4.15,47.15,4.54,0
72.11,6.45,1398.58,1.88,80.05,4.08,51.3,25.73,0
69.31,4.66,1347.98,2.26,58.75,4.4,39.89,41.43,0
66.01,5.2,1518.68,2.33,59.41,4.01,54.66,34.02,0
77.52,5.23,1514.93,1.69,61.97,4.08,53.17,49.15,0
63.99,4.68,1554.73,2.71,56.79,4.43,56.96,22.33,0
65.53,5.85,1314.88,2.72,50.1,3.83,41.41,41.1,0
69.2,5.36,1462.53,3.75,69.08,4.26,53.13,24.27,0
74.3,4.7,1589.33,2.81,59.47,4.72,49.25,41.22,0
72.9,6.86,1217.28,1.83,45.3,3.98,47.59,58.36,0
57.49,6.08,1715.98,3.15,57.35,4.13,41.64,4.51,1
81.61,5.86,1146.37,2.15,54.69,4.31,54.93,23.48,0
66.77,5.42,1480.28,3.03,81.8,3.8,45.81,0.0,0
79.15,5.48,1479.07,1.57,37.08,4.39,50.44,19.02,1
65.6,4.25,1364.58,1.36,58.9,4.23,44.79,45.63,0
82.1,4.77,1572.29,2.07,64.26,3.68,55.66,3.7,0
71.23,4.49,1781.15,2.95,39.03,4.42,63.32,26.25,0
80.59,5.19,1484.77,2.03,53.07,3.85,53.3,55.16,0
71.42,5.05,1344.51,3.02,55.08,3.87,39.47,37.37,0
72.02,4.82,1548.27,3.1,48.02,3.61,47.5,47.06,0
70.89,5.49,1541.2,3.49,64.86,4.01,50.51,38.2,0
59.15,4.66,1368.1,2.23,53.87,3.82,40.17,49.5,0
79.15,5.42,1426.35,2.77,63.83,3.62,46.43,33.28,0
72.43,5.23,1463.92,4.54,52.42,3.64,48.87,44.83,0
66.97,6.76,1254.72,2.43,48.82,3.81,41.93,39.12,0
73.8,5.01,1195.49,1.68,61.5,3.93,53.47,18.97,1
65.62,6.13,1341.91,2.31,46.04,3.87,46.49,26.98,0
72.09,5.09,1612.22,2.12,68.9,4.59,46.9,27.35,1
69.06,4.13,1865.41,2.09,49.93,4.21,48.65,28.34,0
75.5,4.2,1540.29,2.44,42.45,4.58,43.36,62.87,1
68.25,5.93,1576.34,2.7,58.96,3.77,39.41,32.26,0
69.01,5.2,1518.14,2.57,37.33,4.22,48.17,9.77,0
64.24,5.79,1527.11,2.04,45.65,4.0,48.71,50.99,0
74.11,4.41,1290.38,0.5,56.18,3.45,39.53,15.4,1
76.45,4.44,1180.83,2.87,62.28,4.12,46.87,44.45,0
67.56,5.47,1599.38,2.37,53.07,4.16,49.81,30.86,0
75.17,4.33,1400.77,2.14,69.22,4.59,54.42,24.34,0
67.19,5.45,1633.0,2.86,55.6,4.41,57.69,34.24,0
64.61,4.72,1396.7,2.09,61.95,3.54,57.14,35.17,0
65.3,4.29,1370.53,3.29,63.33,3.98,41.61,21.76,0
72.09,4.74,1429.74,2.16,50.75,3.76,46.66,47.29,0
63.15,4.51,1268.54,2.31,57.7,4.31,47.3,38.92,0
80.63,5.07,1296.3,2.15,54.63,3.61,58.57,39.0,0
65.31,5.28,1565.07,2.25,56.56,3.63,45.88,34.18,0
67.56,5.37,1183.76,1.85,64.37,3.98,42.34,8.16,0
71.47,4.88,1728.96,2.65,37.15,4.12,42.66,46.49,1
75.63,5.68,1572.13,2.58,55.13,4.66,46.4,38.06,1
71.6,4.63,1263.75,1.38,56.35,4.21,54.59,16.1,0
71.44,5.81,1406.15,2.34,49.82,4.28,44.25,5.64,0
70.67,5.16,1420.81,2.93,60.76,4.01,59.31,52.86,0
62.89,5.57,1791.49,2.99,48.04,3.74,58.31,33.64,0
68.19,5.41,1380.09,2.21,56.97,3.89,45.46,2.85,1
76.47,5.18,1879.93,3.76,55.42,4.02,40.9,35.5,0
67.18,5.46,1422.48,1.98,52.46,4.37,57.02,36.49,0
73.72,5.04,1601.66,2.64,67.58,3.93,45.75,32.73,0
74.27,3.87,1257.77,2.76,79.63,4.02,41.64,21.6,1
77.58,5.05,1377.63,1.91,65.6,3.68,52.01,58.77,0
68.04,3.35,1289.01,2.64,65.12,3.59,44.63,41.55,0
74.2,5.78,1508.22,2.67,60.34,4.15,53.83,31.63,0
66.68,6.39,1437.68,2.43,56.16,4.22,39.73,24.08,0
76.95,4.99,1377.18,2.05,64.97,3.93,55.81,54.42,0
72.58,6.6,1534.39,2.5,55.4,3.57,49.1,39.89,0
56.96,5.21,1552.78,3.04,56.95,4.45,40.31,44.98,1
64.1,5.28,1314.0,2.65,60.1,4.52,53.16,50.41,0
61.38,4.5,1500.61,2.32,49.12,3.17,53.23,18.77,0
63.39,4.82,1738.68,2.61,54.9,4.42,49.49,66.02,0
67.56,5.31,1429.08,1.5,52.97,3.95,47.27,29.89,0
76.17,4.85,1377.16,2.76,65.49,4.44,43.61,35.46,0
67.18,5.36,1331.87,1.32,66.16,3.81,46.34,31.14,0
77.22,4.95,1329.58,1.69,44.15,4.28,50.41,34.13,0
60.1,5.71,1310.18,2.52,71.55,3.78,45.91,16.01,0
65.0,5.08,1680.33,2.35,49.02,3.69,44.6,15.43,0
65.49,3.94,1811.73,2.58,20.0,3.81,53.79,49.21,0
66.68,5.94,1564.86,2.27,70.71,4.21,40.92,35.9,0
73.33,5.09,1211.33,2.45,65.04,4.16,55.38,38.21,0
74.71,4.97,1268.78,2.6,56.06,4.03,43.72,34.98,0
64.24,5.26,1655.76,2.32,58.6,3.77,56.89,31.5,0
76.27,6.35,1581.24,2.06,72.2,4.28,54.18,36.27,0
75.61,4.82,1454.03,1.55,29.6,3.76,56.94,23.19,0
67.54,6.03,1415.51,1.95,48.03,4.25,56.44,24.66,1
73.31,4.79,1503.26,3.31,48.7,4.13,58.37,42.43,0
70.84,4.39,1557.48,3.02,57.42,3.44,45.89,13.72,0
68.03,5.21,1684.31,2.29,55.52,3.94,59.16,52.82,0
88.4,5.97,1251.45,3.73,41.47,3.69,38.8,32.27,1
79.88,4.1,1447.48,2.72,64.19,4.74,56.38,25.23,0
71.69,3.51,1295.68,3.06,62.31,3.6,47.19,27.01,0
70.02,4.32,1410.64,1.97,48.42,4.07,41.04,35.53,0
73.87,5.31,1115.43,2.66,68.9,4.0,52.96,37.38,0
81.64,4.35,1255.74,3.23,56.64,3.47,44.23,19.39,1
75.01,6.06,1552.34,1.25,61.75,4.46,56.21,29.2,1
80.8,5.47,1299.46,1.7,65.82,4.46,30.0,53.02,0
71.03,5.66,1365.58,3.39,59.66,4.25,54.03,0.0,0
63.45,5.12,1499.93,2.91,66.67,3.45,49.99,45.29,0
84.13,4.6,1448.07,3.2,58.82,4.65,49.65,29.34,0
79.0,4.93,1353.7,2.83,54.1,4.27,56.6,34.65,0
63.04,5.99,1560.48,2.27,60.26,3.97,52.56,38.15,0
72.49,4.97,1630.11,2.13,36.07,4.04,52.87,15.81,0
72.65,4.99,1703.87,2.63,31.88,4.17,47.85,50.88,0
67.92,5.71,1275.09,2.52,34.42,4.2,47.86,42.36,0
75.27,4.7,1680.43,3.07,41.84,3.97,43.13,46.48,1
74.57,4.4,1386.04,2.39,51.86,3.6,39.79,51.96,0
65.09,5.17,1505.16,3.38,62.3,4.15,46.97,7.9,0
63.79,4.81,1321.31,2.09,44.42,4.04,48.51,21.21,1
67.43,5.04,1420.69,1.83,49.6,4.47,44.48,17.7,0
69.1,5.39,1693.92,2.37,59.67,4.43,43.44,31.14,1
47.17,4.15,1538.23,1.9,40.59,4.12,47.22,20.63,0
71.01,5.48,1373.72,1.86,61.39,4.18,48.7,30.93,0
72.45,5.29,1393.83,1.87,53.01,3.9,42.98,32.58,1
65.34,5.56,1649.49,1.16,56.88,4.33,35.93,25.92,0
61.34,5.16,1250.75,2.77,40.9,3.55,42.24,22.62,0
77.24,4.64,1292.39,1.16,56.7,4.13,44.21,61.14,0
75.06,5.04,1649.64,1.43,40.09,4.06,53.96,45.35,0
64.96,5.28,1390.17,3.52,65.46,4.16,48.71,70.38,0
79.9,4.64,1532.06,2.77,60.36,4.04,48.12,30.67,0
69.85,5.89,1367.4,2.74,49.82,4.54,52.09,28.44,0
67.48,5.63,1684.0,2.56,51.13,4.68,57.53,31.25,1
71.36,5.14,1524.75,1.98,60.74,3.61,48.08,30.9,0
84.4,4.38,1378.54,2.1,50.22,4.68,58.64,36.4,0
69.4,6.24,1499.54,1.73,51.78,4.32,39.71,0.0,0
62.08,6.36,1476.39,2.26,65.42,4.22,45.7,51.35,0
53.88,4.21,1283.43,3.4,54.9,4.68,53.56,44.56,0
83.01,5.89,1045.21,2.14,45.49,4.04,35.72,41.0,1
75.5,5.58,1387.98,2.05,44.25,3.77,50.82,17.32,0
61.65,4.86,1464.24,2.13,66.2,4.09,58.81,28.45,0
68.81,5.36,1234.49,1.65,67.16,4.21,40.66,33.7,0
78.51,5.61,1505.46,3.84,34.12,4.07,60.57,44.07,1
76.83,5.83,1419.28,2.44,47.78,4.21,41.45,42.24,0
82.41,5.34,1379.64,3.03,42.58,3.97,41.9,48.96,0
62.37,4.6,1321.54,2.56,48.3,3.87,40.42,54.17,0
70.78,4.66,1702.84,3.31,64.72,3.91,38.61,52.7,0
72.03,5.42,1447.09,1.94,44.4,3.57,41.96,18.5,0
70.6,5.02,952.35,1.01,52.17,4.25,46.66,34.22,0
73.24,5.2,1315.84,3.41,55.27,3.55,50.41,21.02,0
79.2,4.47,1306.71,2.99,71.18,4.1,47.82,33.58,0
69.17,5.34,1449.76,2.97,56.41,3.78,41.27,36.93,0
51.87,4.54,1447.46,2.41,46.99,4.24,44.38,15.49,0
71.14,3.81,1255.03,2.3,32.02,4.23,47.97,36.68,0
71.89,5.56,1436.5,2.88,46.11,4.6,50.24,49.69,1
73.33,5.27,1465.17,2.38,58.23,3.95,57.45,45.31,0
61.16,6.22,1764.3,2.45,45.1,3.62,42.31,32.45,1
58.85,6.11,1269.56,1.86,60.47,3.94,52.45,37.08,0
82.33,6.15,1538.76,1.35,49.46,4.08,49.17,46.24,0
80.43,4.62,1340.51,2.12,65.36,3.76,51.44,49.4,0
74.6,4.55,1261.22,1.3,68.36,4.17,56.79,23.32,0
77.32,5.36,1335.94,3.14,62.68,4.54,51.55,34.86,0
69.57,5.28,1447.89,2.51,60.95,3.93,46.91,23.74,0
71.78,4.59,1357.31,2.06,56.21,3.4,40.32,20.95,0
72.67,4.64,1809.88,1.47,51.39,3.67,41.67,29.29,0
78.22,4.92,1429.84,2.5,59.68,3.8,54.34,48.38,1
73.49,6.79,1721.01,3.49,58.03,4.22,58.77,22.42,0
62.22,4.78,1353.5,1.64,64.84,3.5,44.74,35.52,0
69.76,6.12,1811.07,1.27,49.71,3.33,49.04,26.39,1
66.08,4.81,1581.34,2.36,57.92,4.37,47.24,23.29,0
67.98,5.39,1320.55,2.42,60.33,3.81,52.27,44.06,0
74.61,5.16,1436.29,1.13,56.02,4.14,49.1,0.49,0
78.72,5.46,1305.12,3.1,49.46,3.6,42.52,51.2,1
59.39,5.46,1558.42,3.81,51.33,3.77,61.14,26.45,1
79.9,5.2,1689.09,2.17,56.54,4.2,35.96,53.89,0
65.73,5.93,1175.92,3.23,48.12,4.1,50.7,39.63,0
78.79,5.23,1431.84,2.41,59.06,4.23,42.1,36.97,0
67.64,4.77,1634.63,2.72,63.95,3.69,63.28,49.59,0
77.41,5.21,1358.79,2.24,63.55,4.58,44.48,27.67,0
88.93,5.43,1333.43,2.73,46.9,4.38,55.76,17.98,0
73.84,5.48,1400.48,2.96,53.34,3.96,51.01,11.82,0
67.4,6.31,1288.23,2.06,37.46,4.07,44.57,47.52,0
68.01,4.72,1476.38,1.61,68.64,3.68,53.73,45.77,0
82.38,4.93,1526.96,2.52,48.48,3.32,43.38,35.92,0
68.27,5.19,1503.84,2.88,60.27,4.38,54.18,7.03,0
77.01,6.47,1425.1,3.21,48.3,3.84,54.09,42.09,0
67.32,4.04,1258.92,2.57,64.21,3.4,54.85,34.98,0
68.72,4.8,1689.83,1.54,59.48,4.58,53.03,26.79,0
62.01,6.08,1213.75,2.55,49.26,4.57,47.5,43.93,0
62.08,4.89,1539.96,2.36,49.54,4.45,41.98,61.71,0
75.65,4.89,1555.51,1.95,59.64,4.27,50.0,26.29,0
85.24,5.82,1398.69,1.42,43.65,4.18,51.92,40.11,0
71.33,6.05,1713.46,2.07,46.91,4.63,48.32,25.63,0
75.68,6.0,1532.46,2.3,45.75,4.63,58.21,25.49,0
67.5,5.65,1267.11,3.17,46.89,4.27,49.71,58.25,0
74.76,4.91,1228.41,2.12,68.36,3.5,43.53,31.98,0
80.82,5.01,1508.11,3.13,49.63,3.82,52.69,16.17,0
63.52,5.88,1596.48,1.33,69.08,4.02,48.08,38.45,0
76.53,4.99,1605.35,1.86,55.0,3.56,56.46,67.57,1
73.18,4.43,1496.43,2.04,45.22,4.11,57.19,38.26,0
51.75,6.26,1303.84,2.3,45.79,4.41,47.89,52.12,0
59.06,6.28,1744.56,3.14,63.62,4.25,43.43,30.14,0
79.13,4.94,1747.1,1.9,45.86,3.71,50.67,12.52,0
68.18,6.89,1731.04,2.77,61.18,4.17,48.07,30.33,1
78.42,5.57,1405.77,3.52,53.57,3.51,46.61,27.14,0
73.64,3.88,1825.95,3.06,54.19,4.01,50.65,42.44,1
80.62,5.64,1693.45,2.16,57.01,4.11,48.66,52.8,1
70.81,3.78,1537.52,2.77,71.86,4.1,52.33,39.9,0
67.75,5.55,1466.96,1.95,78.17,3.55,45.82,32.07,0
75.98,5.31,1613.33,3.31,48.75,3.96,48.94,22.31,0
72.99,5.97,1455.13,2.12,53.57,3.5,47.47,49.0,0
72.91,5.5,1941.18,2.43,53.4,3.84,44.54,38.75,0
67.32,4.74,1510.42,1.66,42.55,3.78,45.41,7.14,0
74.63,4.97,1530.63,2.69,54.28,4.46,40.21,29.15,0
82.26,6.26,1286.6,2.6,48.96,3.67,35.47,42.37,1
72.76,5.02,1331.19,2.3,68.65,4.38,52.77,36.36,0
70.21,4.55,1678.89,2.21,47.92,4.0,45.68,15.32,0
74.56,4.63,1394.16,2.84,56.89,4.81,49.72,48.65,0
59.58,4.7,1307.22,2.98,44.19,3.43,47.45,24.89,1
66.65,5.35,1571.69,2.27,40.75,3.97,43.96,53.87,0
78.29,5.37,1186.57,3.56,49.18,3.98,45.0,46.93,1
79.09,4.14,1332.53,3.26,67.56,4.5,53.96,25.84,1
57.72,5.53,1403.11,3.28,49.83,4.18,48.47,72.79,0
72.01,5.44,1067.77,2.51,37.62,4.23,49.86,31.97,0
86.68,5.23,1402.3,2.74,52.06,4.85,41.88,29.95,0
74.42,3.94,1711.3,2.27,58.38,4.07,53.06,45.92,1
72.51,5.72,1477.78,3.02,60.18,4.03,48.32,29.95,0
74.96,5.34,1424.64,2.54,51.68,4.72,50.26,33.11,0
72.0,5.51,1549.43,2.19,51.6,4.34,45.45,20.78,0
76.35,4.81,1647.45,1.66,72.22,3.8,41.62,18.47,0
76.83,5.45,1729.88,3.46,47.43,4.6,55.37,30.57,1
59.77,5.35,1061.85,2.73,54.2,3.83,62.51,0.29,0
68.07,4.96,1371.3,1.09,35.4,4.72,52.95,31.68,0
68.35,4.4,1509.07,1.95,47.27,4.03,45.25,31.3,0
78.49,5.92,1309.7,1.62,42.0,3.81,53.21,30.34,0
75.1,5.45,1832.45,1.06,48.75,5.05,38.33,35.92,0
79.12,4.47,1359.55,1.28,48.07,4.58,42.04,23.34,0
73.07,5.21,1277.83,2.72,47.12,3.43,59.19,45.36,0
70.84,6.07,1560.31,2.55,66.1,3.72,56.04,64.13,1
77.27,4.94,1356.36,2.0,57.61,4.04,52.9,49.86,0
74.43,4.27,1355.15,3.24,76.53,4.08,51.7,38.05,0
69.79,4.47,1388.53,2.09,57.54,3.96,52.52,13.9,0
67.83,5.18,1653.56,2.55,40.58,3.78,46.78,36.86,0
59.92,6.0,1573.37,2.44,54.2,3.9,50.37,27.73,0
75.72,4.94,1784.78,1.91,46.39,3.99,44.59,27.59,0
69.7,5.49,1280.1,2.3,50.42,4.23,52.29,0.0,1
66.84,5.96,1395.17,2.64,56.67,4.19,61.88,49.88,0
73.05,5.13,1629.59,3.17,68.33,4.5,44.85,25.14,0
74.92,5.63,1441.04,2.94,63.04,3.39,47.8,39.8,0
73.13,6.09,1420.91,2.61,32.15,4.24,63.73,39.23,0
76.9,5.19,1304.2,2.05,56.46,3.55,36.36,15.42,0
65.41,4.66,1624.12,2.32,56.82,3.16,43.92,23.76,1
65.2,5.14,1677.99,1.52,55.23,3.97,49.09,35.07,0
72.79,4.79,1722.99,2.39,38.6,3.46,52.91,44.11,0
82.43,5.15,1332.78,2.74,59.79,3.82,45.52,59.89,0
82.2,5.45,1575.67,1.72,46.64,3.82,43.67,50.34,0
69.01,4.09,1569.64,3.38,46.4,3.64,53.49,58.88,0
73.95,3.93,1328.16,2.1,57.95,3.81,45.83,26.05,0
68.01,5.54,1797.19,2.37,46.46,4.53,37.98,16.5,1
75.31,4.51,1534.18,2.56,66.07,4.67,44.89,14.86,0
67.86,4.42,1431.18,3.04,52.3,4.12,43.5,24.89,0
71.66,5.13,1520.66,1.84,37.49,4.55,51.49,62.47,0
66.23,5.34,1534.49,3.44,43.68,3.61,49.71,12.25,0
60.65,5.06,1420.82,1.68,38.81,3.75,49.86,24.24,0
65.47,4.74,1600.41,2.03,60.47,4.24,52.07,52.29,0
76.69,4.24,1429.31,1.89,68.64,3.87,36.7,46.15,0
73.9,5.18,1381.47,3.29,53.21,4.2,43.53,27.41,0
80.62,5.3,1433.3,1.47,49.11,4.03,45.6,26.72,1
78.47,5.52,1311.87,2.94,44.98,3.96,49.15,41.45,0
80.24,4.86,1644.55,2.35,69.03,4.28,51.27,43.2,0
76.16,5.55,1559.17,2.87,73.58,4.31,44.58,46.65,0
61.07,4.34,1484.5,2.4,56.59,3.26,44.91,36.68,0
78.63,5.55,1623.82,3.62,47.94,4.42,48.51,41.34,1
77.37,5.78,1486.95,1.29,65.56,4.48,56.13,32.9,0
69.43,4.87,1498.45,2.53,55.13,4.02,38.13,58.71,0
82.33,6.18,1516.87,3.06,57.62,4.19,45.17,21.36,1
82.06,4.52,1569.16,1.35,52.74,4.2,43.92,20.97,0
71.78,6.08,1234.36,1.58,53.28,3.66,46.26,21.46,0
72.51,5.68,1570.54,2.68,75.84,4.09,50.21,37.23,0
58.32,4.8,1088.97,2.81,56.83,3.53,47.52,22.08,0
83.31,5.86,1293.32,1.5,41.13,4.48,44.12,42.91,0
72.98,5.04,1169.57,2.77,46.36,4.14,49.2,27.27,0
82.85,5.32,1342.9,1.79,63.18,3.99,48.89,9.98,0
77.82,5.84,1382.56,2.2,58.8,3.77,44.24,42.24,0
76.95,5.13,1622.12,2.28,52.0,3.97,47.01,32.91,0
72.72,6.31,1549.9,2.04,82.18,3.85,48.65,53.27,0
70.27,4.55,1403.69,1.96,65.49,3.4,44.53,47.87,0
63.33,4.68,1004.4,1.8,50.91,4.4,50.11,23.64,1
62.87,4.53,1552.59,3.09,38.22,3.87,43.58,27.52,0
69.45,4.06,1471.0,1.63,77.03,4.0,56.01,18.91,0
77.87,5.23,1311.8,2.13,42.08,4.05,53.93,21.95,0
77.76,4.85,1366.92,2.49,70.72,4.24,45.35,53.88,1
77.17,4.58,1739.21,1.72,37.63,3.69,48.56,24.34,0
64.26,5.07,1091.52,1.65,53.67,3.7,49.62,12.92,0
65.02,6.13,1432.66,3.61,76.89,3.92,62.38,42.31,1
70.76,6.39,1031.45,1.84,43.09,4.01,41.79,22.96,0
62.79,4.45,1372.17,3.2,48.08,3.93,53.04,29.21,0
80.87,5.44,1423.52,2.82,55.7,3.42,44.84,37.82,0
60.78,4.9,1444.61,2.07,61.19,4.11,53.32,21.91,0
76.79,5.92,1708.67,2.48,33.13,3.72,43.96,42.75,0
81.32,4.78,1341.8,1.28,39.59,3.78,50.42,34.57,0
68.1,6.65,1488.72,1.74,53.02,3.71,37.57,36.56,0
66.76,5.72,1473.17,2.44,65.65,2.95,46.91,28.69,0
76.13,6.08,1555.78,2.7,76.38,4.45,47.79,31.83,0
71.72,6.41,1392.86,2.73,33.48,4.32,51.16,57.36,0
69.89,5.6,1422.91,1.74,48.7,3.63,42.6,40.23,1
72.67,5.04,1521.64,2.33,66.11,3.61,38.11,38.26,0
80.77,4.75,1468.0,2.46,67.02,4.2,51.33,26.18,0
78.7,6.1,1368.25,3.5,57.2,4.25,42.22,76.75,0
72.46,5.64,1541.73,4.51,56.07,3.91,41.09,24.64,1
60.23,4.62,1301.39,2.13,56.51,3.73,51.86,48.32,0
82.34,5.34,1381.06,2.51,47.56,3.82,45.4,40.61,0
64.46,6.23,1192.04,2.92,54.13,3.62,51.38,23.39,0
69.37,5.45,1268.4,2.09,54.18,3.91,38.59,65.17,0
76.84,5.6,1566.18,2.66,53.02,4.01,45.91,49.93,0
84.43,4.69,1308.69,2.62,65.34,3.93,45.41,21.71,0
72.81,5.32,1530.07,2.2,51.1,4.66,48.38,40.97,0
56.61,5.24,1255.54,3.17,50.02,4.08,43.77,55.76,0
61.32,4.49,1592.49,1.51,55.96,4.31,54.56,43.99,1
79.89,6.29,1315.02,2.94,62.96,3.71,49.75,50.34,0
71.39,5.19,1132.54,1.95,36.29,3.62,33.35,34.25,0
74.48,5.66,1589.72,2.46,60.03,3.73,58.39,33.47,0
62.17,5.38,1368.39,2.93,63.91,3.7,47.21,47.49,0
73.34,4.53,1382.97,1.29,63.37,3.97,52.26,27.11,0
67.65,5.56,1452.81,2.57,56.04,4.41,52.27,43.4,0
72.17,4.29,1468.16,1.84,55.52,3.81,47.93,34.04,0
64.79,5.78,1406.79,2.95,44.51,4.45,47.0,44.34,0
71.06,6.01,1506.09,2.29,77.04,4.03,52.28,40.86,0
88.58,5.03,1249.57,2.24,44.98,4.21,46.76,46.93,0
62.26,5.82,1256.3,2.08,60.11,4.5,57.68,45.54,0
67.7,5.76,1491.78,3.18,49.06,4.1,47.82,4.8,0
79.94,5.52,1447.06,3.08,54.22,4.42,39.47,30.95,0
74.63,3.7,1198.47,1.3,67.42,4.43,44.76,39.29,0
61.66,5.16,1237.7,1.81,61.81,3.72,41.78,55.34,0
75.06,5.33,1760.9,3.52,62.07,4.14,51.89,48.98,0
71.5,5.76,1640.24,2.48,59.83,4.13,45.91,8.99,0
83.96,5.18,1361.71,2.35,48.63,3.68,54.91,66.43,1
64.17,5.39,1818.5,2.64,46.99,3.22,45.65,20.25,0
69.79,5.39,1666.84,1.63,57.32,3.41,48.87,29.05,0
58.19,6.18,1389.32,1.79,56.87,3.96,47.77,42.7,0
73.29,5.71,1337.72,1.49,61.64,3.47,43.67,29.97,0
74.01,5.68,1362.18,3.08,57.63,4.22,47.42,2.23,1
75.99,4.95,1340.33,3.58,35.95,4.3,41.2,33.56,0
59.78,4.61,1692.74,2.47,59.48,4.13,47.49,17.51,0
83.34,5.55,1469.02,2.5,51.46,4.08,46.91,62.2,1
79.19,5.54,1786.84,3.19,55.16,4.29,39.48,40.94,1
80.36,4.46,1289.06,2.58,37.76,4.32,45.77,22.63,0
71.23,5.47,1348.88,1.76,52.3,4.42,45.59,29.68,0
66.97,5.87,1484.5,2.15,56.2,4.05,45.77,30.18,0
69.16,5.53,1389.57,2.03,51.87,3.8,50.93,14.66,1
61.94,3.93,1450.17,1.8,41.96,4.13,51.3,19.47,0
68.0,6.28,1642.23,1.51,59.42,4.13,41.18,14.38,0
71.57,4.12,1402.89,1.41,47.34,3.56,48.59,57.06,0
67.8,4.82,1487.07,2.45,51.17,3.49,45.92,27.96,0
57.43,4.27,1575.09,1.72,62.75,4.39,50.32,23.16,1
64.17,5.81,1299.23,1.87,56.45,4.35,47.26,26.97,0
72.73,5.6,1746.04,1.84,63.32,3.98,46.09,59.33,0
67.45,4.17,1526.41,4.23,46.86,3.61,46.94,17.52,1
80.78,5.6,1474.33,2.42,37.44,4.19,50.92,36.26,0
66.03,5.47,1685.04,3.75,65.42,4.03,41.76,20.15,0
70.8,5.29,1471.82,3.04,47.38,4.19,33.81,53.13,0
82.12,4.57,1054.07,1.8,41.23,4.14,50.4,41.07,0
78.96,4.54,1443.31,2.05,44.98,3.97,41.1,71.64,1
70.74,4.03,1290.26,2.25,53.21,3.97,61.39,15.96,0
75.06,5.27,1486.93,2.58,48.46,3.85,43.25,19.42,0
83.62,5.18,1460.87,3.25,57.12,3.75,51.31,23.16,0
74.05,4.6,1677.2,1.32,61.83,3.57,35.56,40.66,1
80.8,6.21,1360.69,2.36,39.47,4.35,48.54,15.98,1
61.52,5.15,1242.88,2.22,46.13,3.9,33.53,37.33,0
69.44,6.5,1325.43,1.95,62.1,4.16,40.8,13.1,0
79.7,5.31,1483.66,1.67,55.92,4.12,61.55,41.73,0
78.48,6.63,1489.96,3.27,42.43,3.86,46.81,39.46,0
82.72,4.92,1413.62,0.69,66.3,3.96,48.7,26.13,0
71.56,6.23,1551.59,2.82,61.69,3.27,43.67,23.38,0
72.15,4.95,1316.59,1.56,57.63,4.46,57.25,26.61,0
71.41,4.09,1198.02,2.89,47.62,4.02,54.08,50.94,0
67.49,4.3,1486.36,1.31,71.54,4.23,53.31,33.99,0
70.32,5.78,1504.68,1.89,85.85,4.91,43.07,4.57,0
80.36,4.98,1547.62,3.02,40.48,4.09,41.66,47.97,0
64.15,6.53,1358.68,2.96,43.01,4.22,44.28,3.09,1
71.19,4.42,1281.76,3.79,57.14,4.51,45.55,36.95,0
57.8,4.86,1358.75,2.84,62.27,3.76,42.27,52.97,1
73.31,4.27,1163.7,3.2,47.56,3.7,41.3,25.58,0
79.46,4.42,1426.66,1.96,48.49,3.78,43.58,45.84,0
65.51,5.36,1639.04,1.97,47.34,3.93,44.38,33.53,0
57.81,6.34,1132.65,2.48,47.47,4.21,55.54,42.73,0
60.99,4.36,1571.7,3.51,48.63,3.99,44.77,22.95,0
67.85,5.42,1305.53,2.58,59.78,4.29,52.74,27.56,0
78.22,5.07,1207.01,1.36,73.97,4.37,48.12,22.05,0
78.58,5.01,1602.43,1.96,51.28,4.0,38.36,33.42,0
78.47,4.77,1785.62,3.02,57.88,3.92,43.78,29.57,0
62.54,4.46,1602.65,3.3,41.36,3.83,42.96,49.67,0
65.67,5.64,1424.55,3.16,41.8,4.06,38.74,34.74,0
58.55,6.11,1355.09,1.08,52.11,3.03,35.09,17.95,0
85.77,5.45,1306.97,2.23,61.16,4.3,46.83,21.86,0
70.48,5.09,1419.82,2.63,54.5,4.25,46.73,58.07,0
71.0,4.75,1392.27,2.69,70.54,4.09,51.49,38.43,0
83.61,3.96,1337.56,2.86,44.43,3.91,47.84,36.64,0
81.38,3.04,1164.42,2.41,54.1,4.89,48.6,37.21,1
70.85,5.02,1407.86,3.19,53.42,4.41,45.52,39.03,0
57.67,5.01,1425.65,3.01,52.9,3.69,45.91,28.3,1
67.7,5.87,1603.18,2.27,55.64,4.25,37.71,52.68,0
73.28,4.71,1485.34,1.78,48.72,4.03,48.27,53.4,0
86.08,5.22,1229.53,3.1,53.25,3.46,49.57,48.89,0
80.62,5.09,1485.41,1.3,45.85,4.11,41.22,28.13,0
79.6,5.23,1510.33,2.52,57.73,4.17,52.65,19.23,1
66.44,5.56,1608.11,2.85,70.79,4.14,50.46,54.34,0
63.19,6.57,1427.21,3.38,61.94,3.78,47.57,36.51,1
63.65,4.93,1582.57,2.03,66.91,3.88,45.12,7.49,0
74.38,4.41,1474.86,2.83,51.75,4.35,46.71,16.11,0
57.06,5.02,1255.27,2.64,55.91,3.65,42.68,29.91,0
60.06,6.26,1486.37,2.37,66.55,3.83,51.39,57.49,1
70.42,4.82,1338.4,1.71,63.28,4.25,42.24,52.91,0
76.91,4.69,1574.68,1.99,43.35,3.61,53.37,19.65,0
82.86,4.44,1444.6,1.82,50.04,3.94,46.82,47.59,0
74.54,5.95,1439.04,2.49,44.15,4.05,53.18,64.9,0
74.18,4.73,1466.36,3.75,53.15,4.08,46.94,54.74,0
74.44,6.27,1569.14,2.71,33.96,4.1,41.27,41.03,1
71.82,5.48,1575.26,2.45,70.2,3.7,51.32,28.65,0
69.14,5.15,1437.17,2.74,64.48,3.66,40.17,31.79,1
85.75,6.96,1563.2,2.34,52.92,4.22,42.82,47.25,0
81.58,4.28,1304.14,3.2,64.13,3.88,41.91,25.44,0
70.21,5.15,1316.83,2.46,49.37,4.4,39.5,20.64,0
75.72,5.25,1194.88,1.73,51.78,4.17,50.68,31.55,0
80.33,4.22,1394.57,2.56,49.34,3.78,47.8,10.65,0
76.84,5.74,1455.51,1.85,52.23,3.46,48.81,34.1,1
81.97,6.62,1526.02,2.03,41.89,3.45,50.37,38.54,1
63.13,4.87,1106.1,2.81,55.27,4.08,50.05,45.06,0
71.3,6.45,1335.56,1.67,44.63,3.92,39.4,32.35,1
75.28,5.12,1366.7,2.06,36.79,4.27,49.53,57.55,1
70.61,4.44,1316.48,1.89,46.35,4.07,42.09,52.3,1
70.52,4.46,1424.25,2.72,55.97,4.03,49.75,11.4,0
61.14,5.93,1411.96,3.54,70.09,4.05,47.34,16.88,1
78.44,4.16,1234.89,2.25,61.45,4.11,41.98,24.17,1
69.15,5.37,1989.74,2.02,68.59,3.66,54.26,42.79,0
66.04,5.14,1687.79,2.51,75.42,3.89,65.61,63.5,0
59.67,5.7,1427.61,2.35,43.74,4.08,52.66,20.52,0
74.29,5.32,1508.8,2.22,52.0,4.06,53.02,39.35,1
74.93,4.7,1696.98,3.08,55.48,3.95,61.0,37.65,0
74.57,4.04,1176.77,1.88,60.07,4.48,45.36,68.57,0
69.47,4.14,1387.74,1.66,65.75,3.66,47.31,34.74,0
65.25,4.6,1272.83,2.83,52.4,3.64,41.1,46.22,0
78.11,5.65,1574.13,3.39,41.84,4.03,51.02,18.76,0
67.01,5.52,1593.31,3.04,60.21,3.16,47.79,64.35,0
76.06,5.59,1249.28,2.78,62.15,3.49,48.89,30.49,0
69.77,4.2,1556.85,2.4,58.15,3.55,39.92,42.26,0
56.73,5.66,1541.23,2.02,56.86,4.02,56.03,70.74,1
66.26,6.28,1196.65,5.04,63.3,3.35,44.98,45.91,1
68.38,5.8,1517.0,2.12,65.91,4.29,56.28,32.54,0
55.39,5.18,1627.33,2.58,66.57,4.43,52.8,45.5,0
68.71,5.06,1582.85,3.1,75.34,3.6,46.81,27.8,0
68.03,5.26,1655.46,2.38,53.36,3.92,50.06,19.74,0
69.44,4.91,1610.19,1.11,61.68,3.52,55.41,19.05,0
66.69,5.81,1758.4,1.41,42.99,3.92,51.64,40.28,0
81.54,4.8,1394.72,2.33,77.61,3.58,48.51,47.55,0
63.91,5.74,1722.2,2.5,52.13,3.55,38.22,39.31,0
81.89,5.32,1526.79,3.84,40.57,4.04,51.11,7.48,0
76.02,3.78,1354.61,2.43,54.29,4.35,48.63,36.82,0
71.08,5.13,1603.61,1.24,54.39,3.99,53.82,49.34,0
82.95,6.09,1582.72,1.75,56.21,3.92,52.48,14.91,0
71.14,4.68,966.03,2.39,51.97,3.7,45.34,2.59,0
68.02,5.29,1659.8,2.3,41.43,4.18,48.26,34.55,0
81.09,4.62,1117.91,2.32,51.11,4.5,51.34,41.44,0
76.04,4.23,1393.96,1.36,62.04,4.06,48.24,13.06,0
56.68,5.01,1314.43,2.12,57.49,3.96,50.5,46.24,0
81.9,6.02,1298.47,2.45,70.6,4.06,58.63,45.09,0
74.55,4.43,1311.84,2.0,56.17,4.25,46.62,19.72,0
71.94,4.24,1524.91,3.34,57.08,3.58,56.65,43.67,0
67.17,4.76,1299.27,2.04,43.45,3.83,47.54,19.69,0
74.4,5.14,1445.12,2.0,71.59,4.31,47.92,14.18,0
81.7,5.49,1330.37,2.58,63.6,3.58,54.8,53.7,0
68.54,4.32,1413.09,2.99,62.45,3.84,51.84,44.61,1
71.86,6.38,1395.68,1.52,57.28,4.11,45.17,49.76,0
66.38,4.95,1793.62,2.42,47.13,4.11,46.61,36.82,0
67.53,5.44,1350.77,2.28,53.13,4.38,46.82,25.51,0
74.43,4.66,1234.63,2.19,77.64,4.85,59.0,33.75,0
78.95,5.61,1454.42,1.67,52.84,3.77,40.31,40.55,0
74.26,5.82,1709.22,2.75,58.22,4.14,50.6,47.06,0
71.43,5.2,1145.8,2.88,68.82,3.96,39.13,21.98,1
82.83,5.04,1447.11,3.06,55.45,4.61,47.16,15.73,0
70.18,4.11,1181.75,2.82,59.7,3.86,46.78,15.79,0
82.01,5.02,1516.02,3.46,47.38,4.15,35.71,59.94,0
72.94,4.62,1574.98,1.0,45.96,4.24,54.82,16.16,0
83.67,5.33,1546.05,1.65,53.43,4.08,47.19,48.47,0
64.65,5.49,1663.95,2.21,44.46,4.67,45.88,20.15,0
77.9,4.43,1623.34,2.62,53.84,3.55,51.29,45.42,0
75.07,4.0,1740.59,1.22,31.77,3.99,51.41,37.75,0
78.22,4.97,1269.39,2.28,59.26,3.4,54.01,24.01,0
75.02,4.64,1276.71,2.99,65.48,3.99,47.5,39.53,0
68.78,5.79,1127.13,1.59,51.2,3.67,43.15,11.03,1
74.81,4.82,1558.25,2.61,49.45,4.3,39.73,22.66,0
68.84,5.46,1430.85,3.53,44.75,4.32,55.62,41.75,0
67.08,5.02,1408.19,3.11,39.95,4.01,47.93,6.83,0
71.29,5.12,1424.01,2.22,70.59,4.04,41.44,56.02,0
70.85,5.27,1434.24,1.65,57.34,3.87,52.73,38.85,1
70.17,5.24,1636.91,3.03,44.57,4.02,50.88,34.96,1
63.14,5.2,1677.44,2.36,58.03,4.18,55.25,60.9,0
79.25,4.79,1746.95,2.97,73.8,3.62,44.31,29.77,0
68.16,6.31,1766.1,2.72,41.61,4.26,39.76,19.36,0
77.61,5.34,1140.45,2.83,46.03,4.85,46.08,35.18,1
65.5,5.38,1628.3,1.95,63.62,4.1,52.72,33.11,0
72.89,3.89,1255.82,2.01,46.41,3.88,44.59,28.46,0
68.5,4.96,1331.35,3.49,49.41,3.89,48.3,49.37,0
66.58,5.98,1257.24,1.85,52.1,4.24,44.92,29.61,0
69.55,4.83,1448.27,1.82,67.36,3.51,30.0,48.18,0
76.07,4.79,1525.31,2.66,61.04,3.53,56.05,19.45,0
65.62,4.33,1149.7,2.97,69.17,3.94,50.58,31.75,0
69.39,5.63,1729.04,1.87,65.04,4.51,51.54,38.78,0
74.92,5.52,1480.98,3.09,47.64,3.8,51.83,38.85,0
78.8,5.66,1654.63,2.7,51.3,3.81,37.17,20.23,0
65.95,4.3,1729.4,2.08,57.02,3.75,49.36,39.91,0
73.43,6.3,1553.9,1.51,67.99,3.56,46.49,16.68,0
77.78,5.31,1448.94,1.52,62.63,3.57,59.12,33.81,0
67.4,6.34,1325.66,2.9,58.95,4.72,45.53,14.38,0
68.57,4.5,1254.24,2.41,40.97,4.2,52.49,54.27,0
70.46,4.18,1304.2,2.41,49.62,4.01,40.24,20.08,0
70.54,4.77,1650.58,2.85,45.38,4.34,45.05,38.75,0
58.17,5.91,1559.66,2.37,66.41,4.29,51.89,13.66,0
85.41,5.67,1582.51,2.16,44.17,4.25,46.14,15.26,0
75.12,5.4,1327.93,2.45,51.88,4.25,39.23,60.41,0
66.4,6.27,1177.93,2.73,67.72,4.2,49.35,30.39,0
86.96,4.73,1491.79,2.7,58.16,4.51,34.15,15.46,1
73.34,6.15,1451.05,2.49,64.35,3.52,57.72,21.95,1
60.23,3.89,1454.96,1.2,62.47,4.08,52.76,73.03,0
62.86,5.71,1346.56,2.64,46.39,3.91,51.01,8.58,0
78.08,6.14,1343.51,2.56,62.18,4.08,40.08,16.02,0
73.04,4.31,1617.4,2.87,43.61,4.43,51.19,17.59,0
74.87,6.7,1305.3,2.15,62.88,4.06,56.8,49.47,0
74.43,5.24,1336.55,2.86,56.5,3.91,33.81,38.37,0
58.7,6.08,1541.16,1.68,76.19,3.91,53.87,32.49,1
77.14,5.64,1572.26,2.31,52.93,4.11,41.12,27.4,0
64.27,5.13,1446.81,2.35,61.65,3.79,51.17,58.8,0
59.69,5.49,1329.38,1.47,50.19,4.14,52.99,11.46,0
87.72,4.46,1791.78,1.85,57.87,3.82,47.24,60.97,1
67.48,6.0,1468.63,3.19,58.7,3.78,46.32,27.44,0
75.98,5.37,1637.66,1.59,59.13,3.36,52.51,33.91,0
77.32,4.44,1389.82,1.67,55.27,4.71,53.65,18.99,0
62.6,4.89,1443.02,1.85,58.47,3.4,56.14,35.9,1
63.48,4.83,1556.15,1.42,68.24,4.39,39.81,29.3,0
85.26,5.22,1580.23,2.51,60.9,4.23,57.25,44.07,1
73.23,5.24,1393.74,1.83,44.46,4.39,50.24,20.62,0
65.51,4.39,1367.69,0.66,56.18,3.98,36.33,48.53,0
70.88,5.76,1657.88,3.83,42.5,4.16,51.02,58.61,1
61.07,4.69,1508.74,2.66,43.06,3.76,45.72,50.15,0
72.51,4.66,1307.07,3.5,66.42,4.17,55.32,48.49,0
85.81,4.41,1821.15,2.08,65.93,4.68,53.54,53.55,0
73.34,4.2,1324.87,1.39,63.23,3.98,49.52,54.26,0
64.45,5.96,1550.14,2.96,46.54,2.92,47.39,40.28,0
68.44,6.02,1385.62,2.15,62.09,3.81,58.36,60.22,1
54.78,5.5,1543.98,2.61,63.85,3.78,40.57,35.68,0
76.39,4.99,1582.33,2.59,56.4,3.41,57.8,69.32,0
79.48,5.32,1419.72,3.14,38.58,4.79,63.64,36.46,0
72.23,5.44,1179.75,2.6,61.58,3.94,50.67,21.27,0
75.68,3.53,936.26,2.57,45.95,4.83,39.22,45.38,1
72.91,5.83,1784.99,3.11,54.2,3.57,57.31,30.35,1
70.85,4.49,1031.56,3.39,52.73,4.25,63.72,48.02,1
66.69,5.1,1566.97,2.3,45.36,3.94,41.49,34.13,0
78.84,5.05,1872.71,2.71,54.32,3.99,53.13,18.31,0
65.02,5.34,1641.12,2.25,45.37,4.13,44.06,28.69,0
65.67,5.06,1455.79,2.97,47.63,4.29,52.73,33.65,0
64.77,5.63,1325.91,1.84,34.7,4.6,42.36,74.08,1
71.35,5.12,1507.72,3.42,67.29,4.2,45.29,41.68,0
71.23,6.02,1518.9,2.41,69.12,3.85,57.14,8.71,0
74.99,5.38,1370.78,2.25,77.38,4.48,42.16,46.5,0
68.17,5.7,1439.87,2.03,50.3,4.07,47.18,36.47,0
72.13,5.26,1600.46,3.62,59.48,4.25,38.49,25.36,0
76.79,5.15,1494.19,2.54,31.54,3.73,45.79,12.83,0
74.03,4.98,1875.89,3.39,56.02,4.18,45.2,23.66,1
74.17,5.22,1298.19,2.0,46.84,4.64,51.91,20.43,0
71.28,5.28,1443.78,3.35,69.93,4.27,44.84,36.2,0
74.2,5.29,1089.34,2.45,30.7,3.44,39.85,23.01,1
81.47,6.01,1673.65,3.31,40.4,3.84,55.79,41.19,0
66.59,5.61,1638.23,2.1,48.82,3.65,42.06,29.39,0
63.19,5.33,1587.85,1.82,45.57,3.97,46.16,11.24,1
73.33,5.22,1341.49,2.73,56.26,4.15,50.54,55.61,0
66.09,5.01,1498.16,2.66,65.17,4.47,39.51,39.02,0
82.6,4.31,1334.12,2.59,54.33,4.01,44.21,35.23,0
88.37,5.38,1654.33,2.78,54.94,4.09,53.8,61.68,1
72.51,5.52,1720.31,2.48,46.09,4.08,63.09,41.0,0
84.41,5.44,1547.61,2.82,60.61,3.94,55.58,63.19,0
84.01,5.04,1108.88,2.09,62.76,4.07,43.03,19.97,0
65.11,5.02,1531.77,2.32,59.64,4.57,41.12,20.13,0
70.29,4.82,987.56,1.1,69.49,4.74,49.91,41.55,0
78.87,4.32,1536.87,3.07,61.1,4.29,41.4,50.39,0
83.66,6.16,1527.46,2.63,67.22,3.94,41.2,42.25,0
78.09,5.19,1399.8,3.24,52.05,4.4,57.04,21.52,1
64.94,4.01,1367.97,1.99,58.36,4.7,54.6,49.18,0
79.61,4.6,1356.28,2.28,64.77,4.35,34.11,1.38,0
61.55,5.71,1535.59,1.6,42.08,4.3,43.96,36.31,0
66.34,5.38,1636.51,3.05,47.23,4.51,49.41,39.59,0
61.3,4.56,1473.2,1.21,47.04,4.46,43.73,51.65,0
78.82,5.34,1424.92,2.72,62.92,4.25,53.98,25.67,0
71.48,4.83,1574.78,3.09,43.17,4.3,45.33,20.82,0
71.62,5.54,1673.16,2.29,51.04,3.62,53.97,40.27,0
92.11,5.13,1387.72,1.71,70.58,3.94,48.1,12.74,0
78.01,5.1,1620.76,3.24,59.36,3.66,53.41,34.16,0
54.89,5.92,1285.74,1.84,52.16,3.87,48.77,20.74,0
74.0,5.49,1684.14,2.9,56.38,3.42,49.71,34.88,0
80.5,6.26,1266.93,1.72,55.93,4.49,55.25,45.02,1
68.23,4.22,1503.7,3.4,61.6,3.22,43.63,27.29,0
72.36,5.67,952.95,2.25,61.57,4.01,45.41,29.46,0
67.69,5.1,1389.67,2.36,48.61,3.67,52.88,37.34,0
65.47,4.06,1075.98,2.73,45.8,3.96,39.41,39.18,0
64.44,5.17,1647.31,2.53,56.34,3.82,41.17,0.0,0
72.11,6.04,1686.81,3.06,49.4,4.74,46.17,54.39,1
69.84,4.17,1318.64,1.99,42.32,4.46,40.75,23.17,0
75.92,5.02,1310.7,2.36,58.95,4.15,49.86,30.13,0
69.85,6.11,1430.97,2.96,59.07,3.97,43.38,37.72,0
76.87,5.84,1351.59,3.07,59.65,3.86,44.16,43.82,0
76.99,5.14,1227.6,2.37,44.91,3.82,51.6,55.31,0
73.88,6.07,1045.39,2.74,61.42,4.04,51.93,39.16,0
70.43,5.9,1112.54,3.3,64.17,4.09,48.84,17.43,0
80.29,5.0,1575.12,2.1,57.24,4.18,47.28,26.58,1
79.85,4.12,1325.08,2.0,40.93,4.29,52.76,1.76,0
84.22,5.82,1789.85,1.49,59.64,4.14,41.84,37.38,0
66.29,5.07,1248.78,2.86,63.82,3.95,51.08,25.47,0
65.51,4.11,1354.23,1.33,54.74,4.22,53.86,44.68,0
63.1,4.98,1691.97,3.22,52.67,3.61,40.97,38.65,1
72.4,4.86,1361.14,1.58,85.82,3.75,42.31,32.02,1
71.37,5.61,1466.43,1.84,57.37,4.53,43.23,0.0,0
70.81,4.52,1447.59,1.86,73.29,3.59,48.45,33.27,0
70.5,4.98,1333.04,2.32,50.69,4.73,42.73,11.53,0
68.95,5.87,1736.04,2.14,57.57,3.99,55.41,32.99,0
65.23,6.63,1149.18,2.85,68.67,3.85,47.92,43.96,1
84.23,5.84,1593.4,2.04,66.1,3.69,46.39,41.89,0
71.29,4.65,1504.38,2.6,45.7,3.94,45.55,41.25,0
59.23,5.19,1299.91,2.8,46.5,3.35,49.27,44.98,0
89.72,5.38,1666.17,2.5,51.41,4.07,42.41,34.65,0
78.33,4.74,1483.42,1.43,50.8,4.25,57.07,24.17,0
66.06,5.24,1468.15,1.38,54.26,4.02,44.1,17.99,0
65.88,5.12,1523.62,1.91,86.36,4.01,53.19,64.03,1
71.63,5.7,1705.89,3.0,75.24,4.19,49.63,6.12,0
66.15,3.92,1407.72,1.32,51.41,3.45,58.24,20.03,0
75.32,4.84,1585.24,3.22,51.7,4.16,41.16,35.35,0
65.38,6.22,1304.37,2.57,49.29,4.46,46.29,20.71,0
75.01,6.31,1223.03,2.66,56.85,4.39,45.32,39.7,0
68.47,5.38,1402.01,2.01,68.4,3.65,47.01,37.65,0
78.15,5.93,1316.58,3.21,49.7,3.95,47.05,48.29,0
76.38,4.55,1616.34,3.77,54.15,4.04,36.01,26.66,1
70.52,4.93,1409.63,1.54,67.05,4.0,44.48,19.52,0
71.74,4.09,1544.02,1.44,66.3,4.62,50.92,17.34,0
64.42,6.11,1273.14,1.33,46.74,3.98,38.09,41.2,0
73.59,4.94,1475.73,2.61,56.76,4.13,61.63,47.89,0
74.49,4.82,1404.3,2.14,54.59,4.16,33.94,31.97,0
66.53,3.97,1611.41,2.83,63.76,3.77,52.82,28.62,1
69.02,4.99,1449.97,2.01,35.73,4.07,43.71,56.26,0
75.77,4.54,1795.91,3.12,63.33,4.02,42.62,35.46,0
83.63,4.85,1374.73,3.19,64.77,3.92,48.75,44.23,0
65.4,5.15,1478.08,2.12,51.95,3.46,35.87,55.97,0
70.48,5.27,1116.99,2.88,61.61,4.02,43.16,31.67,0
70.03,5.01,1649.25,2.04,74.28,4.06,53.81,24.17,0
69.6,5.9,1284.68,3.14,46.91,4.11,48.5,55.02,0
69.5,5.62,1160.62,2.2,40.67,4.12,52.45,39.8,0
61.45,5.1,1275.36,2.04,43.38,4.44,60.01,31.65,0
72.58,5.87,1289.89,2.21,73.45,4.05,49.86,35.2,0
74.36,5.25,1390.18,2.51,68.53,3.87,52.1,33.19,0
77.41,5.33,1499.45,1.43,71.8,4.06,46.87,34.48,1
72.23,5.61,1325.53,3.41,48.32,4.18,42.82,52.72,1
58.11,5.84,1368.82,3.91,58.18,4.11,49.4,40.95,0
80.02,6.0,1424.02,3.0,67.14,4.09,48.4,17.12,0
59.49,5.16,1335.02,1.49,73.92,3.68,45.21,27.06,0
77.24,4.86,1289.31,2.14,59.58,4.1,43.88,15.81,0
73.96,5.14,1471.14,1.98,59.88,3.97,46.52,33.56,0
76.07,5.33,1569.56,2.32,65.38,3.69,49.9,40.63,0
72.57,5.79,1376.25,2.93,63.02,3.92,41.16,36.52,0
67.89,4.14,1585.73,3.35,35.15,4.37,52.48,57.6,0
64.35,5.23,1560.29,2.95,63.97,4.12,42.64,28.05,0
62.03,4.53,1269.16,2.38,57.05,3.84,45.46,34.73,0
72.51,3.88,1676.68,2.77,55.9,3.64,41.48,18.4,0
70.05,4.75,1503.16,2.64,41.56,4.54,42.81,16.0,0
78.47,4.25,1455.6,1.38,48.3,3.91,41.82,35.43,0
71.57,5.38,1292.07,2.65,53.17,3.66,51.34,41.21,0
71.49,5.96,1199.65,2.3,53.64,3.67,42.06,42.4,1
75.54,5.5,1201.43,2.91,48.38,3.9,46.05,41.87,0
76.16,6.56,1789.4,3.47,48.02,4.02,49.38,37.25,1
57.72,4.74,1614.72,2.56,67.72,3.88,45.91,73.1,0
66.97,4.48,1330.87,1.6,57.28,3.67,49.54,27.44,0
69.04,6.35,1385.34,2.05,60.29,3.81,39.53,25.36,0
73.11,4.91,1413.1,1.83,41.31,3.85,50.4,39.6,1
68.44,4.59,1254.44,1.92,50.94,4.2,38.27,26.03,0
63.77,5.24,1199.37,1.52,47.14,4.33,49.51,32.6,0
73.17,5.05,1677.93,3.12,44.5,3.87,55.92,25.52,0
69.27,4.56,1332.64,2.76,56.52,4.12,57.84,33.7,0
74.82,6.29,1309.4,2.02,72.66,4.07,49.64,27.55,1
69.78,5.69,1318.36,2.95,68.15,3.66,45.84,32.31,1
61.96,4.79,1511.88,2.55,64.85,3.76,56.81,31.78,1
64.45,5.64,1455.02,2.41,68.3,3.72,52.73,21.44,0
75.61,4.0,1593.6,2.25,39.1,3.9,37.27,21.12,0
79.85,5.22,1288.21,3.25,54.66,3.91,43.55,23.3,0
76.3,4.84,1587.06,3.23,42.27,4.01,49.05,30.34,0
63.87,5.64,1335.97,2.29,81.63,4.53,36.2,27.61,0
66.32,5.41,1247.91,2.2,59.52,4.4,45.78,49.36,0
57.97,5.57,1580.35,2.11,50.78,3.5,45.41,38.77,0
62.37,4.72,1583.54,3.37,65.91,4.15,48.26,32.97,1
79.14,4.9,1072.41,1.56,68.73,3.78,46.25,21.44,0
74.51,5.61,1500.15,1.36,42.91,4.11,43.46,58.62,0
73.27,4.96,1671.89,2.53,69.68,4.21,53.5,2.94,0
72.17,4.84,1311.91,2.51,71.46,4.05,54.47,30.35,0
66.51,4.33,1699.26,2.25,54.87,3.74,50.48,57.4,0
66.06,4.78,1141.05,2.18,45.69,4.11,54.62,45.31,0
74.31,6.01,1502.31,2.3,58.29,3.73,47.15,34.98,0
76.87,5.52,1571.15,3.5,58.17,3.73,48.37,32.48,0
91.61,4.66,1536.41,3.24,57.96,3.82,49.19,44.5,0
76.72,4.37,1505.13,2.01,40.59,3.66,58.1,43.58,0
62.55,4.65,1420.24,3.09,49.26,3.67,37.94,31.05,0
79.51,6.72,1405.59,2.8,63.95,4.07,35.16,7.32,0
69.8,5.37,1392.82,1.47,61.48,4.12,51.14,32.54,0
69.81,5.7,1441.84,1.61,59.72,3.8,47.05,27.06,0
65.45,5.66,1547.37,1.77,38.98,4.68,46.03,40.96,0
85.03,5.69,1281.02,1.99,46.53,4.25,53.05,32.97,0
71.65,5.06,1310.46,2.93,67.31,3.9,39.26,19.66,0
58.38,4.64,1775.2,1.92,54.25,4.72,47.22,35.55,1
68.94,6.24,1262.44,3.04,49.03,3.8,64.19,67.1,0
68.31,5.89,1573.95,2.56,54.62,3.28,50.6,57.41,0
79.96,5.62,1492.49,3.43,75.86,4.0,48.06,50.51,0
84.05,5.61,1541.94,2.07,51.11,4.01,48.69,35.98,1
65.67,5.22,1471.47,0.66,58.9,4.38,48.17,29.02,0
74.49,5.04,1359.38,2.32,43.49,4.33,47.62,16.95,0
77.93,5.04,1593.87,3.89,59.0,3.63,53.52,40.78,1
82.82,5.2,1214.46,1.11,53.06,4.68,41.17,8.51,0
59.26,4.81,1706.94,2.38,48.57,3.88,48.03,40.17,0
64.63,6.7,1817.3,2.46,56.36,3.6,44.78,50.59,0
72.75,4.81,1445.14,2.54,34.48,4.77,56.33,55.78,0
66.08,5.81,1766.47,2.15,47.2,3.83,48.46,53.91,1
73.07,5.59,1401.76,3.05,45.02,3.79,46.78,44.59,0
62.88,5.39,1637.9,1.74,64.55,4.28,42.2,2.39,0
68.74,5.51,1203.81,4.19,59.48,3.67,46.28,58.62,1
70.84,5.19,1477.6,3.19,63.8,4.31,43.06,57.22,0
68.32,5.18,1349.21,1.98,53.58,4.25,36.6,50.44,0
86.46,5.27,1108.9,2.81,52.66,3.9,48.94,35.61,0
63.08,4.98,1343.47,2.4,47.4,3.41,45.51,62.35,1
84.33,5.25,1345.8,3.11,51.06,4.3,47.67,19.44,0
81.21,5.41,1636.01,2.66,80.97,3.64,59.88,66.33,0
65.73,4.73,1617.89,2.56,54.48,4.32,35.83,35.1,0
66.85,5.77,1609.15,2.11,55.87,4.04,41.25,43.94,0
78.09,5.4,1761.46,2.42,55.39,4.12,45.96,22.09,0
67.89,5.37,1193.0,2.3,66.97,3.48,48.36,38.69,1
69.76,6.04,1612.17,3.11,65.62,3.78,37.41,40.25,0
78.77,5.28,1205.97,2.62,44.78,4.36,39.62,30.29,1
65.47,6.03,1483.63,2.52,56.92,3.97,48.08,40.71,0
64.02,6.21,1067.04,3.08,58.86,4.16,40.64,26.21,0
76.64,5.71,1454.09,3.03,46.57,3.87,54.98,41.2,0
70.93,5.0,1498.43,1.5,75.7,4.21,45.69,51.88,0
78.15,5.39,1644.44,3.11,58.13,3.67,44.14,6.34,1
62.62,5.68,1620.78,2.14,63.5,3.97,42.87,32.89,0
79.12,6.0,1539.08,2.05,58.93,4.02,41.74,41.07,0
79.34,5.15,1405.33,1.02,49.2,4.09,45.84,23.97,0
80.61,5.15,1489.93,1.94,47.86,3.85,58.45,42.96,0
66.68,4.68,1382.45,3.92,53.78,4.11,50.64,43.81,0
83.75,4.73,1239.58,2.25,62.2,4.65,46.88,36.75,0
78.54,5.26,1520.7,3.31,70.54,3.4,47.76,33.73,1
69.85,5.01,1530.27,2.76,36.92,4.03,66.69,35.44,1
68.54,4.42,1411.81,1.81,43.07,3.94,51.09,21.27,0
78.64,4.11,1280.05,2.21,53.91,4.13,35.31,58.37,0
79.49,4.5,1521.89,1.4,57.56,4.24,59.46,25.14,0
72.99,5.41,1581.1,2.56,49.18,4.22,50.38,0.0,0
76.13,5.06,1450.35,3.77,50.23,4.34,51.22,32.87,0
76.1,4.68,1422.62,2.28,45.45,4.24,53.41,38.45,0
67.71,5.52,1895.88,2.13,49.66,3.88,52.99,36.59,0
72.31,6.55,1885.76,1.83,54.18,3.95,48.69,47.06,0
75.56,4.64,1549.09,1.48,58.74,3.97,50.14,43.49,0
71.27,5.35,1255.53,3.41,43.24,4.23,50.32,71.52,0
66.33,5.41,1376.38,1.96,51.77,3.8,46.04,39.34,1
73.03,4.86,1347.32,2.58,67.84,4.9,58.05,19.01,1
69.36,4.72,1572.58,2.12,36.79,3.98,48.4,32.39,0
72.89,4.68,1430.1,1.96,59.07,4.07,46.2,17.24,0
71.98,4.35,1450.03,2.99,48.74,3.68,52.85,22.61,0
69.91,5.96,1720.99,1.19,47.9,4.36,41.86,18.85,1
83.79,4.84,1298.13,1.46,52.32,3.76,43.1,35.42,0
62.46,4.99,1520.84,2.26,46.3,3.72,53.5,32.96,0
64.2,4.13,1351.83,1.27,67.34,3.97,37.15,17.75,0
71.33,5.89,1215.43,1.62,49.27,3.97,50.63,58.87,1
81.56,5.32,1407.76,1.88,52.17,4.02,47.68,14.49,1
74.61,5.24,1249.0,2.64,69.2,3.53,63.67,30.31,0
63.17,4.59,1299.02,1.9,57.66,3.85,54.9,49.65,1
67.08,4.97,1505.79,3.11,66.67,3.92,51.63,10.98,0
71.37,4.84,1500.94,2.9,42.96,3.84,46.7,30.68,0
71.15,4.66,1581.42,3.55,63.21,4.11,42.8,20.03,1
80.9,5.69,1414.27,2.79,46.01,3.87,51.14,44.64,0
67.17,4.58,1213.31,2.33,46.18,3.78,50.6,48.01,0
86.89,4.3,1364.7,1.86,38.46,4.71,64.86,29.88,0
67.64,5.97,1521.08,2.63,69.63,4.4,39.14,3.48,0
70.88,4.4,1653.37,2.4,58.45,3.61,45.71,29.88,1
62.53,4.79,1418.14,2.94,50.39,4.21,49.05,29.38,0
84.14,4.6,1471.76,1.89,64.5,3.88,52.73,29.03,0
71.4,4.74,1573.54,2.72,50.01,4.08,60.67,34.4,0
65.34,3.96,1546.11,1.33,39.7,3.86,38.34,4.72,0
81.29,4.84,1323.91,3.15,62.99,4.12,58.44,20.68,0
80.61,6.19,1572.1,2.27,59.08,3.91,50.99,40.6,0
73.89,5.66,1076.1,2.08,48.15,3.27,48.16,29.77,1
67.59,5.25,1747.53,3.05,45.82,3.9,53.06,68.15,1
68.27,5.7,1405.25,2.49,64.01,3.61,59.46,30.39,0
67.24,6.49,1768.76,3.2,56.53,3.56,49.51,35.51,0
75.94,4.94,1241.97,2.45,52.07,3.44,50.1,36.72,1
76.74,5.25,1155.99,3.16,65.53,4.16,50.55,19.06,0
69.33,5.64,1451.26,4.04,55.57,4.23,45.57,37.44,0
68.87,5.53,1544.23,3.16,49.72,3.55,51.55,70.11,0
77.51,4.97,1244.2,2.55,57.65,4.24,56.53,49.72,0
71.8,5.14,1202.59,3.17,65.47,3.6,47.76,8.76,0
77.92,3.54,1449.7,2.52,56.12,4.27,52.44,51.58,0
70.18,5.14,1756.37,2.23,44.11,4.57,47.63,48.37,0
64.84,5.23,1519.59,2.48,48.14,4.06,49.72,23.97,0
78.83,3.05,1629.46,3.32,66.75,3.78,53.06,11.96,1
73.8,4.8,1487.48,2.36,72.21,3.37,51.26,28.12,0
65.38,5.4,1446.06,2.63,57.76,4.37,49.18,37.42,0
67.51,6.06,1519.31,2.84,66.14,3.91,51.12,16.57,0
70.19,5.51,1815.6,1.62,59.18,3.68,49.32,35.66,0
77.95,5.29,1381.89,2.55,61.4,4.22,42.07,45.94,0
56.6,6.01,1241.03,2.31,38.48,4.28,55.94,46.02,0
76.31,4.92,1391.0,2.86,54.36,4.25,45.54,57.46,0
66.0,5.14,1753.15,2.98,48.23,3.96,41.24,14.14,0
76.68,5.25,1126.0,2.83,47.18,3.86,43.44,41.99,0
77.19,5.57,1371.2,2.08,55.8,3.94,46.99,48.52,0
73.02,3.89,1307.8,2.28,44.89,4.08,52.98,25.25,0
87.71,5.6,1445.81,2.51,65.18,4.27,47.22,41.04,0
63.78,4.09,1520.11,2.94,44.3,3.63,52.59,30.41,0
65.45,4.33,1774.4,1.97,65.16,4.3,46.95,29.84,0
57.25,5.31,1609.3,2.16,56.93,4.11,49.03,35.92,0
81.92,5.99,1380.75,2.06,33.09,3.87,51.66,26.66,0
74.87,5.49,1694.07,1.26,38.51,4.76,51.18,24.43,0
65.24,5.26,1145.71,2.58,48.92,4.31,50.02,21.0,0
62.59,5.1,1378.77,2.21,67.43,3.3,38.45,30.94,0
75.53,5.82,1339.93,2.74,43.08,3.88,54.42,45.44,0
79.26,4.64,1590.42,3.16,76.08,4.69,44.9,45.67,1
82.47,5.78,1467.21,2.77,43.79,4.19,49.63,28.23,0
68.89,5.74,1557.73,2.06,34.7,3.52,54.16,39.19,0
72.49,5.65,1550.27,3.17,51.81,4.21,53.45,26.8,0
69.94,4.71,1350.26,1.78,49.84,4.07,52.3,36.9,0
69.99,4.02,1501.13,2.93,46.3,4.09,49.91,25.23,0
68.17,5.06,1536.03,2.07,57.5,3.64,50.24,21.8,0
60.21,4.48,1307.22,3.23,53.25,4.1,46.71,0.0,0
70.62,5.78,1251.58,1.63,30.09,3.55,37.22,43.69,0
76.12,5.99,1431.27,3.0,49.99,3.82,44.95,33.41,0
70.48,5.23,1431.1,3.26,47.6,4.25,47.89,44.54,0
69.66,3.49,1352.83,2.25,55.2,3.91,52.91,26.52,0
75.22,5.78,1689.25,1.39,68.23,3.78,42.65,48.32,0
68.64,5.14,1491.12,2.17,79.48,3.36,49.41,21.49,1
82.91,5.23,1313.45,3.41,47.33,3.86,51.93,58.96,0
70.49,5.52,1722.5,2.77,60.59,4.21,47.02,45.64,0
63.9,5.88,1542.25,2.66,53.11,3.82,52.11,17.62,1
82.6,5.82,1647.0,0.7,54.65,4.71,42.83,49.27,0
70.12,3.79,1426.42,3.13,64.81,4.03,44.33,30.29,0
84.69,5.1,1394.32,1.49,51.62,4.29,48.75,36.5,0
77.5,4.84,1630.67,2.24,65.27,3.97,49.29,62.9,0
67.4,4.31,1409.8,2.21,54.38,4.0,46.66,34.54,0
68.06,4.0,1437.04,2.0,55.03,3.7,52.14,34.12,0
66.58,5.94,1447.84,1.89,42.24,3.94,58.12,27.83,0
70.9,4.48,1430.94,1.44,35.62,4.43,48.68,20.26,0
78.88,6.09,1245.2,1.78,48.81,5.2,37.91,18.81,0
71.24,5.57,1782.43,3.35,54.95,4.44,50.78,45.91,1
71.96,5.32,1601.52,2.03,66.9,4.45,51.21,29.35,0
80.9,6.13,1891.03,2.6,53.93,3.95,48.5,36.65,0
79.43,4.62,1533.06,1.44,62.03,3.86,52.98,33.66,0
73.2,5.02,1360.06,1.82,63.04,4.18,53.76,19.84,0
74.01,5.06,1492.19,3.25,56.58,3.9,51.39,34.82,0
74.61,5.6,1325.24,2.46,48.58,4.48,47.55,22.64,0
58.18,7.0,1377.2,1.87,64.27,4.05,31.89,12.53,1
74.15,6.95,1238.7,2.62,52.36,3.81,38.83,35.16,0
77.04,5.27,1506.76,2.15,56.06,4.24,38.21,20.77,0
70.1,3.95,1427.2,1.98,57.26,3.76,51.87,46.23,0
62.55,4.67,1152.49,2.51,58.9,4.02,49.91,3.24,1
84.15,6.29,1161.53,1.51,54.82,4.37,34.89,45.26,0
89.22,4.75,1667.01,2.41,46.58,3.18,46.81,27.74,1
66.74,4.58,1460.15,2.15,65.17,4.33,51.38,40.61,0
80.46,4.8,1709.44,2.81,47.39,4.09,45.96,38.02,0
73.69,4.15,1459.43,2.77,35.26,4.19,51.06,44.7,0
76.6,5.0,1861.54,3.24,50.47,3.85,48.22,30.92,1
75.06,4.84,1441.54,2.86,69.09,4.76,49.18,46.54,0
70.31,6.22,1213.93,3.08,35.17,4.29,45.51,19.98,0
90.32,5.09,1667.68,3.41,47.83,3.75,55.14,40.86,0
83.68,5.81,1251.82,3.33,64.39,4.05,52.59,14.28,0
72.97,5.57,1769.09,2.68,53.27,3.85,49.72,45.07,0
71.48,4.97,1376.72,2.85,64.26,3.84,33.44,56.21,0
55.26,5.31,1640.62,3.53,61.88,3.9,49.82,38.09,0
66.98,5.44,1045.34,2.73,71.27,4.29,42.59,17.39,0
70.04,5.04,1633.14,1.75,54.11,4.72,49.81,28.61,0
72.36,4.68,1465.36,2.78,73.32,4.14,46.06,40.93,0
80.89,4.65,1363.34,2.58,49.19,3.42,51.2,47.58,1
74.55,4.79,1290.2,2.21,57.58,4.11,49.79,22.83,0
77.69,6.38,1729.52,3.04,46.81,3.82,43.31,47.17,1
71.89,5.43,1259.14,2.28,65.89,3.57,51.94,21.61,0
74.48,6.1,1383.28,1.19,67.43,4.69,53.32,24.19,0
62.34,4.46,1425.23,2.28,43.77,3.55,44.21,36.54,0
68.43,3.9,1404.52,2.31,49.62,4.46,45.36,29.26,0
75.58,5.75,1459.75,3.61,59.76,4.11,49.19,12.0,0
66.45,4.72,1430.61,3.19,34.37,3.92,56.44,24.53,0
68.68,4.2,1046.99,1.62,55.53,3.55,52.74,39.92,0
68.09,5.06,1028.26,3.11,60.82,4.16,51.36,29.07,0
64.84,4.83,1116.18,1.7,42.71,3.81,53.15,12.81,0
69.47,5.31,1645.61,2.91,43.9,3.03,42.24,53.92,0
70.61,5.14,926.12,1.93,69.56,4.1,53.75,46.09,0
73.98,5.78,1925.45,1.88,51.75,4.17,57.25,83.72,1
69.73,5.3,1200.98,2.27,72.22,3.85,54.5,41.64,0
64.76,5.0,1494.11,2.71,59.32,3.69,49.37,62.25,0
64.58,3.88,1294.66,1.54,54.11,4.82,50.84,64.09,0
73.59,5.81,1285.96,2.61,52.78,4.1,36.46,25.47,0
75.58,5.33,1700.57,2.98,54.51,4.06,45.29,54.59,1
90.02,4.93,1596.43,3.15,65.24,4.0,36.94,23.18,0
58.1,4.58,1164.18,1.99,55.64,3.84,51.82,40.94,0
72.5,5.82,1910.36,2.49,40.42,3.05,46.39,43.78,0
69.01,5.05,1537.99,2.17,66.33,4.16,54.67,20.59,0
70.01,6.36,1460.89,1.73,61.04,4.29,52.67,14.06,1
65.91,5.79,1072.96,2.14,58.16,3.96,55.52,26.74,0
73.95,4.87,1403.47,1.64,56.47,4.57,50.57,42.11,0
86.98,4.16,1438.83,2.35,59.76,4.42,46.87,50.82,0
79.02,5.26,1491.81,2.54,51.87,3.63,51.15,40.94,1
85.12,5.79,1256.27,2.84,56.94,4.25,41.82,46.01,0
77.35,5.59,1328.78,2.45,65.88,3.99,47.0,51.43,0
69.83,5.55,1400.97,2.23,76.42,4.32,45.12,43.29,0
73.92,4.65,1163.37,2.5,63.74,3.96,43.83,25.31,0
83.63,4.65,1691.0,2.7,56.94,4.25,49.68,29.3,0
72.39,4.59,1463.97,2.8,56.45,4.47,61.54,12.56,1
67.22,3.97,1604.77,1.49,65.03,4.21,57.71,34.53,0
60.77,5.06,1152.11,2.16,45.23,3.27,53.02,43.42,0
63.05,4.22,1679.53,2.05,41.6,4.75,47.43,23.13,1
66.43,5.88,1366.83,3.29,61.06,4.28,51.45,19.5,0
78.91,5.18,1199.02,2.72,71.41,4.11,47.61,41.61,0
66.1,4.94,1251.98,1.7,41.39,4.41,46.3,34.74,0
81.89,5.11,1398.1,2.53,58.45,4.23,48.09,5.48,0
72.81,4.85,1870.77,3.09,54.05,3.9,52.12,20.47,0
77.56,6.48,1358.45,2.18,40.14,3.49,45.08,23.3,0
65.87,3.92,1632.06,4.51,43.92,4.06,67.59,66.05,1
67.25,5.26,1696.26,1.98,63.51,3.8,53.96,42.28,0
68.58,5.75,1384.1,2.63,61.09,4.16,41.99,22.14,0
85.03,4.15,1348.62,1.66,57.85,3.39,43.9,16.41,0
68.18,4.85,1358.38,2.67,56.84,3.78,52.27,27.9,0
73.99,5.21,1379.55,2.45,59.85,4.54,38.43,45.28,0
53.6,4.63,1203.59,2.91,60.48,3.91,40.83,58.42,0
81.15,5.71,1556.77,1.92,59.21,4.06,40.11,60.33,0
76.16,4.69,1646.96,0.75,48.52,3.17,51.21,52.0,1
67.06,4.86,1764.08,2.29,47.15,3.8,40.21,31.69,0
78.95,5.52,1408.91,2.67,58.77,4.52,42.8,17.09,0
74.48,4.69,1339.73,1.46,57.72,4.63,44.99,38.22,0
61.59,5.65,1479.89,2.11,56.14,3.89,48.3,25.59,0
68.82,5.91,955.27,1.7,35.21,3.8,40.28,43.98,0
60.61,5.5,1526.42,2.54,57.1,4.18,38.27,25.33,0
76.54,5.99,1291.78,2.59,48.35,4.06,35.45,21.87,0
73.88,5.6,1412.66,2.24,50.79,3.52,43.37,31.23,0
76.59,5.2,1153.18,3.66,40.26,3.67,43.58,58.9,0
61.01,5.09,1323.62,2.11,73.91,4.02,46.95,31.38,0
80.16,4.18,1764.04,2.63,47.01,3.53,45.2,33.76,0
66.46,5.72,1354.67,2.97,76.34,4.21,43.44,44.79,0
71.84,4.58,1486.89,2.21,57.61,4.11,63.69,20.11,0
67.23,5.63,1202.1,2.91,58.57,4.54,36.42,37.76,1
69.09,5.19,1250.88,2.5,53.74,3.81,54.11,0.39,0
69.32,6.31,1211.17,3.06,63.95,3.73,43.02,39.56,1
70.82,4.97,1236.58,2.04,47.04,3.85,55.75,60.56,0
67.07,7.24,1243.74,2.98,62.78,3.68,38.71,30.12,1
64.26,4.96,1496.78,2.6,58.35,3.25,52.48,36.17,0
69.48,5.63,1392.57,1.31,49.16,3.85,50.01,15.85,0
65.98,6.69,1580.37,2.31,56.16,3.72,54.73,28.73,0
75.75,5.18,1427.32,1.91,51.01,3.55,44.78,32.72,0
74.08,4.88,1759.01,2.43,56.61,4.51,50.31,40.43,1
63.93,5.11,1351.2,2.38,44.66,4.46,47.23,31.37,0
81.93,5.95,1770.94,2.27,69.58,3.99,50.17,14.19,0
74.01,5.76,1231.15,2.42,59.95,4.07,40.73,47.67,0
77.44,5.56,1813.81,3.58,67.61,4.25,51.27,23.38,0
77.63,5.49,1473.03,3.09,58.84,3.74,47.15,53.07,0
70.05,4.79,1741.12,1.11,56.24,3.61,48.95,21.04,0
75.54,4.72,1664.21,2.3,56.29,4.04,48.59,15.01,0
77.75,6.34,1357.69,2.84,52.28,3.87,48.36,36.53,0
71.51,4.2,1653.07,2.91,60.16,4.27,39.44,44.08,0
59.12,5.02,1421.7,2.51,49.95,3.88,43.97,54.15,0
83.27,5.02,1536.69,2.6,54.96,4.72,41.9,5.29,0
73.19,4.63,1441.17,1.91,49.72,4.05,57.9,44.81,0
64.78,5.31,1112.17,1.61,56.67,4.19,47.99,34.67,0
65.16,4.66,1766.8,2.81,50.84,3.74,40.43,32.56,0
71.9,5.61,1377.93,2.73,45.87,4.24,42.32,69.78,0
51.71,4.87,1506.43,1.93,34.61,3.23,52.81,51.75,0
81.39,4.46,1604.46,2.22,74.31,4.29,45.93,11.98,0
66.36,4.76,1322.07,2.87,36.14,3.21,47.41,35.13,0
70.7,6.13,1676.43,2.76,76.2,4.13,51.47,61.41,0
87.19,5.29,1437.52,3.19,50.79,4.18,42.41,29.62,0
63.47,5.29,1473.08,2.28,66.74,3.8,50.18,38.42,0
71.74,4.93,1296.59,1.37,53.42,4.05,44.45,38.21,0
71.53,6.76,1545.89,3.23,68.79,4.25,38.64,60.93,0
78.27,4.92,1634.56,2.97,68.06,3.83,36.85,47.48,0
62.8,4.69,1480.32,2.17,43.86,3.91,33.41,46.93,1
79.91,5.79,1307.08,2.81,37.3,4.42,49.81,51.49,0
75.56,4.97,1533.35,2.31,52.84,4.24,39.04,41.8,0
66.3,4.59,1367.31,2.58,63.32,3.75,54.01,38.23,0
75.31,4.51,1419.57,2.71,43.44,3.85,44.39,48.63,0
77.95,4.74,1525.46,3.22,48.65,4.3,55.69,32.25,0
74.29,5.94,1381.02,3.61,50.2,3.76,53.4,16.98,0
66.65,5.85,1392.6,2.42,56.56,3.82,39.77,13.02,0
70.16,4.71,1517.83,1.91,59.09,4.12,48.83,58.09,1
65.06,4.5,1237.93,2.62,56.8,4.11,55.58,24.75,1
77.05,5.38,1299.01,3.32,54.45,4.17,54.01,53.13,0
68.42,5.15,1436.42,3.34,63.41,4.27,45.89,48.35,0
66.83,5.0,1315.73,3.0,52.38,3.67,43.85,58.94,0
75.95,4.13,1532.19,2.44,50.8,3.77,54.14,42.32,0
71.7,5.58,1555.81,2.35,46.73,3.82,45.22,37.85,0
81.08,4.44,1886.12,2.31,47.24,4.21,49.19,38.15,0
65.95,4.1,1581.05,1.77,52.45,3.64,47.24,51.48,0
75.18,4.96,1343.26,2.11,42.67,4.35,47.12,41.82,0
68.06,4.94,1705.19,3.03,62.07,4.71,59.03,42.35,0
85.24,5.16,1375.03,1.79,47.67,3.82,48.26,47.43,0
70.53,5.92,1582.53,1.71,39.84,4.49,38.79,42.78,1
71.05,6.16,1786.03,2.18,64.07,3.91,45.17,45.03,0
69.45,4.69,1378.18,2.68,50.6,4.15,43.91,45.3,0
76.39,5.36,1284.41,1.54,67.15,4.18,45.25,68.86,0
85.31,5.87,1262.56,2.67,60.92,3.47,47.2,51.67,1
73.43,5.12,1369.31,2.18,71.85,4.02,43.44,26.6,0
69.48,5.36,1367.47,2.68,53.7,4.07,52.17,43.74,0
70.19,4.44,982.71,1.75,65.18,4.52,41.81,33.18,0
63.8,5.21,1490.65,2.49,64.74,3.5,56.51,38.51,1
72.7,5.94,1450.51,3.01,63.09,3.57,51.87,38.8,0
68.59,6.07,1446.26,3.06,45.14,4.08,47.33,28.7,0
70.38,6.7,1261.09,1.51,63.05,3.48,44.76,34.9,0
76.38,6.08,1272.01,1.99,57.28,3.36,42.39,16.17,0
80.13,4.01,1042.7,2.69,44.89,3.68,49.09,34.13,0
79.99,5.38,1640.7,2.81,61.35,4.03,47.89,44.37,0
74.64,5.92,1400.8,2.46,50.79,4.39,45.15,62.24,0
73.92,6.18,1648.66,2.48,66.24,3.96,47.53,31.94,0
72.62,4.5,1345.39,2.53,69.61,3.85,52.38,46.14,0
64.53,4.94,1259.58,3.17,58.54,4.07,59.31,38.73,1
67.67,5.08,1288.88,1.96,56.67,4.39,30.58,32.69,1
67.26,5.42,1274.75,3.28,55.52,3.71,48.5,35.73,0
79.61,5.28,1425.08,2.61,67.13,3.51,42.39,24.72,0
58.84,6.72,1303.06,1.87,52.47,3.27,42.86,13.76,0
59.03,4.54,1692.7,1.6,56.59,3.95,57.19,33.25,0
70.7,5.1,1353.68,2.84,48.21,3.78,51.99,29.6,0
77.37,3.73,1344.85,1.27,58.55,4.04,39.67,21.88,0
73.8,4.9,1526.7,2.8,30.27,4.15,39.43,23.44,0
78.1,5.56,1312.19,1.45,45.84,4.29,42.65,44.64,0
55.97,6.1,1198.31,2.36,38.67,3.7,61.09,18.32,0
63.94,5.01,1477.07,2.75,58.16,3.63,56.45,46.56,0
66.71,5.38,1349.27,2.68,55.54,4.24,50.34,49.64,0
70.52,5.14,1626.99,2.56,40.78,3.93,42.28,35.91,1
67.8,5.93,1687.98,3.29,63.82,3.67,54.81,9.81,0
68.06,6.66,1278.94,2.91,34.03,4.14,46.01,21.47,0
67.94,5.65,1276.62,1.15,48.77,3.92,41.88,13.26,0
75.19,5.28,1594.17,2.54,57.17,4.39,52.34,30.49,0
66.64,4.87,1272.94,2.96,64.4,3.51,48.98,22.35,0
55.08,6.53,1412.21,2.51,50.22,4.54,44.71,43.74,0
80.91,5.67,1169.7,2.04,57.03,3.91,45.46,39.14,0
70.13,4.9,1329.71,2.19,30.25,3.98,51.26,62.17,0
69.47,3.95,1371.1,2.69,43.81,4.08,60.57,53.43,0
67.94,5.26,1680.09,1.77,39.17,3.93,58.87,63.04,0
70.24,4.96,1410.42,2.32,51.4,3.67,51.03,59.59,0
79.08,5.64,1569.08,2.25,43.22,3.88,53.37,47.96,0
67.12,6.79,1394.13,1.72,42.38,3.69,36.72,34.54,1
60.37,5.62,1152.27,3.89,48.89,3.89,49.79,22.47,0
66.11,5.69,1384.26,1.08,46.73,3.58,37.13,44.99,0
68.2,4.93,1124.57,2.2,70.26,3.98,47.46,34.65,0
79.88,5.02,1827.16,1.76,67.03,4.41,38.82,18.52,1
82.59,5.09,1238.61,2.37,61.5,4.06,46.15,51.75,0
71.75,5.64,1414.64,2.59,53.96,4.09,52.63,36.58,0
68.53,5.96,1714.59,2.74,51.0,3.65,47.55,33.46,0
72.16,4.54,1584.41,2.46,34.78,4.63,49.56,41.45,0
77.14,4.12,1572.24,2.81,62.16,3.37,45.44,44.7,0
65.24,6.76,1176.84,1.16,39.06,4.11,49.09,40.02,0
70.47,5.11,1428.16,2.53,54.09,4.08,44.68,16.4,0
71.93,4.92,1326.08,4.01,64.65,4.18,49.31,31.27,0
80.23,5.55,1479.47,1.89,53.13,3.89,46.8,26.16,0
70.86,5.05,1491.21,2.36,70.73,3.99,57.64,43.95,0
75.26,6.04,1632.71,2.04,59.52,3.54,46.42,8.17,0
65.23,6.74,1500.06,3.13,52.4,3.78,38.31,55.72,0
76.13,3.97,1667.23,2.69,57.67,4.08,45.6,14.77,0
75.31,4.85,1540.38,1.54,39.61,4.21,43.75,48.71,0
75.52,5.27,1615.98,3.28,64.58,4.45,39.06,11.04,0
65.5,4.65,1319.13,2.42,39.36,3.89,43.15,19.3,0
78.31,4.45,1527.36,2.44,38.68,4.21,47.33,24.5,0
88.6,4.2,1489.08,2.26,44.71,3.48,45.4,24.57,0
83.19,4.84,1523.01,1.86,66.23,3.99,48.65,38.71,0
72.23,4.98,1512.57,2.54,57.61,4.51,48.09,42.19,0
61.41,5.71,1620.02,2.91,50.9,3.42,53.03,36.94,1
70.45,5.42,1519.16,1.62,59.08,4.44,54.56,36.4,1
67.41,5.58,1451.56,2.67,61.82,4.18,46.66,52.51,1
73.55,5.96,1295.32,1.87,42.36,4.39,51.48,55.37,0
73.14,4.99,1428.08,3.04,60.96,4.0,48.9,28.02,0
72.44,5.13,1535.21,2.57,55.33,4.33,49.48,40.7,1
71.55,5.86,1636.6,2.28,57.39,4.33,51.65,40.68,0
89.26,5.13,1455.18,4.09,50.08,3.43,50.33,49.76,0
81.63,6.23,1328.52,1.67,75.17,4.23,51.28,45.88,0
77.31,6.36,1244.4,1.72,61.71,3.9,49.95,18.79,1
77.82,4.78,1597.77,2.32,61.63,3.95,45.47,24.93,0
75.34,5.39,1477.68,2.16,46.81,3.91,56.55,27.89,0
66.18,5.74,1630.55,2.76,54.12,4.05,42.92,44.88,0
84.4,5.54,1279.63,1.86,46.87,4.31,49.35,34.09,0
74.58,4.74,1535.01,3.41,54.38,3.48,41.44,25.58,0
70.3,4.31,1270.39,2.47,51.29,3.88,51.53,43.54,0
74.27,5.43,1612.35,1.39,59.6,3.84,50.74,43.57,0
65.46,6.6,1437.52,2.15,54.5,3.97,55.34,41.51,0
82.0,4.84,1059.7,2.33,48.54,3.8,47.6,39.62,0
83.02,5.79,1476.97,2.55,50.92,3.55,38.59,35.45,1
71.16,4.86,1673.75,2.42,38.04,3.6,48.25,41.15,0
74.43,5.56,1303.19,2.81,49.86,4.03,55.94,56.75,0
63.51,4.54,1696.83,3.65,70.93,3.59,36.25,32.56,1
73.87,5.93,1576.33,1.68,44.63,4.01,49.4,31.83,0
82.39,4.9,1018.08,2.51,62.05,4.62,49.75,40.08,0
74.98,4.55,1223.12,1.07,59.7,4.04,45.67,50.39,0
79.11,5.3,1762.49,2.3,49.96,3.71,44.34,45.33,0
67.96,4.96,1429.31,2.73,62.14,4.03,47.53,45.25,0
80.85,5.06,1899.55,2.03,36.49,4.06,52.84,34.51,0
72.62,4.84,1348.28,2.28,39.14,3.65,47.3,34.28,0
60.67,5.08,1496.69,3.09,52.35,4.02,48.29,20.2,1
72.64,4.11,1215.5,1.86,42.53,4.41,54.22,19.61,0
65.68,4.46,1477.43,2.04,46.65,3.39,48.31,37.82,0
68.84,5.56,1474.63,3.01,42.21,3.97,47.57,7.71,0
91.03,5.45,1555.65,2.13,38.08,3.81,51.89,37.07,0
68.8,5.72,1504.91,2.31,33.9,4.08,43.95,33.98,0
78.25,4.77,1165.77,3.3,53.89,3.6,47.83,33.0,0
69.08,4.78,1129.27,2.66,46.67,3.97,52.16,27.99,0
72.42,3.97,1448.46,2.7,75.43,3.96,52.19,24.69,0
67.4,5.62,1521.45,2.13,55.16,4.22,50.46,37.99,0
70.02,5.77,1298.69,2.07,61.28,4.11,43.26,44.23,0
67.03,5.34,1317.76,2.67,59.21,4.45,49.71,24.34,0
79.7,5.33,1570.96,0.5,47.53,4.93,52.73,21.37,0
72.23,5.43,1405.09,2.73,41.24,4.15,50.23,46.75,0
53.57,5.52,1211.51,2.55,41.23,4.41,44.75,40.93,1
65.54,5.98,1500.19,3.7,46.76,3.58,51.47,35.54,0
65.67,5.8,1519.67,1.32,63.09,3.51,42.2,24.86,0
66.26,5.49,1448.97,2.3,52.09,4.56,47.47,19.83,1
76.58,5.87,1651.08,2.23,64.53,3.96,46.13,49.23,0
73.08,5.67,1386.03,2.09,53.4,4.2,46.77,46.41,0
84.16,5.02,928.77,2.51,67.52,4.45,46.66,54.29,0
70.35,6.19,1534.66,3.68,59.83,4.19,38.77,1.17,0
64.79,4.77,1154.55,2.39,70.12,3.45,35.43,35.6,0
69.52,4.98,1355.04,3.12,53.04,3.85,50.88,0.64,0
73.75,4.71,1333.24,2.0,59.02,3.37,51.37,23.13,0
69.49,5.22,1622.05,1.76,60.34,3.78,46.01,14.66,0
64.18,5.35,1136.91,1.31,54.11,4.29,45.42,39.55,0
63.14,4.71,1423.89,1.92,56.99,3.58,53.0,14.99,0
72.03,4.66,1604.8,2.95,58.18,3.66,56.09,38.54,0
53.14,4.76,1527.19,2.71,73.47,4.65,44.32,37.36,0
69.89,5.6,1474.12,2.47,65.43,4.13,47.63,29.17,0
53.97,6.11,1488.63,2.63,67.09,3.77,51.73,65.59,0
74.89,6.82,1428.31,2.11,62.95,3.89,52.84,49.79,0
82.97,6.04,1452.91,2.02,69.37,4.57,45.72,52.46,0
76.75,5.9,1590.46,3.56,46.43,3.99,57.03,63.75,0
63.4,6.05,1535.13,2.7,57.51,4.06,51.73,28.28,0
68.91,6.2,1651.78,1.7,55.12,4.13,46.97,10.94,0
71.51,5.92,1110.73,3.46,42.97,3.66,46.15,38.2,1
73.03,4.72,1574.75,2.76,43.65,3.88,41.17,43.04,0
78.38,5.2,1701.37,1.05,38.85,4.22,52.78,31.75,0
67.83,4.4,1865.17,2.01,58.21,4.18,46.55,40.73,0
85.06,4.74,1206.48,3.05,58.28,3.82,56.14,21.35,0
69.9,5.25,1433.33,2.56,57.12,3.78,44.9,46.08,0
66.5,5.29,1360.23,0.77,56.69,3.96,35.39,16.48,1
59.98,5.37,1218.26,2.16,50.23,3.82,50.35,44.19,0
73.88,5.51,1455.6,1.0,56.22,4.06,47.96,53.52,0
67.64,5.58,2000.0,2.4,42.08,3.94,43.54,34.18,0
70.91,4.99,1766.46,3.87,37.28,4.48,40.67,42.86,0
75.6,5.04,1534.71,2.87,70.39,3.94,46.58,24.97,1
77.71,3.58,1399.48,2.37,57.63,4.61,55.64,26.75,1
64.15,5.05,1543.54,2.31,56.51,3.87,53.07,53.2,0
53.67,5.93,1295.65,1.68,62.01,4.01,55.84,48.24,0
64.85,4.62,1274.6,2.53,54.82,4.06,42.29,0.0,0
62.54,5.4,1248.01,0.83,53.06,4.53,51.61,41.59,0
86.43,4.41,1230.06,2.67,57.35,3.82,44.56,35.84,0
78.35,4.48,1796.3,3.02,35.24,3.96,42.47,14.56,0
66.76,4.6,1463.47,2.91,41.52,4.75,44.51,39.16,0
70.66,4.93,1334.32,2.43,59.62,4.54,47.96,40.89,0
68.63,4.97,1236.92,2.95,47.44,3.68,44.98,52.44,0
68.98,5.22,1301.17,3.1,44.01,4.07,50.17,43.58,0
52.99,4.72,1500.03,3.43,53.58,4.22,48.07,31.42,1
78.18,5.19,1393.8,2.14,73.47,4.69,51.36,25.16,0
61.25,5.87,1496.45,2.26,50.01,4.39,46.19,32.14,0
62.92,5.67,1348.77,1.81,51.51,4.02,49.95,36.12,0
72.17,3.85,1182.64,1.15,69.08,4.26,61.49,43.94,0
68.35,5.45,1630.21,2.61,62.92,3.3,46.63,26.93,0
76.49,6.64,1646.35,2.87,62.47,4.1,40.92,46.73,1
76.4,4.76,1277.78,2.4,67.91,4.04,59.42,31.11,0
74.23,5.75,1270.4,2.77,45.98,3.73,53.33,54.32,0
68.93,5.47,982.58,3.07,33.7,3.79,49.42,29.93,1
60.92,5.8,1328.82,1.71,65.63,3.38,46.45,40.91,0
68.59,5.87,1444.91,2.97,44.67,3.92,49.41,40.6,0
73.42,6.02,1612.46,1.91,43.21,4.4,46.95,21.12,0
74.94,5.45,1840.75,2.91,62.07,4.45,46.7,35.64,0
75.22,4.95,957.01,2.56,60.46,3.71,50.34,37.46,0
67.06,5.09,1267.99,2.09,52.28,3.92,46.25,31.92,0
67.01,6.47,1403.37,3.43,54.72,4.06,50.36,29.7,0
84.07,5.43,1622.38,2.47,61.58,3.97,48.42,64.22,0
68.99,6.29,1874.08,2.57,47.85,4.37,54.39,0.0,1
84.88,4.36,1461.12,3.29,51.75,3.77,50.72,42.74,0
65.95,4.36,1425.32,3.07,50.14,3.93,48.4,0.0,0
69.8,4.47,1273.88,3.07,44.94,4.29,55.03,31.59,0
79.19,4.12,1282.14,2.68,52.66,4.15,48.1,55.28,0
74.88,6.2,1269.39,1.57,54.07,4.28,53.24,29.37,1
68.84,6.02,1627.02,2.52,54.05,4.15,43.27,34.17,0
56.09,4.85,1576.51,1.85,47.11,3.8,51.5,41.13,0
61.71,6.13,1400.14,2.56,41.86,3.81,39.4,22.1,0
66.63,4.85,1258.46,1.36,60.15,3.91,54.84,53.9,0
66.41,6.18,971.58,3.35,50.89,4.23,43.79,52.35,1
73.97,5.62,1570.34,2.03,62.35,3.92,53.92,38.19,1
70.61,5.85,1579.96,1.69,58.99,4.17,39.94,21.3,1
76.13,5.37,1273.99,2.29,51.07,3.25,59.31,52.72,0
64.44,4.47,1588.33,2.83,37.57,4.27,44.86,24.54,0
78.53,5.73,1439.64,2.23,55.07,4.0,36.47,27.18,0
79.32,4.57,1432.8,2.67,54.49,4.01,53.03,19.47,0
84.11,5.1,1740.14,2.32,55.16,4.78,49.09,30.89,0
81.04,5.52,1476.42,2.07,44.91,3.64,45.3,46.64,0
66.47,4.97,1147.34,2.01,55.81,4.34,44.8,37.94,0
76.27,4.9,1564.53,2.11,60.15,3.47,43.71,41.95,0
70.88,4.01,1534.33,2.33,51.97,4.13,46.9,44.65,0
72.82,3.88,1651.13,2.22,57.99,4.53,59.26,24.95,1
72.55,6.11,1392.21,3.17,51.9,4.6,46.44,49.0,1
87.06,6.37,1336.18,2.8,54.7,4.29,49.36,34.76,0
88.42,5.08,1263.39,2.45,51.14,3.62,51.5,38.53,0
73.66,5.44,1161.49,1.58,55.63,3.82,51.91,42.35,0
70.81,5.56,1527.12,3.65,63.82,3.91,47.5,5.72,0
70.83,6.01,1380.13,2.51,68.16,4.18,53.62,11.83,0
78.5,5.07,1638.94,2.47,63.92,3.95,43.87,35.67,0
60.09,5.22,1360.16,2.53,46.56,4.04,53.47,19.19,0
72.89,4.8,1725.01,1.7,68.58,3.57,49.98,33.74,0
68.9,4.01,1472.06,1.91,51.21,3.9,51.68,53.68,0
85.34,5.51,1512.36,2.59,55.8,3.94,44.53,22.58,0
65.52,4.85,1672.74,2.03,59.11,4.16,43.63,0.49,0
65.35,5.93,1503.99,1.6,51.54,3.28,47.3,73.5,0
56.81,4.76,1452.18,3.29,56.75,3.63,41.38,34.91,0
65.06,4.83,1319.8,3.2,59.41,4.06,31.15,30.28,0
68.0,5.35,1436.27,2.59,68.15,3.42,49.68,66.59,0
69.5,5.71,1338.32,1.11,58.37,3.74,47.39,55.27,0
70.47,4.32,1537.01,1.6,50.79,4.3,56.05,13.04,1
71.55,5.25,1575.62,3.17,46.98,3.92,35.1,25.82,0
68.79,4.92,1452.05,2.45,57.98,3.58,40.75,28.14,0
64.17,4.47,1314.49,2.36,42.04,3.81,47.88,39.58,0
61.11,4.64,1482.23,3.05,56.55,4.06,43.76,6.97,0
78.47,5.32,1117.54,1.62,46.84,3.71,53.06,24.13,0
75.49,4.44,1366.3,2.39,62.57,4.25,55.26,36.8,0
64.37,4.92,1261.67,2.0,52.82,4.41,42.74,41.86,0
66.25,4.93,1367.07,1.94,45.56,4.06,48.44,42.01,1
65.58,5.55,1485.22,2.29,55.25,4.47,42.03,36.8,0
58.05,6.73,1374.83,1.54,65.09,4.25,50.52,49.6,0
73.47,5.14,1312.31,2.27,66.21,3.74,49.21,29.42,0
80.62,5.1,1223.18,1.2,58.93,3.59,36.99,0.0,0
72.03,5.07,1796.97,2.75,54.61,3.92,56.92,37.99,0
51.65,4.8,1526.43,2.99,65.91,4.36,34.16,30.12,0
66.56,5.82,1555.04,2.29,45.81,4.16,50.76,60.86,0
63.16,5.58,1744.88,2.38,54.93,3.55,54.99,51.98,0
61.2,5.47,1412.6,2.03,60.16,4.36,50.74,37.26,1
78.63,4.63,1501.0,2.59,45.99,3.55,44.93,56.84,0
76.11,5.16,1698.86,1.71,51.57,4.1,47.61,51.09,0
77.1,5.09,1289.73,2.3,56.79,4.19,53.81,51.58,0
77.39,5.58,1581.98,2.34,40.62,3.85,33.92,30.42,0
72.72,6.7,1165.87,1.8,46.34,4.62,37.57,47.2,0
75.99,5.61,1180.77,2.0,47.6,4.04,44.62,6.81,0
76.6,6.04,1608.48,2.75,45.39,4.62,42.98,53.23,0
66.29,5.46,1437.49,1.41,56.94,4.12,47.63,40.24,0
74.02,5.42,1328.5,1.64,62.03,4.13,48.78,5.51,0
90.9,4.99,1527.09,1.99,61.72,4.39,52.99,30.66,0
67.39,5.29,1540.06,1.78,57.33,4.03,45.61,73.52,0
70.74,4.22,1554.06,2.68,63.38,4.4,54.42,32.02,0
73.82,4.71,1446.94,2.06,56.86,3.74,49.6,52.28,0
66.45,4.83,1338.22,2.08,45.91,3.48,53.96,24.5,0
76.49,6.76,1264.71,1.61,57.63,4.09,45.55,31.33,0
66.26,5.04,1082.94,1.71,45.12,4.58,47.75,35.1,0
68.65,4.03,1556.34,2.69,60.06,4.0,42.72,23.88,0
71.41,4.98,1506.02,2.68,63.97,3.56,52.89,20.75,1
80.69,5.08,1610.03,2.58,42.68,4.28,41.25,15.7,0
76.2,4.96,1707.47,2.3,60.28,3.71,53.58,39.58,0
77.01,4.64,1354.15,2.8,48.12,3.87,43.15,28.46,0
69.45,5.5,1367.3,3.81,51.37,3.65,51.54,40.15,1
58.61,5.63,1530.34,1.82,59.75,4.04,55.97,24.38,0
72.49,6.03,1603.7,1.74,66.53,3.83,48.49,35.36,0
70.13,4.46,1609.94,1.97,44.17,4.03,60.84,47.95,0
73.11,5.11,1697.44,1.36,57.58,4.03,42.69,48.53,0
61.34,5.79,1293.86,2.72,69.36,3.62,54.64,32.8,1
66.45,5.96,1505.61,2.8,54.7,4.5,47.2,35.36,1
69.48,4.47,1581.54,3.22,48.85,4.14,52.68,24.34,0
66.98,6.84,1681.18,2.59,41.09,3.66,45.95,47.95,0
84.28,4.94,1198.17,2.25,53.39,3.51,47.04,27.46,0
66.87,5.24,1503.67,2.06,48.38,3.79,53.3,39.24,0
74.5,4.33,1450.16,1.6,55.04,5.06,47.98,57.77,0
79.83,5.9,1338.85,2.8,47.66,4.12,41.56,29.58,0
60.0,4.88,1619.48,1.94,53.38,4.08,41.26,31.97,0
60.06,5.94,1619.61,1.9,57.83,3.7,46.95,28.96,0
78.19,4.4,1564.58,1.79,46.26,4.13,46.73,37.02,0
84.37,5.45,1516.44,3.55,43.94,3.67,51.36,0.0,0
70.66,5.78,1580.66,2.02,56.85,4.13,43.95,56.02,0
85.2,5.44,1491.93,1.52,45.9,4.52,43.37,28.57,0
79.3,5.55,1348.72,2.52,60.09,3.33,57.72,19.63,0
79.06,6.58,1385.2,1.16,46.48,3.87,51.23,50.0,1
79.74,5.19,1357.93,2.57,57.79,4.35,42.96,48.82,1
71.48,4.51,1413.35,1.35,56.6,4.0,53.81,33.97,0
65.95,5.54,1530.26,3.07,42.59,3.88,45.55,40.19,0
68.33,4.92,1305.43,2.18,45.23,3.43,46.51,54.08,0
69.06,5.33,1503.45,3.25,59.87,3.9,49.23,33.09,0
68.17,5.14,1579.96,1.64,57.82,4.13,47.57,12.3,0
65.89,5.32,1241.46,1.94,57.49,3.67,50.93,36.85,1
78.85,5.57,1282.77,2.42,52.56,4.06,53.9,47.91,0
70.54,5.1,1428.26,2.18,56.08,3.79,45.97,29.05,0
73.89,5.9,1220.17,3.22,72.84,4.14,52.78,22.95,0
62.87,5.51,1320.87,2.04,49.56,3.85,45.97,36.69,1
76.75,6.01,1408.22,3.66,65.77,3.91,43.46,40.18,1
76.34,4.17,1668.97,1.86,65.28,4.19,65.62,57.97,0
59.35,5.57,1494.27,2.01,55.72,3.34,43.17,25.46,0
88.38,5.29,1535.42,2.91,37.06,4.3,47.34,44.72,0
76.69,5.25,1542.03,2.04,60.03,4.41,48.91,28.15,0
75.55,4.81,1420.82,2.05,65.49,3.85,46.21,39.36,1
72.66,5.61,1179.09,3.19,57.22,3.54,45.24,23.59,0
70.74,5.72,1400.28,3.52,47.51,3.5,60.94,20.4,0
66.26,6.05,1593.11,2.45,56.07,4.06,57.23,46.66,0
67.22,5.0,1908.36,0.5,65.04,3.76,41.11,42.17,0
75.9,4.9,1458.17,2.85,47.98,4.07,45.0,47.57,0
72.9,4.7,1448.77,2.89,66.7,4.41,52.99,14.03,0
69.68,5.29,1044.71,2.55,49.62,3.76,37.68,38.7,1
85.39,5.68,1361.67,2.36,48.89,4.06,46.34,36.86,0
78.91,5.24,1290.95,2.12,55.06,3.89,48.15,19.45,0
70.08,5.62,1601.41,3.34,49.11,4.06,46.6,37.74,0
58.62,5.54,1352.57,1.98,66.13,3.68,45.83,61.08,0
81.37,5.67,1573.03,1.92,51.32,3.92,57.9,44.32,0
70.96,5.34,1424.86,1.57,52.94,3.66,47.19,38.59,0
75.75,5.49,1657.14,2.56,46.15,4.52,48.01,47.16,0
68.32,5.75,1616.68,1.07,80.78,3.96,47.58,34.24,0
82.34,6.08,1712.17,1.41,45.23,3.55,52.49,29.08,1
66.82,5.3,1730.61,0.7,65.0,4.13,51.0,30.67,0
74.35,5.21,1673.12,1.4,61.95,4.13,42.55,34.33,0
79.46,5.56,1474.67,1.41,71.73,3.58,57.61,37.07,1
72.36,4.76,1708.63,1.88,54.23,4.59,34.08,36.21,0
62.82,4.51,1398.26,3.37,65.15,3.84,55.77,31.76,0
60.08,5.08,1345.58,3.06,59.05,4.53,48.62,48.64,0
76.43,6.2,1331.54,3.69,44.86,3.77,40.85,41.74,0
65.28,4.07,1493.2,2.87,59.88,4.1,45.06,12.52,0
73.37,4.1,1613.79,3.22,45.06,3.51,44.13,20.32,0
71.01,5.59,1043.08,2.53,49.31,3.84,55.18,84.21,0
68.91,5.62,1253.1,2.23,56.46,3.83,47.5,37.25,0
68.55,4.75,1481.97,2.26,51.52,4.15,52.71,68.58,0
57.72,5.76,1291.59,1.95,48.43,3.95,37.44,32.82,0
72.36,3.87,1740.69,0.5,34.55,4.15,58.86,48.49,1
64.89,5.51,900.37,1.52,34.21,4.05,53.11,24.94,0
69.47,4.45,1625.5,2.03,45.64,3.93,49.72,69.06,0
70.99,5.06,1646.05,1.76,67.68,4.33,44.66,28.74,0
65.87,5.51,1439.67,2.69,64.55,4.13,51.29,23.34,0
70.99,5.13,1591.3,2.24,42.93,3.81,44.99,40.04,0
61.08,6.06,1404.41,2.03,38.63,4.29,42.21,46.15,0
72.53,4.69,1773.35,2.63,62.46,3.89,44.49,35.65,0
72.72,4.62,1650.07,2.74,51.64,3.64,39.92,28.09,0
63.14,5.26,1484.42,2.44,50.43,4.27,51.38,33.16,0
71.49,6.04,1302.23,2.92,69.04,3.81,43.83,61.97,0
73.49,4.8,1517.45,2.33,51.71,3.94,40.0,21.12,0
81.9,3.9,1694.39,1.78,68.99,4.02,56.29,32.37,0
69.76,4.92,1364.47,2.66,52.69,3.77,48.46,26.95,0
79.7,5.39,1429.03,1.79,62.23,4.43,46.5,47.69,0
75.7,5.06,1292.84,2.63,45.27,4.56,45.99,46.06,0
78.76,5.0,1566.34,3.46,58.66,4.08,36.79,17.17,0
70.31,4.8,1515.88,2.01,49.81,3.48,42.76,35.62,0
77.83,6.43,1655.53,1.98,53.44,4.16,53.77,41.04,0
72.42,5.88,1512.03,2.61,50.29,2.98,49.64,33.95,0
62.63,4.01,1182.47,2.94,51.67,3.74,59.1,23.59,0
60.22,4.69,1560.17,3.41,56.5,3.91,41.14,11.62,0
82.9,6.08,1631.91,2.85,39.34,3.7,51.51,32.16,0
73.28,5.27,1460.05,2.87,60.95,4.44,42.5,16.26,0
70.29,4.97,1483.11,2.17,77.76,4.5,45.74,44.61,0
76.5,5.11,1174.6,2.85,52.97,4.29,48.19,43.5,0
81.17,5.73,1310.87,1.87,30.36,3.75,44.7,36.3,0
69.01,4.69,1238.84,1.48,25.74,4.64,57.25,8.26,0
69.9,5.44,1158.35,3.15,45.89,3.92,61.78,33.72,0
68.12,4.88,1375.8,1.28,56.26,3.68,53.59,60.92,0
63.47,4.86,1413.47,2.85,66.91,4.35,51.55,32.69,1
79.31,6.25,1482.08,1.6,55.18,4.26,44.8,39.84,0
59.12,5.28,1304.74,3.5,52.15,3.61,48.01,32.37,0
79.64,5.43,1709.92,1.96,57.22,4.02,55.85,24.86,0
68.75,4.19,1104.8,2.24,60.3,4.78,44.53,19.54,0
75.87,5.06,1557.76,2.49,56.35,3.96,55.17,33.8,0
73.4,5.54,1371.4,2.71,45.86,3.51,52.29,54.83,0
76.3,5.27,1065.11,2.18,68.62,4.25,56.83,51.23,1
80.03,5.08,1300.52,2.25,59.27,4.42,54.95,35.73,1
83.83,5.43,1413.6,2.7,51.9,3.65,50.26,62.75,0
69.51,3.94,1637.18,3.09,59.79,3.81,56.04,34.85,0
76.23,5.3,1734.97,0.79,40.66,4.32,51.33,52.15,0
56.16,5.2,1486.46,2.96,42.78,4.16,51.29,23.79,0
71.81,4.93,1488.9,1.85,67.34,3.93,41.57,42.14,0
73.05,5.59,1280.09,3.57,51.78,4.05,61.35,19.13,0
67.61,5.06,1724.17,2.05,56.02,4.3,47.97,32.86,1
70.98,4.15,1582.98,2.7,61.95,3.87,38.81,51.33,0
66.92,4.85,1491.3,2.42,55.25,3.79,53.38,47.44,0
75.51,5.67,1455.37,2.44,41.84,3.24,46.25,0.0,0
78.06,5.67,1798.82,1.91,64.34,3.85,41.9,34.34,1
65.51,5.73,1413.96,3.29,60.67,4.45,44.46,69.63,0
62.32,5.16,1353.63,2.36,56.86,3.67,48.82,28.55,0
76.09,5.09,1810.43,3.24,55.16,4.14,45.82,11.6,1
71.59,4.3,1377.99,1.88,43.41,4.4,51.46,47.68,1
70.68,4.85,1138.96,2.16,63.37,4.39,54.94,26.35,1
67.31,4.94,1444.37,2.02,75.54,3.35,38.88,56.64,0
71.87,5.32,1500.49,2.71,53.49,3.94,37.07,54.06,0
79.34,4.0,1197.66,3.62,56.52,3.75,55.64,16.94,0
70.79,5.46,1664.39,1.78,55.76,4.54,44.0,29.01,0
72.11,5.72,1431.97,2.81,49.75,4.01,54.77,37.87,0
74.96,6.45,1662.33,3.18,46.84,3.91,63.27,48.35,1
78.44,5.11,1455.37,3.11,53.06,3.75,49.66,25.12,0
59.92,5.08,1565.35,1.87,60.21,4.06,40.58,49.6,0
74.73,6.31,1540.52,2.45,44.79,3.51,40.75,44.21,0
88.17,5.24,1482.5,3.23,53.04,3.87,51.97,35.14,1
68.92,4.88,1342.58,1.82,58.38,4.02,52.67,46.59,0
81.34,3.6,1490.71,2.52,51.05,4.15,43.06,20.78,0
87.16,5.46,1580.56,3.53,64.27,4.39,43.06,39.37,0
78.16,4.54,1382.77,2.62,57.68,4.45,42.61,18.27,0
72.36,5.83,1553.28,1.79,46.0,3.81,56.65,29.57,0
66.13,5.41,1445.28,2.15,49.95,3.77,46.94,26.9,0
75.04,4.62,1827.95,1.83,49.66,4.32,41.23,34.09,0
77.35,4.42,1169.82,1.54,68.21,3.35,60.53,22.43,0
63.54,6.13,1488.54,3.13,71.61,4.33,42.04,53.24,0
75.15,5.27,1213.2,3.13,51.49,4.32,53.2,44.38,0
74.09,5.37,1501.12,2.53,64.67,4.97,42.64,4.78,0
75.32,5.05,1521.58,1.66,39.96,4.3,43.78,51.66,0
69.47,5.38,1620.36,2.1,64.14,3.78,39.43,22.71,0
71.92,5.48,1580.54,2.89,35.65,4.65,33.24,20.74,0
67.28,4.03,1270.84,1.75,41.18,3.95,50.14,55.67,0
72.85,5.11,1340.24,3.34,37.58,3.37,47.8,51.29,1
64.11,5.36,1760.92,2.49,54.5,4.11,38.25,28.0,1
86.9,3.77,1527.98,2.21,68.42,4.25,48.89,32.88,0
73.36,4.67,1535.94,2.12,51.81,4.08,54.39,19.07,0
64.88,5.17,1307.56,1.51,58.04,3.67,52.0,9.73,0
71.35,6.36,1801.56,2.34,44.2,3.7,55.39,50.24,1
89.88,4.45,1518.77,2.93,42.21,3.67,39.67,49.15,0
69.67,5.86,1242.5,2.63,59.34,4.28,42.12,30.5,0
73.64,5.57,1763.07,2.16,55.46,3.69,42.83,35.23,0
73.73,5.8,1540.05,2.74,69.26,3.92,57.94,80.8,0
66.35,4.59,1309.12,2.53,47.12,3.85,48.97,61.37,0
72.63,5.57,1298.11,3.36,46.25,3.91,50.39,41.51,0
70.26,6.54,1479.01,2.25,48.53,3.46,45.64,39.12,0
86.82,5.23,1354.93,2.42,58.34,4.85,52.38,19.84,0
68.31,4.48,1645.87,2.83,36.45,4.46,44.17,23.42,0
79.32,4.42,1322.47,3.05,31.49,4.21,52.77,19.86,0
73.35,4.79,1233.23,1.44,49.82,4.05,50.04,26.33,0
60.46,5.02,1489.4,2.07,51.16,3.72,43.97,31.03,0
65.26,5.78,1529.64,2.31,64.68,4.12,44.47,27.47,0
70.09,6.17,1361.36,2.42,43.77,4.58,52.32,29.99,0
69.0,5.17,1375.51,2.44,71.52,4.0,35.5,16.52,0
75.13,5.02,1603.04,3.31,64.78,3.77,45.72,53.34,1
70.28,5.1,1286.01,1.58,67.45,4.27,45.28,49.49,1
80.51,5.02,1812.07,2.68,60.36,4.22,44.49,24.11,0
62.71,5.67,1311.49,1.89,50.46,4.45,60.19,41.64,0
72.93,6.0,1673.32,3.17,54.05,3.97,44.24,15.49,0
71.07,4.64,1814.51,2.6,44.52,3.87,43.51,9.74,0
75.67,5.99,1342.24,1.48,62.3,4.25,41.28,23.7,0
73.83,4.9,1582.39,3.15,75.05,4.15,51.79,35.94,0
69.14,5.55,1729.66,1.93,68.07,4.26,51.96,35.51,0
81.2,3.93,1265.58,2.62,52.73,4.37,52.2,50.4,1
76.16,5.6,1717.64,2.53,55.21,4.31,52.58,28.32,1
71.7,5.67,1410.1,3.59,45.87,4.11,58.67,52.44,0
73.64,4.92,1388.75,3.62,71.19,3.97,50.91,56.27,0
71.7,4.3,1689.8,2.29,57.22,3.88,42.5,0.0,0
65.53,5.58,1437.34,3.12,52.27,4.11,39.55,42.67,0
75.01,6.07,1602.27,1.9,71.18,3.81,58.61,20.4,0
58.87,4.85,1630.43,1.71,54.13,4.58,36.43,60.98,0
78.01,5.69,1477.33,1.76,62.21,3.54,51.07,20.04,0
57.7,5.25,1764.37,2.16,51.21,4.36,42.19,17.95,0
69.37,6.05,1090.16,1.89,66.6,3.87,55.2,18.25,1
75.6,5.36,1777.82,3.14,45.51,3.48,40.72,35.06,0
61.06,4.55,1465.64,2.09,55.53,4.12,43.25,56.45,0
70.78,5.27,1439.65,2.68,71.68,3.98,45.73,34.38,0
75.14,5.41,1704.45,2.59,38.63,4.62,44.39,0.0,0
69.66,6.3,1626.26,3.04,47.42,4.01,53.88,44.59,0
74.73,5.14,1568.49,2.85,47.54,3.28,51.82,31.5,0
82.89,4.48,1555.35,3.48,57.25,4.26,42.1,37.97,0
62.49,5.82,1381.53,2.59,60.1,3.77,44.6,33.57,0
62.43,5.69,1775.39,3.27,55.7,3.81,48.09,35.21,0
63.54,4.09,1350.91,2.56,54.09,3.85,45.85,29.52,0
63.98,4.8,1563.31,3.07,69.17,3.18,40.95,0.64,0
71.35,6.54,1015.69,2.96,50.79,4.26,40.52,27.85,0
62.06,4.82,1075.19,2.29,46.85,4.03,42.24,44.11,1
72.42,5.3,1418.24,1.5,64.96,4.03,43.58,32.57,1
81.5,5.14,1650.3,1.94,61.06,3.67,53.87,53.08,0
79.79,4.93,1472.52,1.96,48.06,4.02,51.24,46.05,0
80.96,5.86,1445.31,2.79,48.02,3.86,47.67,13.61,0
75.49,5.03,1663.01,3.08,47.57,4.17,43.96,33.05,0
68.46,5.68,1488.91,2.07,61.54,4.24,40.96,28.34,0
62.92,6.14,1499.57,2.34,58.08,4.26,45.63,16.79,0
71.27,4.24,1400.31,2.59,51.12,4.25,47.88,35.78,1
76.85,4.41,1833.33,2.21,58.86,4.14,43.73,19.23,0
67.07,4.96,1385.93,2.09,60.08,3.98,42.73,31.13,1
78.85,6.18,1394.06,3.13,53.77,3.97,38.44,36.92,0
72.91,5.37,1357.5,4.07,62.61,3.97,48.43,32.86,0
56.75,5.09,1396.95,2.29,72.16,3.61,48.23,38.2,0
78.8,6.21,1471.81,1.86,36.56,4.21,44.51,34.19,0
74.66,5.61,1695.68,2.16,75.74,3.49,55.37,20.49,0
78.9,5.42,1494.4,2.65,50.44,3.96,51.33,48.14,0
70.59,5.25,1625.12,4.08,48.63,3.87,43.09,20.83,0
72.82,5.6,1468.35,1.74,46.33,4.3,53.04,21.73,0
72.75,5.3,1562.28,2.52,27.17,3.73,51.59,14.7,0
79.25,5.43,1482.64,3.0,59.4,4.48,50.83,53.84,0
73.1,4.92,1456.69,1.88,48.39,4.07,46.26,55.43,0
83.59,4.42,1293.32,0.5,62.29,3.45,34.08,49.19,1
60.36,4.03,1322.81,2.6,58.16,4.26,45.52,53.27,0
75.46,4.97,1336.76,2.31,50.56,3.84,51.7,35.08,0
75.55,3.95,1414.37,1.95,50.82,4.16,42.39,26.8,0
74.04,4.29,1615.46,1.43,52.47,3.62,39.6,50.34,0
57.73,5.85,1199.1,2.89,59.81,4.17,45.31,55.58,0
77.12,4.75,1493.99,1.97,47.98,4.43,41.23,46.42,1
66.07,5.07,1432.05,3.66,52.68,4.18,47.11,26.63,0
75.22,4.65,1520.91,1.89,51.37,3.85,45.5,20.92,0
75.88,5.39,1641.12,1.76,51.57,4.12,44.13,30.35,0
85.26,6.03,1460.53,1.64,57.26,3.28,50.02,40.08,0
70.68,5.36,1079.81,3.52,48.74,3.86,39.69,21.04,1
75.15,4.36,1434.47,3.01,49.49,4.49,43.55,27.69,0
76.03,5.4,1444.63,3.74,57.33,3.55,53.87,38.18,0
76.24,6.36,1453.09,1.79,50.67,4.42,53.85,27.55,0
65.98,6.25,1713.3,3.32,54.61,2.82,40.69,63.78,1
70.88,5.11,1632.14,1.55,47.46,3.45,42.48,43.04,0
74.6,4.62,1300.59,3.96,60.03,3.71,50.73,26.9,0
71.05,4.75,1533.04,1.21,53.06,4.22,43.34,0.0,0
77.88,4.75,1195.37,2.17,50.82,4.24,42.47,29.51,1
65.43,4.79,1069.54,1.7,64.79,3.75,51.13,16.45,0
67.18,5.73,1602.35,2.2,64.58,3.88,43.24,24.12,0
68.25,5.09,1245.85,3.26,61.23,3.38,49.92,31.63,0
68.62,5.72,1610.89,2.27,50.13,4.15,65.83,41.88,0
64.73,5.31,1824.3,3.4,58.62,3.68,44.44,6.68,0
73.66,5.56,1435.59,1.68,48.66,3.93,56.36,53.42,0
67.24,4.62,1804.86,2.54,60.85,4.9,55.64,70.96,1
76.2,6.05,1565.25,1.79,53.93,4.38,47.51,26.86,0
64.09,5.68,1615.0,2.11,68.9,4.47,51.44,35.1,0
65.77,5.15,1555.54,1.35,58.89,4.16,51.37,42.57,0
75.56,5.22,1331.39,1.31,47.84,3.85,46.09,14.8,0
79.48,5.57,1404.06,3.25,53.53,4.32,47.14,31.42,0
64.46,5.44,1433.83,1.73,50.8,4.12,50.86,48.55,1
59.83,5.92,1585.8,3.1,64.2,4.15,46.74,57.49,0
86.61,4.59,1267.58,3.15,65.15,4.36,50.87,21.69,0
68.32,6.16,1223.03,2.96,50.78,3.67,35.84,22.22,0
68.2,4.64,1555.97,2.61,75.28,4.37,69.0,22.34,0
85.56,5.47,1587.48,1.57,60.15,3.81,38.91,45.8,0
73.22,4.31,1508.91,3.01,61.84,4.07,49.69,37.74,0
92.12,6.32,1515.04,2.05,48.66,4.27,34.13,36.72,0
67.66,4.83,1416.0,3.02,33.72,4.3,54.71,29.7,0
58.89,5.42,1703.79,2.62,70.03,3.59,54.14,19.74,1
71.92,5.58,1414.14,2.33,60.42,3.42,44.52,43.83,0
62.51,5.46,1479.26,1.93,33.75,3.39,51.95,30.93,1
63.23,5.38,1477.04,2.37,59.23,3.89,51.07,31.4,0
77.49,5.87,1708.27,2.24,58.17,3.93,55.34,48.64,0
76.3,5.19,1448.72,2.97,53.05,4.27,48.68,26.9,0
75.43,5.7,1582.97,2.68,49.65,4.05,44.81,46.49,0
79.45,5.41,1560.26,2.37,62.6,4.04,42.96,60.23,0
86.78,4.76,1654.31,2.57,54.4,4.19,48.9,42.01,0
74.89,4.64,1412.55,2.17,47.39,4.92,52.89,42.47,0
70.9,4.56,1398.8,2.7,38.24,4.55,57.68,45.72,1
74.0,5.3,1150.97,1.92,59.25,3.7,47.08,4.39,0
66.79,6.27,1229.64,2.19,61.61,4.32,47.79,27.1,0
78.29,5.67,1467.05,3.36,57.35,3.99,48.76,32.75,0
63.64,5.28,1521.51,3.19,44.41,3.94,48.26,64.55,0
71.03,4.18,1715.47,1.88,67.79,3.94,47.54,39.29,0
63.93,5.62,1608.15,2.98,49.36,4.33,47.25,50.51,1
65.86,6.22,1582.77,2.85,62.63,3.73,46.09,39.31,0
72.07,4.6,1318.19,2.47,62.23,4.25,47.35,73.85,0
72.62,5.34,1511.45,2.08,66.97,4.09,54.37,38.37,0
66.5,4.37,1469.26,3.51,42.65,4.33,44.99,32.31,0
74.98,5.9,1332.27,1.98,29.42,4.42,51.66,50.4,1
57.82,4.01,1539.21,1.82,54.62,3.89,47.74,17.71,0
73.96,4.97,1784.07,3.15,44.27,3.97,45.33,36.21,0
83.84,4.09,1381.39,1.71,51.32,4.54,44.34,16.49,1
70.78,5.62,1573.19,1.2,47.43,3.74,36.36,31.23,0
61.77,5.62,1247.38,3.14,35.81,4.07,52.02,33.8,0
63.91,5.82,1432.36,3.27,59.89,4.06,47.44,36.28,0
72.98,5.54,1316.54,1.98,52.7,4.39,56.72,40.79,0
74.0,5.4,1344.91,1.87,58.16,3.99,58.28,39.71,0
80.96,5.86,1468.03,1.71,57.9,3.77,40.42,46.27,0
70.73,5.02,1173.42,3.17,50.19,3.87,51.98,20.41,0
71.76,6.13,1461.14,2.71,54.61,3.88,48.63,53.32,0
91.56,4.98,1382.68,2.07,39.97,3.17,42.41,52.75,0
73.08,4.23,1140.35,3.27,69.5,3.89,56.84,37.8,0
74.25,4.61,1290.27,2.12,70.08,3.52,42.5,12.59,0
85.65,4.83,1217.33,0.63,52.31,4.19,40.62,39.4,0
65.86,5.58,1434.44,1.91,52.4,3.93,42.15,41.18,0
66.4,4.78,1656.23,2.65,69.67,3.79,57.13,9.58,0
88.49,4.9,1391.92,2.52,55.43,4.32,45.87,36.99,0
78.02,6.06,1171.88,2.5,55.49,4.78,45.83,23.2,0
72.66,5.41,1456.16,2.81,50.48,4.02,51.38,41.06,0
56.24,4.29,1056.75,3.82,52.26,3.48,45.78,18.66,0
66.29,4.69,1644.86,0.7,39.22,4.02,44.19,45.77,0
77.82,5.56,1810.42,2.08,44.43,3.92,54.54,24.77,0
67.89,5.72,1333.09,2.93,31.34,4.53,58.19,39.04,0
65.05,5.28,1499.21,2.56,49.96,3.41,50.97,53.53,0
71.6,5.16,1432.82,1.67,53.42,4.05,47.76,28.35,0
68.61,5.7,1343.12,2.31,51.81,3.56,51.62,45.85,0
69.21,5.57,1312.87,1.15,60.26,4.28,49.8,36.59,0
64.22,5.45,1130.66,3.2,63.73,4.49,49.33,18.01,0
65.08,5.77,1304.11,0.68,54.73,3.83,48.17,29.35,1
65.0,5.55,1314.29,2.41,52.82,4.46,59.07,20.4,0
74.63,5.39,1284.96,2.06,42.39,3.79,45.53,31.12,0
79.27,4.31,1687.12,2.28,37.3,3.84,43.43,54.51,0
74.1,5.07,1617.92,2.67,72.69,4.09,49.06,37.17,0
73.07,4.75,1376.82,3.18,69.75,3.46,36.31,43.26,0
67.84,5.73,1493.49,3.35,64.04,4.09,42.1,14.54,0
70.17,4.42,1283.49,1.86,44.25,4.62,59.22,63.39,0
65.89,5.65,1514.52,2.19,65.08,3.93,49.31,56.24,1
59.88,5.19,1479.18,1.73,35.26,4.68,45.5,27.13,0
69.22,4.72,1336.15,2.62,38.23,3.69,54.55,18.54,0
67.12,4.82,1468.06,2.96,59.06,3.45,41.8,43.13,1
64.62,5.58,1526.85,2.1,48.75,4.33,47.94,60.33,0
65.03,5.58,1612.05,2.61,53.27,4.01,48.69,14.15,0
65.51,5.58,1653.07,2.74,55.4,4.32,44.95,17.11,0
80.57,5.03,1365.52,2.48,48.94,3.46,39.48,10.22,0
58.83,4.84,1429.88,2.47,84.73,3.64,50.44,53.04,0
61.17,5.2,1597.36,3.19,53.76,4.18,47.17,35.34,0
74.67,4.44,1243.26,3.18,61.65,4.4,48.98,10.69,0
77.89,5.03,1315.41,2.77,53.43,3.88,46.78,45.73,0
61.72,6.47,1338.6,2.99,65.23,3.76,39.1,15.99,0
72.0,4.66,1266.42,2.76,49.28,3.6,38.08,19.12,1
77.06,5.94,1427.99,3.77,60.35,4.45,55.56,26.63,0
77.78,5.15,1749.98,2.65,60.71,3.92,52.32,12.5,0
73.46,4.63,1689.99,2.06,49.67,4.21,40.75,18.52,0
79.0,4.53,1194.83,2.23,48.38,3.96,48.63,32.94,1
72.84,5.53,1276.21,3.17,60.57,3.68,60.6,20.62,0
75.94,4.36,1607.78,2.07,67.77,4.03,49.55,51.86,0
70.21,6.02,1558.41,2.16,53.21,3.57,55.27,21.64,0
70.39,5.12,1354.35,1.56,51.71,4.29,46.66,29.23,0
76.6,5.31,1273.56,3.81,58.53,4.1,52.78,27.37,0
75.03,5.26,1531.26,2.49,54.15,4.08,49.8,49.19,0
60.36,6.31,1534.48,2.92,46.61,3.77,45.01,35.0,0
79.05,5.16,1322.29,2.81,63.16,3.48,41.55,40.39,0
74.4,5.29,1584.26,1.92,32.91,4.15,48.34,17.87,0
54.82,4.8,1546.28,1.68,59.37,3.69,42.13,29.67,0
69.13,5.3,1468.53,1.36,53.13,3.82,51.55,17.05,0
58.71,5.0,1613.67,0.62,49.98,3.51,53.54,37.57,0
71.72,4.7,1104.19,2.9,48.56,4.14,49.05,28.23,1
74.51,5.62,1400.72,3.23,54.1,4.02,48.31,49.53,0
68.21,6.04,842.96,1.55,63.46,3.68,46.94,17.13,1
58.64,6.45,1633.37,1.56,53.93,4.26,48.3,34.83,0
77.71,5.41,1515.04,2.45,67.29,4.36,53.32,21.06,0
67.23,5.45,1654.39,2.17,58.55,3.48,47.36,37.28,0
69.72,6.06,1571.43,1.75,60.68,3.54,44.3,27.45,0
58.24,5.25,1609.53,1.86,59.01,3.89,53.16,49.68,0
76.26,6.16,1368.12,2.48,53.98,4.39,40.27,15.66,0
63.85,5.03,1736.0,3.34,55.58,4.27,44.82,14.69,0
72.7,4.51,1383.44,3.07,32.72,3.47,40.06,33.55,0
77.27,6.34,1624.79,0.88,63.69,4.75,49.2,48.91,0
72.99,5.67,1412.76,2.13,68.32,3.55,48.2,39.5,0
70.86,4.99,1697.9,2.45,62.36,4.4,51.08,73.82,0
55.65,5.41,1167.71,2.11,37.59,3.56,48.67,16.76,0
77.6,5.12,1454.74,2.71,53.53,4.15,51.45,48.48,0
75.75,6.79,1673.43,2.73,55.26,4.22,48.1,32.67,0
70.75,5.13,1517.86,1.61,38.82,4.14,37.1,40.16,0
78.8,6.54,1530.56,1.85,51.91,4.45,43.18,29.97,0
88.07,5.49,1294.49,3.15,70.47,3.81,47.21,36.41,0
72.03,5.66,1655.82,1.38,62.61,4.01,39.08,50.67,0
65.33,5.25,1236.88,1.71,52.77,3.94,44.87,38.15,0
79.23,5.71,1627.8,1.73,43.16,3.3,47.92,8.52,0
68.89,4.72,1298.54,2.05,80.57,4.11,43.43,31.41,0
74.38,5.25,1274.24,2.69,35.27,3.62,48.82,33.12,1
66.18,6.23,1274.63,2.9,61.2,4.13,47.74,19.66,0
70.29,6.23,1639.42,2.48,71.88,4.16,57.03,41.95,0
73.87,4.79,1194.39,2.61,54.23,4.5,47.17,45.77,0
88.98,6.17,1309.75,2.57,49.69,3.81,45.55,68.72,0
64.62,4.67,1568.9,2.55,38.87,3.93,51.9,40.21,0
82.01,5.27,1358.46,2.56,56.74,4.48,50.33,14.83,0
63.44,4.29,1422.25,3.28,69.43,3.87,46.53,52.93,0
72.0,5.77,1490.99,2.34,54.42,3.83,45.93,40.13,0
60.5,5.95,1454.72,3.25,69.91,4.17,44.29,5.92,0
74.88,4.96,1398.91,1.78,46.35,4.04,42.55,25.73,0
78.01,4.23,1362.25,2.09,41.44,3.78,40.22,36.36,0
76.6,4.74,1555.13,2.58,66.28,3.66,52.49,42.09,0
64.75,6.1,1586.58,3.78,55.49,4.08,53.44,35.92,1
76.85,6.5,1652.36,1.35,51.25,4.14,41.25,39.24,1
71.51,4.17,1330.84,2.87,46.69,4.51,51.97,28.18,1
82.75,6.16,1764.36,2.51,79.53,4.48,44.43,40.08,0
59.15,5.04,1118.25,3.07,43.5,3.81,45.46,41.78,1
83.55,4.58,1268.64,2.85,46.0,4.54,40.8,9.85,0
78.31,5.22,1356.47,3.59,67.25,3.87,43.14,39.44,0
71.87,5.33,1201.1,2.22,49.03,3.88,57.43,8.78,0
81.88,5.39,1413.53,2.14,45.95,3.71,45.12,36.6,1
69.86,6.02,1252.26,1.63,73.0,3.88,36.5,20.5,0
63.65,4.09,1455.66,2.09,44.62,3.92,47.34,38.73,0
64.99,5.93,1091.7,2.42,82.38,4.13,56.36,20.71,1
63.58,4.78,1551.32,2.05,40.91,3.41,43.62,33.4,0
72.27,5.76,1872.69,2.52,50.01,3.88,48.59,42.04,0
70.86,5.53,1532.91,1.36,59.23,4.18,46.0,34.53,0
74.62,4.81,1593.78,2.01,58.96,4.3,54.77,41.28,0
70.12,5.45,1353.86,2.98,45.27,3.84,45.93,29.41,0
71.51,5.72,1615.26,1.87,49.25,4.63,51.04,27.62,1
75.48,5.73,1186.43,1.48,32.22,4.45,45.58,45.91,0
72.84,4.98,1301.04,1.63,47.1,3.97,51.74,36.33,0
71.72,4.87,1513.86,2.78,47.18,4.14,52.21,58.37,0
63.57,5.43,1379.91,1.75,61.95,3.98,42.31,25.19,0
75.7,4.94,1277.76,2.96,46.87,4.06,48.49,29.4,0
71.31,5.3,1548.41,0.84,78.21,4.21,48.14,33.44,0
70.13,5.26,1979.48,3.49,47.19,3.62,47.24,42.26,0
70.7,5.73,1576.38,2.6,48.68,3.63,49.9,35.29,0
66.14,4.78,1418.07,2.61,42.33,3.98,49.43,36.75,0
81.77,5.92,1618.83,3.17,65.09,3.87,47.75,36.85,1
88.98,5.28,1254.24,1.61,73.46,4.03,47.12,40.37,0
68.18,5.0,1288.7,3.02,50.47,4.66,39.46,5.1,0
65.06,5.26,1191.75,2.35,46.26,3.71,49.03,25.52,0
62.06,4.57,1716.1,2.7,56.77,3.89,52.57,36.59,0
75.32,4.73,1157.74,2.62,78.51,3.83,54.54,20.24,0
75.28,4.77,1458.1,3.29,57.99,4.0,51.84,10.48,0
72.68,4.9,1788.06,2.45,67.11,4.36,44.07,21.35,0
73.4,5.3,1270.54,2.75,61.51,4.17,49.77,25.72,0
82.13,5.48,1220.8,0.5,48.64,3.84,45.46,45.77,0
61.39,5.16,1501.37,2.19,60.78,3.93,48.78,32.04,0
61.79,4.99,1381.9,3.37,57.63,3.98,55.66,8.39,0
64.97,5.68,1303.84,1.95,60.74,4.23,40.97,28.34,0
74.44,5.01,1352.77,3.65,62.31,4.39,52.15,11.45,0
81.42,4.59,1288.51,2.76,66.53,3.62,47.03,56.12,0
76.38,5.91,1284.68,1.99,42.3,4.32,51.75,36.06,0
67.67,5.13,1366.68,3.5,61.01,4.13,45.38,9.16,0
61.3,5.43,1456.24,3.13,50.33,3.7,43.03,34.48,0
67.16,5.59,1387.6,2.46,51.44,3.64,46.32,16.94,0
65.03,4.84,1525.72,3.3,54.59,4.19,42.57,43.96,0
80.9,5.39,1410.72,3.27,57.89,4.18,40.99,37.57,0
78.52,5.77,1228.52,2.2,57.03,4.19,42.25,46.17,0
64.14,4.25,1573.95,3.19,43.94,4.13,41.28,17.09,0
74.68,6.27,1205.69,1.89,56.65,4.26,37.42,34.55,1
66.87,6.05,1275.94,2.59,54.22,3.53,48.19,19.02,0
63.31,5.43,1433.58,1.3,64.32,4.25,47.05,29.05,0
65.19,5.95,1689.88,1.55,64.38,3.91,43.64,22.25,0
81.25,4.42,1657.85,3.55,43.91,3.82,62.33,40.08,1
62.64,5.72,1504.82,3.26,47.7,3.92,51.56,23.78,0
70.75,5.57,1526.79,2.06,53.13,3.67,44.06,31.07,0
76.68,5.53,1438.2,2.89,36.7,4.1,44.69,28.94,1
72.15,3.33,1396.24,1.67,65.94,3.02,38.51,24.02,1
78.37,6.12,1576.16,3.85,58.05,4.17,45.83,44.08,0
76.27,4.51,1517.4,2.35,55.68,4.44,45.62,32.81,0
69.16,5.26,1360.78,1.58,43.02,4.63,53.26,34.24,0
61.51,5.99,1409.38,2.59,54.48,3.83,50.04,16.34,0
71.96,4.17,1328.05,3.16,58.8,4.11,55.98,52.24,1
71.04,5.45,1378.2,2.48,65.53,5.2,47.99,60.96,0
69.41,5.28,1531.89,2.24,54.99,4.1,55.6,42.39,0
63.96,5.14,1763.3,1.92,46.06,4.59,43.08,28.27,1
81.58,5.1,1231.07,2.09,61.31,4.47,60.51,20.67,0
71.39,5.77,1536.89,3.28,70.32,4.08,56.55,50.81,0
72.82,4.46,1623.52,2.65,45.43,4.72,51.47,50.63,1
74.06,5.28,1163.63,1.71,62.58,3.78,39.27,50.62,0
75.55,4.89,1644.32,2.37,64.3,3.89,49.96,0.92,0
70.28,5.19,1215.78,2.36,45.08,3.9,44.87,29.03,0
73.96,6.05,1712.55,2.75,44.99,4.02,41.74,40.82,0
70.96,5.66,1660.28,2.41,84.95,4.03,39.25,55.94,1
64.08,6.12,1244.77,2.07,56.63,4.39,53.9,25.76,0
82.78,4.56,1338.6,2.92,49.05,3.85,41.34,34.08,0
67.8,5.5,1646.29,3.72,49.97,4.22,38.56,60.92,0
76.89,4.95,1220.88,3.87,47.51,3.54,51.6,24.55,0
82.09,5.01,1534.24,2.82,57.35,3.93,54.43,26.63,0
73.02,6.8,1350.21,3.37,66.86,4.43,44.53,14.47,0
67.83,4.52,1446.48,2.42,59.78,3.78,38.67,48.65,1
76.43,4.26,1437.38,2.85,79.11,3.74,51.5,20.06,0
74.73,5.49,1696.42,2.87,47.16,3.87,52.26,24.14,0
71.13,5.09,1263.64,0.95,38.86,4.41,52.86,20.29,0
88.03,4.04,1473.67,2.11,44.56,4.4,42.32,31.5,0
66.66,4.21,1587.95,2.24,70.94,4.16,46.42,29.61,0
75.17,5.29,1282.73,2.58,65.46,4.14,48.72,47.51,0
61.14,4.72,1439.95,2.58,62.78,3.77,46.23,57.44,0
79.02,5.82,1389.42,2.72,39.49,3.75,42.66,59.89,0
81.55,4.64,1315.99,3.05,57.84,3.96,47.46,17.87,0
75.56,4.63,1981.17,2.96,59.11,4.49,57.72,17.47,0
70.33,5.81,1404.2,1.94,52.18,3.85,41.57,40.74,0
73.72,5.82,1630.92,3.37,54.61,4.42,51.01,38.63,1
69.4,5.57,1792.33,3.0,42.71,3.73,47.47,41.73,0
67.27,5.82,1433.62,3.04,54.37,3.77,55.25,38.73,0
63.91,5.8,1382.67,1.04,55.67,3.36,41.34,15.88,0
75.25,5.11,1649.71,2.19,34.27,4.13,40.0,15.38,0
79.81,5.03,1318.6,2.41,55.17,3.79,51.32,49.35,0
68.99,6.0,1601.33,2.36,50.65,4.26,50.24,17.61,0
70.2,5.24,1539.78,2.24,36.13,3.7,56.63,43.91,0
68.74,6.27,1690.74,2.9,22.88,4.18,47.47,30.81,0
83.43,4.29,1460.07,2.98,42.09,4.27,44.43,46.92,0
71.72,5.48,1290.53,2.72,41.66,3.61,48.87,39.58,0
72.72,4.38,1367.19,2.62,61.3,4.29,57.41,7.71,0
77.38,5.26,1457.08,2.24,52.03,3.29,49.09,46.15,0
79.91,4.97,1513.59,2.68,54.37,3.95,57.62,32.33,0
76.55,3.94,1128.04,2.72,53.66,3.69,44.01,13.22,0
64.85,5.32,1458.81,2.28,56.77,3.73,49.86,47.54,0
86.57,5.63,1284.42,2.37,60.44,3.9,44.82,18.39,0
76.06,6.34,1549.58,2.7,57.8,3.69,46.55,33.86,0
65.03,4.81,1521.64,1.8,49.48,3.65,53.96,43.09,0
76.83,4.35,1725.78,2.51,66.26,3.86,51.1,35.55,0
57.88,5.42,1700.87,2.65,57.85,3.61,48.56,49.71,0
73.01,4.66,1465.09,2.36,65.43,3.97,59.8,48.17,0
56.54,5.5,1656.52,0.96,52.67,4.09,43.26,22.98,0
50.82,3.56,1301.01,1.25,47.14,4.43,54.9,12.99,1
81.34,4.51,1373.46,2.41,45.02,3.54,57.18,35.54,0
73.39,5.3,1383.74,2.77,49.46,3.77,52.94,46.62,0
67.1,5.5,1688.19,2.26,51.73,4.04,52.72,31.21,0
71.78,4.21,885.63,1.7,56.22,4.13,51.1,38.8,0
67.73,5.84,1432.38,2.9,58.13,3.8,42.76,24.66,0
73.93,4.28,1767.27,2.79,56.91,4.24,36.0,35.15,0
70.24,5.03,1438.69,1.39,61.69,4.84,42.04,29.15,0
78.69,4.96,1593.22,3.26,55.83,4.22,52.72,34.47,0
64.1,5.15,1388.52,1.32,53.53,3.88,34.83,63.66,0
87.05,5.54,1527.55,3.18,62.07,3.83,54.0,52.32,0
75.76,5.62,1391.58,1.98,59.93,3.81,48.42,61.92,0
71.19,7.26,1353.16,2.02,59.32,4.67,39.33,10.88,0
65.58,5.01,1353.77,2.85,54.65,4.24,52.33,48.96,0
74.89,4.99,1322.66,2.21,53.51,3.55,45.16,0.0,0
63.55,4.2,1609.8,2.96,40.13,3.83,54.79,36.8,1
66.95,5.43,1192.03,2.86,58.2,4.22,43.77,57.5,0
71.9,4.7,1296.92,2.81,71.66,3.88,48.78,28.17,0
69.41,5.75,1213.54,1.37,54.66,3.94,48.82,66.14,0
61.04,5.45,1590.11,1.93,76.08,4.17,51.13,23.09,0
66.61,4.91,1205.57,2.6,57.77,4.78,45.85,24.86,0
64.0,5.2,1162.66,1.28,37.37,3.72,47.69,32.28,0
75.12,4.67,1733.48,2.53,35.37,3.99,44.14,52.12,0
75.13,4.69,1152.71,1.78,63.4,3.38,46.71,46.88,0
71.02,4.43,1333.9,3.01,43.84,3.96,57.41,15.34,0
69.88,6.35,1248.53,3.2,53.01,4.59,48.31,32.37,0
85.27,5.79,1600.46,2.39,49.41,3.53,38.66,21.22,0
67.42,5.22,1594.51,2.42,38.19,4.08,41.98,19.32,0
71.13,5.24,1526.4,1.29,46.36,3.98,56.36,55.41,0
66.12,5.1,1522.83,3.03,43.31,4.07,47.38,42.7,0
80.38,5.67,1246.29,1.95,27.35,4.03,53.41,24.21,0
54.8,5.6,1510.59,1.33,43.78,4.15,47.28,48.91,1
74.45,5.52,1316.17,0.82,30.64,3.96,57.09,53.14,1
66.34,5.57,1262.28,2.06,50.6,4.14,47.78,48.03,0
68.48,4.54,1583.61,2.48,67.51,4.58,42.42,40.11,0
77.27,5.79,1756.5,2.47,63.74,3.97,49.67,41.67,0
83.49,5.88,1134.59,2.29,45.34,4.19,46.77,33.96,1
74.54,5.25,1804.79,2.55,82.15,4.16,43.75,41.43,0
64.19,5.6,1832.89,3.55,48.49,4.43,49.39,29.15,0
83.04,5.64,1495.75,2.7,56.6,3.76,55.06,48.5,0
69.92,4.6,1313.43,0.9,47.57,4.16,49.71,40.81,0
67.32,5.54,1678.4,2.77,56.6,4.59,44.84,21.16,0
67.07,4.85,1429.82,2.73,53.02,4.74,51.6,20.74,0
74.59,5.07,1674.19,2.67,57.13,4.23,44.13,47.0,0
74.57,5.38,1520.98,2.42,65.14,4.61,44.38,28.44,0
69.54,5.27,1411.77,2.88,43.39,4.05,50.55,49.01,0
96.53,6.19,1872.29,2.58,46.2,4.08,62.08,19.26,1
69.72,4.86,1143.69,2.32,37.31,3.78,51.35,36.41,0
80.1,5.0,1423.93,3.48,71.15,4.66,45.55,41.64,0
74.38,4.53,1609.2,1.31,38.98,4.09,50.8,31.12,0
72.65,4.94,1497.42,1.98,59.84,4.43,43.16,17.35,1
66.23,4.94,1647.83,2.42,50.05,3.58,41.73,43.03,0
76.08,5.92,1665.65,2.63,67.46,4.22,51.51,37.87,0
72.85,6.2,1166.62,2.82,62.75,4.83,46.61,26.32,0
67.21,4.54,1427.96,2.17,48.95,3.85,42.29,50.59,0
78.29,4.15,1456.61,2.62,59.9,3.83,44.96,43.09,0
73.58,4.63,1399.2,1.86,66.93,3.84,48.56,52.9,0
75.24,4.63,1020.01,2.15,50.78,3.72,45.48,36.45,1
87.52,6.27,1121.53,2.55,47.15,4.43,41.58,10.77,0
69.75,4.87,1738.38,2.79,66.38,4.34,42.33,23.44,0
75.12,5.35,1664.85,1.36,66.86,4.29,36.14,46.92,0
72.32,6.12,1378.09,2.74,51.96,4.7,43.69,38.52,0
81.58,5.85,1437.91,2.63,72.71,4.11,46.36,26.08,0
85.01,6.03,1390.55,0.81,41.45,4.05,56.7,28.0,1
77.95,5.86,1583.71,1.89,40.03,3.96,55.71,46.83,0
80.59,4.98,1301.26,3.49,50.18,3.74,59.92,31.65,0
65.75,5.33,1817.3,1.73,66.46,3.74,51.16,6.67,0
70.78,5.77,1313.79,2.16,53.65,4.52,46.63,38.79,0
67.28,5.54,1772.94,2.39,57.33,4.33,47.37,20.15,0
76.91,5.75,1460.9,2.75,55.95,3.95,46.08,26.48,0
71.02,4.9,1698.39,2.49,51.73,3.78,44.88,17.29,0
76.75,5.8,1403.87,1.79,56.73,3.96,41.47,33.93,0
69.93,5.34,1481.76,2.79,54.86,4.19,47.09,39.96,1
72.49,4.77,1281.92,1.32,54.67,4.85,57.19,38.03,0
73.49,4.64,1495.2,3.03,48.82,4.06,43.57,41.56,0
69.24,4.83,1388.9,2.42,56.95,4.27,58.82,30.08,0
70.12,5.67,1535.6,1.53,64.37,4.16,49.71,26.12,0
77.51,5.33,1188.12,2.03,56.1,4.27,49.97,68.99,1
75.81,5.81,1056.3,3.44,40.29,3.9,36.96,17.12,0
74.88,4.8,1214.76,3.06,38.61,4.33,49.33,44.04,0
69.83,5.05,1420.54,2.07,61.89,3.51,47.83,54.36,0
66.5,5.34,1270.98,3.37,74.31,4.41,50.08,49.74,0
63.45,5.44,1304.5,1.62,46.6,3.82,44.37,43.25,0
71.13,5.13,1462.17,1.55,46.9,3.42,46.75,3.76,1
66.43,5.42,1518.22,2.61,48.59,4.01,42.79,23.69,0
74.91,5.01,1142.06,1.91,76.05,3.68,46.32,45.6,0
75.85,5.5,1415.54,2.95,51.08,3.66,44.87,31.11,0
70.62,5.8,1481.16,2.89,71.73,3.25,57.68,44.19,0
61.97,4.63,1243.39,1.63,63.3,4.55,51.24,29.13,0
78.07,5.61,1244.23,2.89,59.05,4.72,46.91,29.34,0
69.73,5.6,1405.96,1.41,65.08,4.48,50.12,41.82,0
72.93,5.49,1268.94,2.42,54.54,4.17,48.72,41.91,1
65.84,4.85,1322.0,3.16,59.23,4.18,38.76,22.03,0
67.6,5.21,1453.67,2.17,46.86,4.16,44.08,43.59,0
69.26,4.53,1708.74,2.17,57.7,4.48,54.16,23.72,0
82.7,4.61,1535.79,2.16,59.34,4.33,48.85,31.66,0
73.08,4.63,1607.99,3.05,65.07,3.86,48.31,40.82,0
76.02,5.57,1546.78,3.28,38.77,3.93,51.44,11.01,0
66.5,5.87,1723.23,2.44,39.28,4.47,36.39,16.62,1
71.28,4.92,1321.05,2.23,53.41,3.43,56.06,52.32,0
81.71,4.19,1508.26,1.73,57.05,3.82,50.51,34.52,0
66.74,5.55,1417.71,2.12,58.48,3.82,42.64,49.53,0
72.04,5.24,1376.04,1.8,50.3,4.27,47.67,27.52,0
71.28,5.74,1382.43,2.25,47.02,4.88,52.05,43.54,0
71.66,4.81,1055.08,2.54,51.38,3.75,54.81,24.75,0
56.96,5.16,1730.84,3.79,57.19,4.45,47.21,36.19,1
86.25,5.02,1455.04,1.4,56.23,3.99,56.93,44.28,0
60.52,5.75,1215.83,3.02,32.58,3.15,48.46,42.76,0
64.78,5.13,1634.48,1.37,60.4,3.89,43.51,27.65,0
71.32,5.52,1437.46,2.45,71.86,3.61,43.81,14.24,0
72.07,5.58,1723.06,2.47,47.35,3.9,47.52,38.11,0
74.1,4.99,1430.63,2.89,63.02,3.47,53.66,40.37,0
74.03,3.74,1211.25,2.4,62.39,4.54,50.34,40.6,0
73.52,4.44,987.39,1.18,43.04,3.58,50.85,32.12,0
67.53,4.81,1554.31,2.51,68.06,4.06,35.62,36.12,0
68.14,4.52,1579.94,2.33,54.61,3.93,52.34,17.79,0
63.05,4.66,1219.19,1.67,49.0,3.75,56.36,29.17,0
77.38,5.15,1597.69,1.64,60.98,3.72,51.72,22.52,0
70.13,4.46,1712.89,3.46,58.58,4.14,47.14,48.09,0
79.18,5.06,1631.13,2.53,69.16,3.98,49.28,19.76,0
72.76,5.38,1180.58,2.56,47.89,3.96,39.68,25.86,0
65.25,5.56,1611.37,2.58,53.2,4.17,60.05,23.58,0
70.01,4.6,1694.0,1.35,65.67,4.29,48.95,26.02,0
76.61,6.24,1290.18,2.03,61.21,4.02,46.47,56.22,0
65.31,5.36,1302.18,2.38,62.62,4.16,50.08,31.61,0
77.28,5.19,1568.2,2.89,38.59,4.24,42.02,46.0,0
73.85,4.57,1456.34,1.86,43.91,3.47,52.08,42.06,0
70.01,4.89,1384.35,2.22,77.28,4.39,54.91,11.54,0
70.86,4.43,1451.68,3.07,41.86,4.2,53.24,23.98,0
68.8,4.94,1484.91,2.62,55.35,4.08,50.18,40.0,0
75.98,4.64,1498.93,1.49,32.89,4.44,62.11,39.37,0
65.95,4.99,1382.73,2.61,52.72,4.5,50.71,26.0,0
76.68,4.65,1787.25,2.21,59.34,3.9,49.55,56.04,1
75.03,5.86,1352.86,1.97,45.43,3.34,43.11,22.86,0
69.84,5.57,834.2,2.46,64.02,4.64,49.86,41.47,1
69.39,4.95,1261.93,2.37,59.8,4.59,40.77,54.21,0
70.0,5.04,1433.03,2.54,55.05,4.41,52.75,37.04,0
71.81,4.93,1788.58,1.58,56.58,3.9,41.37,32.56,0
75.94,4.4,1347.67,2.21,89.87,4.14,52.13,63.37,0
70.86,5.64,1615.43,2.7,65.95,3.3,52.23,20.91,0
59.71,3.16,1080.4,3.06,57.44,3.48,57.57,38.07,1
72.65,5.49,1389.75,1.71,33.21,4.29,40.56,48.13,1
72.38,5.52,1469.56,2.48,60.92,4.16,45.53,39.53,0
70.12,4.38,1436.13,3.0,63.36,3.7,45.28,32.47,0
69.63,5.4,1435.01,2.1,39.45,3.85,42.49,22.61,0
69.3,5.52,1826.76,3.33,68.15,4.12,53.14,73.42,1
71.59,5.44,1723.42,1.81,58.89,3.23,53.2,47.08,1
74.83,4.97,1382.71,2.72,41.73,4.04,48.02,37.03,0
69.15,5.66,1402.73,2.15,51.27,3.8,47.59,32.78,0
62.66,5.6,1159.82,2.61,70.61,3.7,55.61,35.02,0
76.57,5.29,1401.15,2.82,44.8,3.96,43.19,39.8,0
68.63,5.44,1696.11,4.11,54.51,4.15,39.69,32.29,0
66.37,5.12,1733.29,1.71,44.29,3.8,57.82,58.57,0
76.88,4.62,1589.65,2.99,40.5,4.18,48.12,43.32,0
55.24,4.89,1290.01,1.8,59.24,3.8,43.55,20.5,0
74.63,4.3,1263.22,4.28,64.11,3.56,51.13,38.14,0
79.31,4.93,1317.59,2.12,46.8,3.6,46.34,25.81,0
85.76,5.11,1481.25,3.46,63.57,4.08,52.19,43.76,0
68.01,6.88,1489.7,1.78,32.44,4.01,54.22,48.59,1
66.72,4.5,1116.15,2.79,56.11,4.41,46.65,14.94,0
71.1,4.85,1497.23,2.62,74.41,4.01,39.68,63.07,0
70.31,4.77,1325.32,3.17,42.96,4.09,39.9,27.01,0
71.49,5.1,1409.21,1.86,49.49,4.07,54.24,65.8,0
69.27,4.81,1333.3,2.66,72.12,4.12,58.41,17.37,0
72.18,5.06,1560.0,2.49,64.0,3.81,49.45,39.74,0
59.05,4.98,1539.98,2.28,77.81,3.71,44.39,32.47,0
82.91,3.54,1364.32,2.2,44.53,4.24,57.44,26.68,0
61.48,5.02,1293.68,1.79,64.71,4.11,44.47,18.45,0
79.59,5.04,1565.47,3.39,47.44,3.68,47.36,32.48,1
78.71,4.31,1681.91,2.92,57.07,4.11,37.16,22.79,0
67.8,3.9,1356.43,1.52,43.17,4.06,55.74,40.05,0
71.8,6.37,959.84,2.58,60.31,3.79,48.62,31.89,0
71.84,5.35,1444.56,3.31,66.29,3.8,49.9,13.03,0
64.79,5.39,1241.09,2.75,62.58,3.97,46.6,45.33,0
84.72,4.56,1481.85,1.19,55.43,3.63,49.12,32.63,0
68.91,4.35,1421.57,2.76,62.44,3.91,44.05,62.75,0
79.35,4.73,1331.44,2.71,61.22,3.73,46.57,22.89,0
65.9,4.63,1515.42,4.21,57.67,4.02,43.08,35.63,0
67.58,5.75,1486.6,3.43,46.53,4.1,55.03,65.85,1
81.3,4.87,1386.54,1.52,58.95,3.88,48.06,12.92,0
72.75,4.43,1686.98,2.65,60.68,4.26,52.64,0.0,0
72.67,4.23,1438.88,2.9,74.37,3.97,38.37,43.63,0
77.26,5.49,1463.34,1.03,58.95,3.91,49.75,34.2,0
71.84,4.36,1135.17,2.68,61.15,4.18,53.9,9.76,0
67.31,5.83,1365.52,2.87,61.24,4.59,43.63,9.48,1
70.27,5.24,1276.02,2.75,57.92,4.11,44.63,13.17,0
66.53,5.7,1288.34,2.02,65.26,5.12,44.95,63.95,0
67.24,4.65,1584.28,3.23,41.87,3.71,43.34,46.55,0
71.04,5.26,1305.57,2.09,54.03,3.94,49.57,25.58,0
64.93,4.8,1104.48,2.62,46.48,3.73,45.51,21.99,1
81.02,5.77,1341.93,3.1,41.19,3.47,55.91,54.56,0
72.53,5.25,1904.17,2.44,51.05,3.93,57.51,33.74,0
64.54,6.32,1457.6,2.45,74.02,4.25,46.65,34.76,0
64.95,5.3,1549.67,2.69,51.15,3.97,45.7,55.92,0
77.06,4.87,1496.39,2.19,48.51,4.07,45.65,46.54,0
74.99,3.6,1254.05,2.41,56.51,4.04,46.38,52.92,0
78.89,5.16,1306.29,2.46,48.09,3.95,42.06,63.57,1
65.61,6.26,1537.53,2.44,60.94,3.7,50.98,38.94,0
83.65,5.4,1320.95,3.15,20.73,4.09,53.12,50.21,0
76.01,5.06,1075.73,2.6,65.47,3.79,42.92,18.42,0
61.85,4.31,1466.3,1.88,64.02,4.8,42.36,47.07,1
79.45,5.21,1316.29,1.09,43.52,3.94,49.48,33.03,1
65.92,4.75,1337.34,1.65,44.99,4.37,44.64,11.44,1
68.65,5.47,1487.23,3.66,59.52,3.73,52.39,48.58,0
84.69,4.97,1740.4,3.07,57.44,4.5,48.19,39.74,1
79.21,4.69,1339.79,4.06,57.92,3.99,43.96,25.96,0
78.4,4.52,1664.64,2.99,38.17,3.86,30.0,34.22,0
81.12,5.29,1310.49,1.95,58.0,3.55,39.78,41.71,0
62.86,4.87,1185.32,1.47,57.28,4.17,56.2,4.79,0
88.48,6.05,1581.6,2.9,55.47,3.83,49.73,39.0,1
74.63,5.01,1660.92,3.23,63.7,3.8,50.95,9.66,0
67.18,5.21,1295.11,1.64,52.32,4.51,52.01,19.25,0
79.14,5.48,1705.99,1.32,48.43,3.56,46.45,1.59,0
66.89,4.81,1520.19,1.38,69.55,4.03,44.34,43.42,0
74.36,6.06,1351.67,2.98,59.25,4.23,50.65,38.32,1
76.64,5.86,1414.83,2.53,66.77,4.01,50.52,14.64,0
90.44,3.7,1811.86,1.63,45.34,3.79,44.47,47.66,1
94.13,5.46,1822.24,2.25,51.72,3.78,36.69,31.0,0
54.96,5.16,1408.41,3.04,60.17,4.22,45.58,49.75,0
87.18,5.67,1315.63,2.83,67.57,4.04,34.82,62.49,0
66.86,4.37,1545.1,3.43,58.59,3.89,53.32,35.44,0
76.34,6.0,1664.87,2.77,42.76,3.43,46.3,39.55,1
66.59,5.14,1683.16,2.4,60.13,3.65,42.63,22.93,0
64.05,4.04,1601.35,1.09,54.3,4.12,47.7,32.34,0
71.48,5.36,1556.36,2.44,72.51,3.61,45.02,17.99,0
54.9,5.34,1169.64,2.82,41.85,3.88,56.07,14.82,0
66.73,4.63,1384.22,2.77,68.93,3.54,43.16,41.08,0
67.34,3.97,1578.47,2.12,54.71,3.65,53.76,48.35,0
69.55,5.04,1166.29,2.79,54.88,4.02,49.13,28.61,0
72.75,5.35,1680.61,1.66,35.01,4.09,41.77,53.56,0
93.16,4.38,1448.01,1.96,47.37,4.37,48.79,16.98,0
68.11,5.62,1328.63,1.96,38.12,4.88,39.84,21.65,0
70.1,4.75,1334.45,3.15,73.56,3.6,51.59,44.5,0
69.3,4.8,1539.29,1.61,62.07,4.04,44.64,36.16,1
75.34,5.29,1338.0,2.95,53.27,4.12,42.36,49.34,1
62.44,5.09,1578.58,1.46,41.99,3.63,36.12,48.97,0
77.7,5.16,1349.28,3.3,65.4,3.68,49.37,48.4,0
70.38,5.32,1328.37,3.46,58.91,4.12,53.71,27.56,0
73.99,5.68,1262.96,2.87,47.31,3.68,48.29,42.59,0
76.96,5.51,1385.14,2.33,59.57,4.09,39.23,52.38,0
77.72,5.46,1736.04,3.03,46.3,4.34,53.9,43.65,0
77.94,5.59,1628.45,2.57,67.97,4.07,53.21,29.25,0
72.24,4.65,1615.74,2.59,58.49,4.5,56.17,28.78,0
73.31,4.43,1567.32,2.2,45.15,3.52,45.7,41.44,0
70.8,3.34,1586.51,3.58,73.64,3.98,42.89,23.53,0
65.09,4.83,1403.99,3.04,46.96,4.27,42.23,16.19,1
72.3,5.79,1435.18,1.23,66.76,3.88,48.22,22.63,0
73.21,6.96,1573.16,3.95,45.21,4.11,45.07,51.42,1
65.79,6.01,1457.64,2.68,32.52,4.25,52.56,33.57,0
71.8,5.28,1528.54,1.93,50.08,3.71,48.0,0.0,0
77.2,5.74,1320.49,2.09,68.33,3.78,56.58,71.26,0
59.74,4.66,1129.23,1.52,49.53,3.76,48.08,28.15,0
77.16,5.63,1456.78,3.11,61.74,3.57,41.27,8.61,0
84.34,5.72,1544.31,3.55,63.43,4.34,42.81,33.14,1
76.36,4.77,1476.27,2.96,80.11,4.01,47.4,42.46,0
74.75,5.43,1374.34,2.73,46.24,3.79,64.15,47.23,0
60.48,4.89,1149.59,3.14,59.19,3.59,47.2,44.9,1
80.57,6.54,1581.14,1.95,65.32,3.75,59.17,29.06,0
77.08,4.81,2000.0,2.63,41.82,4.39,33.2,39.75,1
72.09,6.77,1533.4,3.78,59.49,4.37,50.99,19.58,0
67.9,4.65,1131.74,2.71,47.46,4.12,50.97,46.24,0
70.4,5.66,1044.94,2.58,37.51,3.96,54.39,21.55,0
80.0,4.94,1498.3,2.61,62.74,3.94,47.57,9.1,0
60.09,5.0,1370.89,2.92,76.71,4.26,54.58,23.7,0
68.03,5.05,1489.77,1.44,50.35,4.48,51.08,33.71,0
63.77,5.39,1484.59,2.37,52.61,3.8,60.67,26.43,0
83.37,6.23,1443.94,2.56,67.16,3.91,42.97,17.06,1
89.36,5.2,1377.84,2.26,49.5,3.64,43.76,11.68,0
78.89,4.93,1487.5,2.67,49.83,4.3,44.4,28.76,0
69.19,5.45,1618.14,2.97,49.91,3.36,46.82,59.0,1
68.21,6.31,1404.87,2.08,59.83,3.74,54.38,60.4,0
66.6,5.68,1376.03,2.58,61.35,4.07,46.85,42.46,0
70.87,6.21,1406.77,1.66,51.84,4.77,41.18,25.13,0
77.52,5.17,1518.88,1.63,55.46,3.65,46.0,23.27,0
72.48,5.53,1333.67,2.52,66.09,3.74,38.51,33.62,0
74.27,4.5,1514.66,1.31,58.32,4.05,50.22,2.77,0
73.71,4.8,1370.88,3.4,44.82,3.99,48.83,34.51,0
80.73,4.74,1619.77,3.19,41.71,3.71,54.76,19.41,0
71.23,5.04,1514.55,2.37,44.29,3.69,38.64,29.21,0
75.04,5.63,1302.46,2.28,71.67,4.01,43.52,43.07,0
71.05,4.23,1433.25,1.75,59.36,4.17,48.33,51.56,0
64.59,4.45,1079.38,2.0,58.85,3.95,40.09,39.45,0
76.63,5.5,1236.69,2.2,77.76,3.43,40.93,58.25,0
76.91,6.14,1625.46,1.99,72.58,4.67,50.66,65.16,0
65.18,5.44,1482.61,1.67,53.72,3.65,60.78,42.45,0
63.96,5.17,1454.25,0.91,56.79,3.88,54.19,8.07,0
67.36,5.84,1562.78,2.48,58.63,4.42,41.04,43.9,0
75.97,4.82,1152.16,2.76,65.1,4.05,46.1,30.46,0
70.27,4.55,1548.49,3.03,46.25,4.12,51.6,31.75,0
64.93,4.85,1365.97,2.31,65.01,4.49,56.64,33.89,0
73.87,7.3,1284.84,2.55,68.64,4.01,53.17,56.47,0
72.15,5.84,1597.7,2.61,60.11,4.82,43.67,36.92,0
64.22,6.24,1511.69,2.12,75.8,4.07,42.8,31.2,0
67.44,5.47,1469.67,1.41,65.09,3.95,52.63,56.46,0
67.17,5.74,1831.18,3.17,60.78,4.02,42.69,27.58,0
75.19,4.86,1712.28,3.25,58.0,3.84,47.77,41.29,0
71.15,5.04,1631.37,3.06,60.23,3.74,46.32,41.61,0
71.47,5.65,1672.12,1.9,51.3,4.55,48.5,26.92,1
77.15,4.06,1322.0,1.86,51.65,4.27,46.82,52.56,0
76.41,5.83,1727.53,1.53,56.21,4.17,48.12,45.24,0
78.32,6.05,1490.49,3.25,71.29,4.3,45.58,35.89,0
73.04,4.12,1587.07,2.72,70.22,3.52,48.99,28.25,1
65.5,4.51,1338.87,3.12,47.24,3.78,45.19,23.72,1
76.19,5.2,1633.77,2.21,58.16,3.85,44.05,18.49,0
82.09,5.06,1451.08,2.04,42.09,4.55,54.06,22.16,0
68.6,5.2,1388.18,1.22,78.34,3.79,38.35,66.39,0
75.44,5.86,1647.61,1.6,74.37,4.42,46.37,41.82,0
61.07,6.63,1394.86,2.55,54.08,3.93,51.1,31.32,0
78.76,4.88,1499.05,2.38,58.14,4.2,54.6,33.18,0
63.94,6.14,1408.93,2.69,57.04,3.67,49.93,50.57,0
67.07,6.41,1467.52,3.05,55.7,3.84,48.94,10.58,0
75.45,5.39,1561.36,2.78,62.06,4.09,52.82,59.34,0
75.49,5.33,1302.99,1.97,57.11,4.16,58.41,18.27,1
70.41,5.34,1599.7,1.82,70.25,3.91,50.32,67.51,0
71.95,5.64,1261.79,2.71,55.49,4.18,46.39,11.68,0
80.63,6.07,1413.26,1.99,47.55,4.08,52.41,29.34,0
76.09,4.9,1833.29,1.89,38.4,4.01,57.17,13.85,0
73.43,4.06,1479.1,1.67,44.3,3.76,50.15,25.63,1
76.58,4.73,1419.97,2.23,60.68,3.61,43.58,35.17,0
74.88,4.17,1799.61,2.46,53.88,3.87,51.24,44.01,0
86.79,6.67,1407.22,2.54,42.91,3.48,59.13,25.73,0
71.07,6.77,1438.2,2.46,71.1,4.05,45.58,44.66,0
81.83,4.63,1762.59,3.02,72.06,3.63,42.38,23.37,1
74.25,5.44,1397.98,2.19,43.1,4.2,53.23,32.33,0
64.77,4.79,1552.16,2.85,56.66,4.06,54.63,42.0,0
74.92,5.6,1693.73,2.94,42.88,4.26,47.62,52.63,0
63.89,4.99,1221.0,2.21,51.99,4.28,49.57,56.83,0
73.13,5.62,1774.77,2.5,63.78,4.04,51.06,41.59,0
74.73,4.65,1615.69,1.89,69.33,3.61,42.57,52.6,0
67.43,4.26,1653.17,3.02,50.21,3.58,54.3,6.5,0
77.68,4.78,1484.44,3.09,65.58,3.49,44.08,44.39,0
71.75,6.33,1425.27,2.4,69.05,4.41,56.97,42.38,0
66.65,6.66,1553.01,1.13,38.47,4.11,46.39,49.78,0
76.87,4.15,1225.74,2.43,75.53,4.38,52.26,32.38,0
64.59,4.48,1353.66,2.36,64.02,4.1,45.37,33.03,0
72.02,5.16,1605.96,2.46,50.32,4.17,40.8,25.37,0
69.15,4.39,1460.39,2.53,60.37,4.49,53.8,9.51,0
63.82,4.58,1444.64,2.9,52.5,3.76,53.46,38.54,0
75.5,5.29,1726.35,1.44,56.28,4.42,40.58,9.0,0
67.87,4.43,1150.22,2.12,60.84,4.06,34.37,19.46,0
67.34,4.22,1547.26,2.19,61.17,4.21,46.82,31.15,0
62.51,5.55,1539.62,1.31,72.55,3.89,44.42,33.37,0
80.57,6.09,1776.48,2.74,61.15,4.17,46.17,24.88,1
70.28,6.13,1564.38,1.76,60.38,3.75,52.34,21.13,0
65.68,5.78,1418.31,2.45,44.71,3.47,48.69,28.9,0
78.53,4.6,916.44,1.43,52.35,3.76,42.94,2.62,0
59.47,6.09,1502.53,1.97,53.46,4.1,35.43,51.72,0
69.96,4.86,1494.17,3.4,57.59,3.28,42.57,25.81,0
75.9,5.12,1488.47,3.44,40.69,4.33,52.11,60.57,0
69.51,4.92,1375.95,2.88,59.72,4.09,35.4,17.28,0
75.26,5.59,1482.7,2.29,42.61,4.11,45.86,40.97,0
59.06,5.72,1415.31,1.96,46.77,4.29,39.18,8.4,0
84.76,6.0,1556.25,2.88,59.59,4.29,53.07,12.15,0
58.89,4.65,1551.47,3.03,62.3,3.1,57.38,39.62,1
68.41,5.74,1372.96,2.61,57.43,3.68,48.43,34.26,1
70.36,6.25,1508.73,1.5,58.99,4.15,38.97,48.91,1
76.17,4.58,1370.48,3.45,56.83,3.68,54.75,5.26,0
66.67,5.34,1348.82,1.43,56.93,4.6,42.6,41.41,0
73.24,5.39,1407.62,3.34,54.71,4.16,46.56,45.06,0
67.1,5.21,1494.77,2.17,67.46,3.83,43.92,32.6,0
65.85,4.82,1518.78,2.31,69.12,4.39,49.33,23.23,0
77.59,6.03,1708.31,2.38,60.39,4.17,42.88,29.11,1
72.3,5.61,1423.6,2.32,51.89,3.93,31.92,45.85,0
72.83,5.76,1297.77,3.68,68.22,3.94,46.25,37.31,0
76.2,5.27,1775.27,2.19,47.72,4.27,39.39,7.09,0
73.82,4.62,1446.88,1.4,59.9,3.72,53.3,24.05,0
79.84,5.24,1494.63,3.22,51.02,3.92,58.04,13.27,0
76.5,6.43,1638.34,3.13,55.48,3.84,52.13,44.75,1
70.03,6.19,1460.58,2.59,44.0,3.53,51.38,48.03,1
66.63,5.42,1237.83,2.8,60.75,3.98,47.68,10.68,0
61.8,4.59,1268.83,3.44,60.83,3.82,50.3,68.63,1
73.67,6.43,1181.08,2.59,53.54,3.58,50.67,5.54,0
72.87,5.02,1455.66,3.01,46.09,3.57,47.52,38.43,0
66.26,6.06,1642.72,3.34,46.41,4.07,43.57,57.02,0
85.03,5.36,1418.42,3.72,43.05,4.35,42.85,44.01,0
67.29,4.86,1204.65,1.53,53.97,3.97,43.22,45.79,0
66.99,5.11,1547.12,2.42,49.46,4.27,43.17,22.27,0
72.51,4.59,1673.25,1.74,42.54,3.88,45.19,33.21,0
71.17,5.59,1378.49,2.29,45.29,3.88,54.98,51.09,0
70.85,3.86,1082.9,3.27,50.96,3.76,53.48,44.16,0
77.52,3.83,1461.75,4.98,58.85,3.39,58.55,18.85,0
76.51,5.79,1292.63,1.44,57.61,3.92,43.17,47.34,0
69.24,6.36,1449.91,2.25,56.4,3.38,49.17,42.08,0
71.04,4.99,1464.9,1.9,60.14,4.37,48.04,37.25,0
66.4,4.78,1892.47,2.77,42.07,3.96,44.72,0.0,0
82.37,4.88,1861.48,2.63,61.43,3.7,47.87,67.73,1
62.82,5.99,1435.42,2.72,53.03,3.47,53.82,32.53,0
67.43,4.96,1228.5,2.88,56.1,4.62,35.3,30.79,0
74.8,4.96,1347.83,2.0,47.5,3.99,45.56,0.0,0
66.42,3.96,1293.43,2.44,63.23,4.13,52.23,47.65,0
74.16,4.4,1505.15,1.76,20.0,4.28,41.84,28.81,0
68.47,4.82,1943.23,1.14,37.11,4.23,39.83,56.13,0
64.94,4.52,1461.13,1.73,72.51,3.6,45.76,41.8,0
72.91,5.58,1514.18,1.61,76.34,3.99,46.87,64.0,0
75.8,4.77,1474.7,2.84,36.92,4.11,41.34,42.77,1
66.54,5.67,1424.57,2.88,54.95,4.17,43.69,29.37,0
69.12,6.35,1302.56,1.15,63.83,4.38,55.57,28.4,0
64.99,5.43,1724.55,1.82,43.33,4.62,38.63,17.26,0
81.94,5.72,1248.24,3.27,71.54,3.77,39.68,42.52,1
75.55,5.76,1182.4,3.63,59.14,4.21,48.38,20.85,0
74.1,3.94,1427.2,2.56,60.13,4.22,53.39,39.52,0
71.5,5.03,1640.17,3.0,36.15,4.18,41.55,27.16,0
62.79,5.42,1661.22,3.35,55.51,4.24,47.22,37.37,0
75.26,4.81,1644.08,2.22,39.04,3.74,46.65,49.25,0
64.19,4.51,1346.63,1.9,52.56,3.64,53.51,12.73,0
66.39,5.77,1396.37,2.95,37.11,4.25,48.16,16.08,0
63.45,3.97,1614.32,1.32,33.64,3.39,51.63,13.04,0
70.44,4.82,1769.61,2.71,75.21,4.14,42.02,29.48,0
81.31,4.36,1489.87,2.28,44.96,4.12,44.27,11.75,0
74.44,5.18,1461.66,1.77,65.75,4.33,56.12,34.1,0
84.06,5.06,1595.97,1.94,53.62,3.63,47.72,29.49,0
81.56,5.93,1384.61,2.48,66.41,4.04,51.78,48.74,0
75.37,6.13,1709.37,1.18,49.02,4.26,50.65,20.56,0
75.33,5.54,1293.28,2.37,51.3,4.2,54.87,41.95,0
70.19,5.57,1669.92,1.88,48.25,4.89,46.6,0.0,0
64.78,5.8,1232.71,1.26,38.2,4.25,44.59,36.42,0
79.94,4.82,1452.37,2.2,51.47,4.12,40.23,30.74,0
63.02,6.12,1040.65,1.84,60.35,3.41,44.01,37.95,0
88.01,5.06,1863.67,2.5,61.24,4.51,42.05,31.47,0
65.97,5.24,1180.87,1.98,62.68,4.13,54.78,40.36,0
62.04,4.63,1256.36,2.51,62.75,3.63,51.08,17.92,0
64.82,5.24,1513.4,2.07,57.88,3.76,43.63,22.03,0
61.9,5.15,1626.92,2.7,75.39,3.85,39.5,37.58,1
68.52,4.57,1434.07,3.76,61.7,4.26,41.67,50.03,1
75.31,6.05,1296.17,2.2,59.91,3.93,57.52,58.04,0
56.73,4.97,1291.69,2.49,69.09,4.31,46.58,38.8,0
77.96,5.4,1262.56,2.16,48.03,3.97,44.69,54.44,0
65.3,7.5,1308.17,2.32,41.71,4.16,48.7,44.05,0
85.52,5.31,1695.77,2.42,62.88,3.56,49.46,50.82,0
74.14,5.48,1543.5,2.18,47.58,4.08,45.09,14.78,0
66.07,5.33,1638.11,1.89,60.07,3.93,44.53,52.7,0
60.06,5.53,1377.33,3.13,77.97,3.55,52.96,30.44,0
77.76,5.14,1330.26,3.04,53.33,3.96,53.39,19.15,1
74.76,5.2,1704.76,1.54,40.05,4.01,48.58,57.55,0
81.06,5.0,1147.23,1.95,56.41,4.33,42.04,36.88,0
71.44,4.76,1392.09,2.17,54.05,4.04,38.97,5.39,0
63.63,5.41,1330.35,3.51,66.71,4.25,53.85,48.29,0
79.37,4.35,1570.76,1.29,45.87,3.63,47.04,35.46,0
76.23,5.69,1389.88,3.1,53.79,3.97,43.23,35.21,0
69.02,5.04,1473.17,2.51,53.21,4.07,46.04,16.48,0
80.79,4.74,1502.02,2.75,56.11,4.09,45.72,8.57,0
67.68,5.8,1523.9,2.95,65.63,3.21,43.52,46.48,0
79.98,5.16,1296.51,1.36,53.3,4.03,38.96,27.87,1
81.27,3.9,1599.29,2.2,49.3,3.45,50.1,50.68,0
76.22,4.54,1474.58,2.16,53.61,3.88,43.1,39.8,1
79.49,4.06,1498.91,2.96,64.21,3.96,43.31,38.75,0
76.49,4.83,1536.89,2.82,59.74,3.68,39.55,29.18,0
69.85,6.51,1483.09,2.61,44.69,4.23,54.12,16.67,1
73.25,4.16,1370.99,0.88,56.5,4.7,42.71,53.88,0
65.35,5.58,1228.34,2.38,44.75,4.2,56.0,18.47,0
64.25,4.25,1448.47,1.69,77.33,4.01,40.66,28.67,0
69.49,4.81,1556.37,2.43,48.88,4.04,45.85,58.68,1
70.63,4.63,1299.35,3.07,56.89,3.7,50.87,32.85,0
73.0,6.04,1306.57,2.76,48.99,3.66,42.54,54.4,0
73.7,4.51,1272.27,2.42,66.06,4.25,60.61,27.61,0
82.42,4.61,1430.74,2.59,51.86,3.72,43.27,27.6,1
68.76,4.29,1441.29,3.16,49.89,3.88,45.15,9.74,0
88.66,5.17,1377.9,2.31,53.99,4.23,48.66,42.49,0
75.75,5.46,1463.95,2.92,55.27,3.59,42.84,37.18,0
78.25,4.89,1409.82,0.94,53.99,3.44,47.19,29.21,0
66.5,4.91,1459.55,2.2,53.83,4.11,48.7,71.42,0
69.92,5.35,1431.25,1.56,55.55,4.28,52.14,30.88,1
80.29,5.11,1882.13,3.24,40.59,3.82,62.31,36.05,1
73.91,5.68,1349.34,1.96,65.53,3.81,51.42,22.89,0
69.15,4.85,1229.22,2.58,65.2,3.96,56.21,41.31,0
73.04,4.5,1580.76,3.02,44.26,3.89,47.8,43.93,0
71.14,5.45,1539.62,1.56,65.95,4.07,49.17,51.64,1
69.6,6.08,1646.61,1.75,59.19,4.04,56.98,39.27,0
75.32,5.31,1210.85,2.29,48.03,4.12,46.48,11.17,0
65.65,5.1,1561.03,1.9,51.34,4.13,51.21,21.32,0
69.29,3.74,1568.54,2.75,60.7,4.28,53.08,28.29,0
79.83,5.06,1485.27,3.16,62.31,3.87,47.74,26.78,0
75.71,5.61,1368.25,3.27,47.09,4.39,40.74,53.6,0
67.67,5.51,1496.19,2.25,46.21,3.65,49.65,38.21,0
81.05,4.58,1363.31,2.9,53.83,4.1,49.9,59.15,0
75.63,6.25,1178.02,1.96,55.78,3.22,54.04,24.86,0
74.73,4.29,1497.38,1.57,35.04,3.35,52.03,49.41,0
83.17,5.59,1450.75,2.78,54.64,4.28,47.73,12.01,0
74.15,5.76,1412.87,1.54,51.79,3.78,45.05,38.23,1
73.45,5.75,1740.22,2.58,50.61,3.89,44.84,34.83,0
82.65,5.72,1328.39,2.65,49.99,4.45,46.15,38.99,0
77.21,5.53,1160.04,2.07,59.04,3.83,48.82,11.39,0
79.48,5.55,1179.42,2.08,61.22,3.93,53.32,26.9,0
70.94,5.13,1417.45,2.2,53.12,3.75,54.33,28.68,0
69.42,5.52,1672.23,2.54,83.54,4.2,42.77,28.57,0
72.95,6.07,1477.68,2.24,61.87,3.57,39.36,36.48,0
73.42,3.91,1390.45,2.16,60.59,4.1,39.46,28.15,0
72.08,4.19,1490.27,2.7,71.56,3.44,53.08,26.55,1
81.66,5.41,1195.53,2.3,58.17,4.19,30.0,30.6,0
74.26,4.42,1575.16,2.29,40.35,4.59,54.55,40.76,0
69.66,4.5,1605.0,2.64,44.1,4.44,47.93,12.32,0
71.97,4.18,1222.98,1.89,48.85,3.81,50.68,13.8,0
71.5,4.14,1846.75,3.93,58.07,3.62,48.86,77.15,1
79.01,6.52,1532.48,2.67,66.07,4.23,44.5,35.75,0
76.87,6.11,1451.15,0.86,62.35,4.21,42.84,39.68,0
64.8,5.27,1362.11,3.01,71.9,3.55,37.46,20.66,1
73.87,5.45,1326.64,1.14,58.8,4.32,49.2,42.05,0
87.91,4.79,1296.68,2.09,49.35,3.81,44.27,48.79,0
61.25,5.81,1444.89,1.61,73.85,3.66,48.44,29.36,1
74.05,4.35,1557.99,2.04,61.14,3.97,43.89,0.0,0
72.02,3.27,1869.8,2.74,43.29,4.39,48.58,47.0,0
66.45,4.79,1407.29,3.13,67.89,3.36,47.92,37.64,0
81.77,5.81,1405.47,2.15,62.08,3.97,52.58,64.35,0
66.58,5.57,1669.01,1.33,82.39,4.02,43.74,40.05,0
71.46,5.67,1531.31,2.17,40.07,3.44,44.6,28.57,0
68.27,5.76,1651.47,3.12,59.76,4.13,51.72,28.37,0
75.59,6.07,1452.24,2.28,40.82,4.42,54.48,19.42,0
69.2,4.81,1406.86,2.29,74.87,4.58,58.04,26.79,0
69.2,4.66,1369.18,4.07,43.83,4.54,46.26,49.05,0
79.79,5.94,1105.39,2.85,49.63,3.75,43.43,4.3,1
73.25,4.96,1462.51,2.89,60.89,4.24,36.31,16.43,1
65.55,4.63,1161.23,3.01,50.1,3.56,50.45,66.01,0
71.6,4.05,1681.36,3.42,43.24,3.96,46.35,6.29,1
69.86,5.11,1700.01,1.88,67.32,4.17,49.97,56.34,0
64.12,4.98,1546.16,3.21,61.49,4.63,56.21,22.69,0
77.41,4.45,1527.22,2.26,67.17,4.19,53.01,14.62,0
61.02,5.16,1657.68,1.88,38.03,3.55,45.76,45.31,0
68.36,4.79,1167.38,1.75,57.38,3.57,62.22,28.13,0
76.17,5.17,1618.31,2.12,47.54,4.19,48.67,42.11,0
63.26,5.54,1469.9,2.96,51.84,4.0,47.36,42.74,0
64.91,4.96,1385.24,1.5,78.5,4.11,36.62,20.9,0
75.49,5.41,1485.31,2.57,51.78,3.64,50.69,14.82,0
54.95,5.65,1693.59,2.48,45.58,3.78,53.65,31.75,0
73.34,6.95,1102.01,2.73,27.65,4.72,45.07,32.9,1
69.24,6.02,1267.24,1.97,53.69,4.34,50.99,37.52,0
68.15,5.35,1300.39,3.22,51.64,3.83,36.73,20.21,1
80.33,5.27,1384.02,1.97,48.96,3.63,53.55,29.39,0
76.66,5.91,1203.21,1.6,56.88,4.31,51.11,62.84,0
86.16,6.09,1403.87,2.93,44.15,4.33,54.53,27.88,0
61.29,4.85,1412.62,1.44,49.06,3.79,45.9,44.37,1
76.72,4.38,1539.39,2.13,69.07,3.66,52.16,47.35,1
75.15,5.89,1400.05,2.97,51.91,4.01,46.26,46.43,0
61.5,6.18,1618.65,1.94,74.47,4.86,55.94,6.15,0
88.26,6.25,1265.04,3.03,52.14,4.97,42.65,57.2,0
64.33,4.9,1876.41,1.62,56.34,3.34,53.7,18.31,0
79.89,4.62,1529.27,1.8,64.53,4.29,58.44,54.6,0
66.43,4.9,1438.42,2.48,39.49,4.01,37.87,34.96,0
84.11,6.18,1576.31,2.62,56.93,4.21,46.41,36.24,0
64.74,5.53,1760.22,1.89,49.84,4.66,39.17,41.66,0
83.36,5.12,1170.86,1.64,52.5,4.53,60.06,48.57,0
80.73,5.72,1394.29,3.01,64.2,3.96,51.05,50.1,0
73.86,6.02,1690.88,1.99,52.98,3.63,43.22,27.35,0
78.73,4.93,1614.23,2.26,56.59,4.28,46.02,19.99,0
80.86,5.96,1679.36,3.2,46.02,3.64,54.74,70.6,0
73.39,5.03,1392.95,1.75,52.08,4.06,47.91,40.82,0
76.64,4.34,1088.4,2.46,57.21,3.41,47.32,70.09,0
81.94,4.67,1549.4,1.95,61.24,3.44,44.51,31.88,0
52.12,5.58,1116.02,2.18,54.91,3.75,47.33,38.62,0
65.53,4.99,1258.61,1.17,57.07,4.3,48.89,37.85,0
83.45,5.16,1337.5,1.48,58.72,3.67,43.87,53.75,1
84.54,5.86,1045.66,2.83,64.57,3.78,39.56,19.17,1
68.91,6.13,1720.76,0.81,64.41,4.21,55.97,24.77,0
72.03,5.55,1444.28,2.94,59.4,3.89,54.46,32.62,0
67.17,5.52,1308.26,2.04,43.76,3.55,49.34,45.22,0
74.06,5.19,1403.11,2.14,52.49,3.44,44.0,30.84,0
66.6,4.76,1189.17,1.62,41.96,4.23,38.16,29.97,0
72.75,5.26,1935.05,2.48,53.02,3.58,50.87,57.13,0
64.39,3.7,1452.21,2.22,32.71,4.57,49.5,13.68,0
92.34,5.62,1582.42,2.02,36.8,4.46,54.62,30.66,1
79.23,5.05,1259.63,2.38,60.24,4.0,45.16,18.51,0
84.66,5.88,1418.55,0.98,40.6,3.54,53.68,42.23,1
82.5,5.55,1879.01,2.34,52.95,3.72,55.89,19.76,1
73.36,4.92,1333.62,3.76,54.72,3.74,42.96,32.72,0
67.52,4.68,1264.1,1.81,55.11,3.58,53.28,78.3,1
65.59,5.46,1414.33,3.11,48.34,3.92,57.05,12.3,0
72.66,4.81,1304.73,2.43,43.62,3.8,43.49,26.94,0
56.2,4.77,1217.38,1.4,58.67,3.64,56.03,30.36,0
79.7,6.24,1263.36,2.13,54.59,4.18,45.88,25.26,0
79.83,5.75,1549.05,2.72,42.8,3.76,42.84,53.12,1
73.04,6.15,1414.62,2.29,58.25,3.73,47.2,13.26,0
60.09,5.74,1735.75,3.17,43.65,4.0,46.58,3.93,0
65.58,4.92,1153.39,2.87,69.36,3.73,54.8,54.02,0
78.52,5.89,1441.52,1.62,62.13,4.11,46.87,5.14,0
65.11,4.95,1613.52,1.43,65.86,4.08,50.24,54.47,1
75.84,5.72,1287.58,2.49,61.36,4.01,57.43,54.78,0
79.04,5.4,1347.89,3.23,54.49,4.14,51.54,10.96,0
72.62,5.8,1490.48,2.45,61.93,4.72,59.59,59.49,1
84.69,4.09,1583.74,2.05,56.71,4.46,40.36,50.62,0
78.77,5.17,1834.95,2.53,55.21,3.94,53.17,25.31,0
81.16,4.71,1373.3,2.89,41.9,4.2,54.02,22.25,0
68.46,4.48,1561.25,2.16,37.09,4.46,48.63,32.47,0
78.42,4.8,1742.07,0.76,51.39,3.95,44.37,20.39,0
76.75,4.78,1409.8,2.68,60.72,3.64,50.58,40.9,0
75.65,4.68,1489.99,3.23,57.71,4.66,44.53,42.29,1
72.8,4.97,1173.94,2.49,39.99,4.08,51.19,16.77,0
74.17,5.22,1429.92,2.25,58.66,3.69,34.93,76.57,0
77.11,6.54,1383.07,2.71,38.07,4.35,39.17,39.62,0
80.99,5.43,1376.54,2.56,55.95,3.65,44.94,20.17,1
75.94,5.47,1475.77,1.89,77.41,3.74,47.01,24.28,0
74.69,4.64,1687.58,2.16,48.83,3.85,50.25,29.84,0
74.75,6.3,1457.27,1.64,55.29,4.4,47.24,66.98,1
65.32,5.54,1546.04,1.69,66.92,4.09,52.19,19.96,0
66.74,5.83,1361.18,2.54,50.24,4.04,43.69,24.66,0
64.28,5.27,1461.3,2.64,47.66,3.8,48.52,11.53,0
61.6,4.8,1744.99,2.96,62.3,4.18,48.76,25.98,0
62.45,4.67,1460.56,2.39,70.59,3.37,45.75,32.82,0
69.03,4.68,1331.9,2.46,57.24,3.94,44.74,35.06,0
70.17,4.54,1334.69,1.37,43.59,4.12,46.1,52.86,0
70.57,4.92,1306.4,1.88,58.45,4.24,58.03,47.34,1
73.01,5.62,1345.18,1.17,48.53,3.65,37.27,12.75,1
81.27,5.61,1346.26,2.97,49.53,3.84,46.86,72.18,1
69.03,5.44,1339.49,1.67,43.32,4.25,48.77,63.62,1
71.19,4.83,1636.57,2.76,61.53,4.0,56.55,4.6,0
68.83,4.19,1330.76,2.29,43.57,3.6,45.8,36.42,0
71.71,3.96,1255.63,2.94,56.84,3.98,42.42,37.15,0
86.68,4.93,1297.63,1.75,49.27,3.04,44.07,60.45,0
80.48,5.0,1508.89,2.33,72.91,3.34,48.17,42.22,0
61.61,4.77,1699.94,2.87,59.28,3.86,47.71,35.4,0
71.01,5.61,1276.3,2.38,56.25,3.11,51.68,38.08,0
68.85,5.94,1348.62,1.97,67.02,3.98,46.22,40.73,0
81.21,5.08,1442.92,1.58,52.31,4.4,40.2,37.6,0
64.11,6.36,1423.61,2.14,58.71,3.76,51.24,7.49,0
85.01,5.7,1487.83,2.86,61.89,4.15,42.52,42.56,0
76.51,5.33,1722.34,0.97,50.96,4.24,49.93,20.19,1
61.94,5.9,1269.55,1.55,65.46,3.84,40.36,14.68,0
74.51,5.47,1305.14,3.39,70.05,3.83,49.45,23.82,0
74.12,5.55,1214.84,3.26,76.9,3.5,42.47,35.28,0
69.54,5.56,1307.53,4.32,56.52,4.35,44.86,47.92,0
65.84,4.33,1335.46,1.25,69.59,4.24,35.59,23.14,0
64.38,4.53,1587.73,1.69,68.88,4.31,37.88,29.16,0
85.72,5.66,1471.29,2.74,52.16,3.14,32.28,24.13,1
71.52,5.51,1484.88,3.31,53.56,3.43,44.21,38.25,0
71.12,4.33,1401.07,2.87,48.9,4.16,43.01,37.16,0
72.49,4.51,1151.69,1.92,51.59,4.69,41.62,44.01,0
76.51,5.62,1559.1,2.57,55.65,3.87,42.99,35.55,0
80.07,5.02,1495.14,2.05,51.83,4.08,48.87,30.17,0
71.02,4.42,1299.8,1.1,58.37,3.68,46.52,33.07,0
65.45,5.18,1575.35,1.98,66.09,4.22,49.68,36.64,0
65.39,6.59,1746.51,2.32,47.18,4.14,47.38,36.25,0
80.13,6.03,1335.31,2.52,56.8,4.46,43.73,20.41,0
63.4,5.0,1089.54,2.73,64.94,3.94,52.78,22.29,0
71.79,4.93,1522.08,2.5,60.97,4.37,46.27,60.21,0
72.75,5.84,1216.16,2.44,47.27,3.66,56.05,26.12,0
80.23,4.98,1468.02,2.53,47.94,3.77,50.47,40.27,1
65.89,5.72,1425.49,1.3,41.64,4.11,47.18,38.64,0
77.17,4.99,1643.97,2.77,52.71,4.03,48.3,45.72,0
79.01,4.76,1317.34,1.83,54.94,3.93,53.1,46.36,0
79.1,5.32,1517.11,2.4,50.67,4.33,50.72,50.24,0
78.1,5.45,1530.0,2.85,52.65,4.03,47.66,29.54,0
77.67,5.58,1546.77,2.66,61.42,4.18,44.42,25.3,0
74.6,5.56,1468.43,3.17,55.83,3.95,31.89,32.31,0
70.98,4.57,1354.49,2.39,71.45,4.45,43.61,27.26,0
68.33,3.64,1710.24,2.39,54.88,4.07,40.1,51.01,0
73.58,4.77,1312.38,2.01,67.97,4.24,50.03,9.53,0
64.63,5.01,1528.8,2.18,62.63,4.43,58.98,49.71,0
64.5,4.54,1719.18,2.28,54.22,3.94,49.62,45.45,0
68.01,5.21,1442.52,2.56,52.17,4.61,42.22,26.54,0
76.94,5.52,1261.02,3.25,60.04,4.06,42.43,66.45,1
85.74,4.85,1762.36,3.17,37.28,4.43,53.69,44.55,1
73.23,4.75,1484.08,1.74,49.73,3.92,47.42,12.22,0
64.92,5.11,1530.97,2.26,36.49,4.2,46.44,58.14,1
74.91,5.13,1516.23,1.6,58.35,3.99,43.84,35.66,0
68.11,4.86,1564.06,0.95,42.39,3.84,43.98,32.77,0
71.65,4.8,1285.11,2.31,59.29,3.83,39.4,24.56,0
69.38,5.42,1424.21,2.96,69.38,4.51,49.72,58.57,0
69.4,4.77,1330.18,2.18,70.15,4.39,45.15,49.24,0
73.12,5.05,1573.51,2.68,47.69,3.87,52.31,25.71,0
68.75,4.98,1351.89,2.77,42.24,4.02,55.72,48.87,0
70.73,5.73,1451.59,3.2,54.22,3.87,53.52,27.99,0
66.87,4.9,1573.04,2.34,46.15,3.76,42.84,16.35,0
67.97,6.76,1566.72,2.67,65.68,4.0,50.0,16.21,0
77.2,5.26,1483.61,2.56,51.12,3.96,52.32,57.14,0
70.48,5.52,1825.73,2.28,46.74,4.14,45.8,15.27,0
69.05,5.27,1417.43,2.25,52.04,3.9,50.03,42.6,0
60.25,4.24,1712.93,2.75,68.97,4.27,48.57,34.61,0
71.31,4.46,1125.27,1.91,58.3,3.48,48.2,51.9,1
62.81,4.37,1789.68,2.99,40.43,3.35,52.77,23.2,1
78.28,4.15,1517.05,2.46,63.67,3.97,48.98,33.76,0
70.92,3.66,1350.91,2.57,68.18,3.65,50.27,20.01,0
70.46,4.36,1550.5,2.59,56.37,4.22,50.62,46.66,0
68.52,5.3,1175.44,3.0,52.12,4.2,48.43,49.49,0
70.87,5.78,1108.94,2.15,42.39,4.41,44.31,36.43,0
71.24,5.45,1428.73,2.11,53.53,3.76,47.34,26.24,0
68.12,5.43,1474.09,2.32,52.23,3.6,51.43,43.16,0
86.26,5.81,1862.53,2.8,54.35,4.75,45.19,17.72,0
79.18,4.16,1216.79,4.02,68.11,3.42,47.18,33.76,0
64.51,5.07,1704.83,3.15,51.43,4.05,41.5,24.71,0
66.27,5.85,1355.4,2.52,52.99,3.92,50.0,12.98,0
71.66,5.15,1693.59,1.67,31.94,3.44,45.3,52.64,0
75.32,6.31,1671.21,3.08,47.58,3.87,44.11,44.51,0
71.51,6.1,1517.85,2.75,59.96,4.01,58.06,30.0,0
58.28,4.66,1893.73,2.6,54.6,4.12,44.57,63.86,0
71.24,4.38,1436.98,2.77,47.28,4.28,52.44,46.77,0
59.07,3.99,1588.0,2.82,46.89,4.98,43.6,27.12,1
67.47,4.4,1214.28,1.96,62.35,4.22,48.84,40.08,0
79.59,5.36,1425.75,3.54,68.36,3.54,57.87,24.34,1
68.7,4.53,1377.19,2.52,53.82,3.94,38.39,44.87,0
58.92,4.82,1718.62,3.22,52.78,4.37,43.18,65.93,0
60.63,5.73,1252.08,1.66,68.75,4.1,55.87,26.68,0
69.78,4.99,1351.84,2.9,52.99,4.36,35.68,34.06,0
51.66,5.78,1467.87,2.53,42.92,4.08,47.39,39.83,0
69.6,6.42,1579.48,1.97,52.64,3.84,50.92,30.98,0
71.91,5.08,1402.4,1.95,69.73,4.49,33.67,28.5,0
68.9,6.0,1610.14,3.49,60.18,4.03,54.47,34.58,0
74.88,4.55,1701.47,2.11,52.82,4.04,36.12,41.24,0
76.74,4.58,1382.9,1.67,43.81,3.5,43.02,47.39,0
66.1,5.14,1436.91,2.63,65.23,3.64,48.26,44.85,0
69.27,4.63,1619.47,2.17,46.43,4.21,39.75,31.46,0
54.36,5.29,1122.91,2.68,61.24,4.41,46.48,33.71,0
71.6,5.3,1497.09,1.7,53.33,3.96,54.32,33.87,0
75.99,5.87,1733.88,2.02,59.25,4.24,49.06,51.05,0
62.87,5.94,1697.04,2.77,47.36,4.5,47.55,13.64,1
72.0,5.98,1316.19,2.23,43.31,4.18,44.54,23.51,0
69.67,4.06,1865.42,3.28,52.85,3.71,51.56,32.32,1
70.55,4.61,1371.3,1.22,50.57,4.43,44.42,40.72,0
69.16,4.38,1764.26,2.4,57.2,4.03,58.12,37.33,0
81.36,4.79,1429.65,2.35,48.44,4.05,41.44,41.9,0
70.72,4.24,1508.43,2.11,31.42,4.52,43.56,54.3,0
74.36,6.49,1475.55,4.07,48.77,3.69,56.53,31.99,1
62.38,5.64,1582.54,2.73,51.32,4.04,54.76,33.79,0
63.74,5.46,1639.34,3.42,58.35,4.03,53.54,21.48,0
77.58,5.16,1583.58,2.91,55.56,4.33,49.9,6.05,0
78.08,6.04,1522.74,3.62,65.09,4.08,45.77,23.7,0
55.5,4.47,1205.97,2.18,42.87,4.02,46.18,75.31,0
60.67,6.61,1511.22,3.05,51.91,3.6,47.42,37.32,1
79.15,5.3,1215.9,2.9,52.74,4.29,45.52,29.21,1
72.35,5.41,1699.67,3.23,51.07,4.35,44.84,34.41,0
69.25,5.14,1440.72,3.15,30.44,4.0,48.54,61.44,0
56.92,5.36,1608.53,2.37,61.23,3.59,40.8,45.15,0
79.56,4.74,1896.55,1.75,55.97,4.07,53.72,39.38,0
93.25,5.12,1495.63,1.85,36.84,4.1,47.78,52.84,0
70.0,5.29,1322.12,1.89,52.46,3.7,49.88,44.6,0
71.73,5.2,1167.72,1.59,63.37,3.15,47.41,20.0,0
88.8,5.82,1479.81,2.43,42.04,5.05,50.35,44.25,0
60.99,6.44,1754.66,2.15,64.4,3.99,48.3,22.52,0
60.63,5.29,1310.05,2.87,69.94,3.65,51.41,45.79,0
79.73,5.66,1595.0,3.24,65.32,3.55,53.1,31.75,1
68.11,5.14,1471.01,2.11,43.4,3.77,55.51,54.09,0
70.66,5.61,1509.79,2.77,55.4,4.08,39.26,61.03,0
67.18,4.43,1683.56,2.38,40.5,4.34,47.13,18.01,0
73.24,4.88,1563.79,2.44,55.93,4.48,49.0,38.59,0
90.88,4.89,1184.88,1.78,58.62,3.85,48.52,0.0,0
65.77,6.71,1704.16,1.55,62.81,3.84,41.45,45.56,0
76.09,3.99,1560.39,2.88,49.68,4.0,36.48,43.84,0
69.07,4.61,1349.48,2.06,58.65,3.79,54.4,9.54,0
67.94,4.93,1477.28,2.03,52.15,3.81,46.15,50.43,0
69.07,4.89,1260.82,1.95,60.87,3.22,51.04,34.7,0
56.47,6.79,1599.23,2.32,82.03,3.45,49.99,29.52,0
60.9,4.38,1433.93,2.89,69.08,3.22,48.25,50.24,0
72.16,5.88,1295.41,2.56,60.83,4.1,53.39,32.09,0
78.4,5.27,1453.97,1.74,59.01,4.84,58.78,43.66,0
73.38,5.41,1157.27,1.95,44.9,4.19,49.29,24.11,0
69.94,5.28,1815.05,2.97,45.03,3.98,54.17,27.36,0
68.41,5.2,1277.69,2.14,42.16,3.29,48.61,11.09,1
75.67,4.98,1172.25,2.36,45.72,3.65,53.6,43.58,0
77.95,5.77,1603.28,0.88,61.57,3.63,44.29,19.1,0
89.69,4.94,1201.57,1.99,58.93,3.86,42.04,20.21,1
75.04,4.8,1367.59,1.09,53.87,3.96,46.69,53.28,0
77.7,5.11,1599.99,2.02,50.55,4.61,42.77,12.67,0
78.18,4.92,1593.91,2.33,67.02,3.33,56.4,33.14,0
73.85,4.78,1848.62,2.95,36.43,3.62,45.62,26.03,0
69.09,5.41,1535.79,1.7,65.27,3.55,51.43,35.06,0
70.3,6.03,1658.86,3.2,31.21,3.83,46.44,20.93,1
68.78,4.05,1199.39,2.45,48.24,4.32,45.75,33.88,0
69.75,4.83,1360.31,2.9,55.3,4.69,52.34,48.22,0
72.45,4.99,1651.43,3.53,67.15,3.91,51.04,51.98,1
75.67,5.36,1396.7,3.42,56.97,4.3,44.52,31.73,1
81.66,4.41,1270.23,2.43,64.74,3.52,47.87,32.72,0
78.99,5.01,1459.64,2.1,42.47,3.72,49.93,14.33,0
70.4,5.93,1559.13,1.03,68.65,4.02,48.1,17.23,0
87.54,4.22,1409.59,3.13,45.88,4.64,46.1,61.99,0
74.19,4.69,1312.59,1.36,42.31,4.46,55.82,35.22,1
58.47,4.76,1410.38,2.3,50.05,3.41,49.63,14.75,1
78.35,5.57,1659.65,2.72,71.22,3.46,54.41,39.84,0
78.37,5.68,1545.27,1.89,55.28,3.49,40.73,43.94,0
75.52,5.16,1976.02,1.6,50.74,3.68,53.34,40.88,0
66.85,5.38,1401.89,2.7,63.49,4.17,41.45,17.46,0
73.52,5.09,1511.22,2.34,49.14,3.8,47.42,31.06,0
64.18,5.68,1506.4,3.19,49.66,4.22,57.85,13.7,0
68.06,4.35,1376.04,4.12,70.68,4.22,59.4,14.73,0
73.09,3.99,1589.1,2.38,68.38,3.35,53.26,53.67,0
77.79,5.66,1254.77,3.64,46.6,4.73,42.88,25.26,0
70.92,5.23,1278.21,2.82,43.23,4.12,52.21,34.8,0
73.95,6.44,940.84,1.48,46.84,4.36,52.93,30.12,0
77.78,5.58,1506.48,3.09,45.79,4.12,50.8,28.42,0
78.48,5.19,1299.79,1.27,64.45,4.45,46.92,43.38,1
80.29,4.4,1231.97,3.06,43.3,4.56,48.82,37.66,0
76.15,4.22,1262.31,2.97,73.29,4.06,44.34,27.77,0
79.17,5.26,1537.84,1.82,55.7,3.52,45.36,36.71,0
59.23,5.99,1261.21,2.4,64.21,3.66,41.5,40.33,0
61.61,5.45,1314.66,1.4,52.26,4.06,44.97,30.67,0
69.45,5.01,1441.53,2.87,50.45,3.94,47.92,34.91,0
66.9,3.43,1329.82,1.78,30.0,3.94,44.94,37.12,0
60.28,6.57,1621.53,2.63,67.02,3.98,50.48,33.42,0
76.82,4.93,1382.11,0.8,38.61,4.06,47.41,43.07,0
71.01,4.1,1387.45,2.53,43.93,3.75,49.23,55.86,0
69.76,4.98,1248.66,2.14,74.26,3.99,52.51,25.11,0
65.12,4.98,1521.11,3.18,60.69,3.89,41.19,38.69,0
67.1,5.07,1324.9,1.39,64.57,4.28,48.59,35.86,0
67.86,5.02,1144.86,2.11,46.34,4.34,43.65,33.78,0
68.49,5.21,1517.38,4.05,41.88,4.13,44.94,47.79,0
80.59,4.47,1342.77,1.48,53.93,3.7,44.54,26.52,0
71.51,5.57,1413.03,1.52,55.33,3.72,44.63,21.05,0
69.57,4.61,1664.86,3.54,75.89,3.78,54.91,43.77,1
66.15,5.15,1459.05,2.39,62.5,4.17,54.53,21.73,0
75.51,4.82,1651.87,2.12,50.43,4.01,47.74,45.22,0
76.27,6.01,1722.2,2.55,72.15,4.24,42.16,51.11,0
76.04,5.08,1306.69,1.41,38.77,3.77,57.54,39.18,0
67.24,5.01,1760.5,2.56,42.41,3.93,48.36,12.63,0
84.2,5.38,1490.48,3.84,62.41,4.52,58.66,42.37,0
79.34,4.23,1563.01,2.31,57.38,3.94,45.14,52.83,0
52.22,5.82,1576.89,2.02,47.77,4.21,35.23,34.14,0
80.39,4.67,1450.19,2.43,72.29,3.97,53.17,43.79,0
75.44,6.07,1426.77,3.5,78.25,4.62,53.26,21.02,0
68.24,5.85,1809.71,2.63,51.54,4.35,54.21,22.69,0
79.07,3.4,1355.93,2.55,60.79,3.85,45.08,15.17,0
83.22,6.86,1291.79,2.17,56.66,3.77,44.96,19.37,0
61.05,5.93,1459.46,1.55,52.59,4.45,48.98,31.67,0
64.69,5.45,1524.82,1.61,50.83,4.35,49.72,25.65,0
64.76,5.59,1226.84,2.29,49.33,4.13,55.03,10.18,0
74.3,5.52,1412.47,2.7,65.45,4.2,47.58,30.59,0
70.96,5.61,1470.23,3.75,64.18,4.46,41.6,54.18,1
69.92,5.74,1359.04,2.54,61.67,3.86,50.35,22.53,0
70.46,5.3,1589.13,2.61,51.64,3.93,47.24,40.0,0
69.37,6.3,1373.72,2.15,66.87,4.67,52.78,31.9,0
72.49,5.82,1408.54,2.81,58.36,4.21,42.93,67.91,0
69.67,4.26,1675.64,1.96,68.06,3.85,52.91,53.94,0
67.68,4.64,1468.09,1.56,53.52,4.0,41.75,38.74,0
76.02,6.16,1206.99,2.44,51.36,3.89,47.83,29.87,0
71.41,4.96,1611.15,1.71,54.93,3.97,49.93,39.94,0
76.0,4.82,1538.19,2.46,65.49,3.97,40.78,56.32,0
73.31,5.04,1710.48,0.69,49.84,4.09,37.44,32.81,0
74.08,5.55,1215.68,2.56,76.89,4.65,52.53,27.25,0
81.63,4.81,1576.12,3.42,49.46,3.62,31.28,32.55,0
68.93,4.33,1470.79,2.86,66.64,3.39,58.04,36.34,1
81.68,3.79,1495.09,2.28,40.99,4.12,47.39,63.86,0
80.47,5.12,1898.57,3.13,46.14,4.02,48.96,51.42,0
56.77,5.56,1337.62,1.91,51.12,4.3,38.49,54.12,0
62.2,5.84,1533.92,2.35,61.4,4.18,43.72,40.28,0
65.34,5.85,1199.49,2.97,52.59,3.69,49.88,25.92,0
62.6,4.56,1270.69,3.8,78.2,4.45,53.34,7.11,0
68.9,5.01,1210.55,1.93,57.79,4.67,45.94,17.93,0
70.62,5.27,1478.68,2.28,66.92,4.12,44.11,36.21,0
74.76,5.73,1327.03,3.36,81.84,4.03,51.56,34.58,0
60.72,5.84,1350.61,2.33,55.81,3.64,35.91,44.35,0
61.03,4.72,1493.29,1.66,69.91,4.33,41.37,45.73,1
58.87,5.36,1471.32,2.25,54.68,4.33,37.5,22.89,0
73.43,5.46,1699.14,1.75,49.37,3.66,48.62,42.68,0
68.02,5.17,1593.02,1.45,77.75,4.3,50.07,39.49,0
65.46,4.46,1332.65,3.03,62.17,4.34,43.22,28.83,0
76.56,4.94,1078.9,1.7,67.19,3.84,44.38,19.41,0
70.0,5.73,1484.41,1.68,65.06,3.9,43.22,48.93,0
63.23,5.82,1431.18,1.58,63.17,4.08,52.95,38.97,0
59.38,5.06,1420.48,2.2,38.67,3.6,54.64,34.91,0
68.84,4.86,1460.23,2.6,45.86,3.75,56.35,46.04,0
78.1,4.82,1640.76,2.48,52.63,3.86,50.91,15.59,0
78.11,6.48,1689.18,2.43,53.76,3.71,39.43,45.83,0
77.32,5.87,1247.21,1.87,64.2,3.76,48.4,45.95,0
72.93,5.06,1401.36,3.12,60.33,4.05,48.05,31.33,0
65.28,6.69,1921.67,2.1,55.09,3.42,45.29,38.29,0
63.02,5.28,1492.7,2.66,44.56,3.87,57.56,62.75,0
59.06,4.9,1580.29,1.15,40.88,3.58,52.64,50.48,0
73.86,5.85,1404.98,2.19,64.59,3.8,47.73,35.06,0
66.09,6.38,1583.31,1.79,55.95,3.74,45.13,42.46,0
91.64,4.85,1611.66,2.43,51.62,4.35,49.13,20.69,0
68.28,4.15,1465.36,2.55,60.6,4.49,50.77,38.01,0
65.69,5.69,1639.99,2.24,46.09,4.08,44.96,42.16,0
64.74,3.93,1368.21,2.02,35.84,4.65,45.48,40.83,0
66.65,4.48,1535.83,2.91,55.88,3.8,37.23,19.42,1
74.85,5.28,1376.7,1.83,64.73,4.15,43.25,2.08,0
66.04,5.45,1402.65,3.68,53.54,4.07,51.71,80.53,0
77.03,4.92,1243.89,2.95,59.19,4.09,43.15,45.6,0
55.21,4.97,1599.71,2.02,42.8,4.16,56.7,51.48,0
73.8,4.77,1230.97,2.88,45.59,4.42,57.62,21.94,0
76.6,4.56,1397.02,2.12,64.9,4.01,53.42,25.01,0
69.83,5.44,1380.6,2.1,54.55,3.73,52.91,67.14,1
70.36,5.29,1242.13,2.65,55.76,3.84,38.39,36.36,0
88.55,5.38,1650.5,3.94,78.65,3.93,41.92,39.25,1
65.25,5.18,1620.46,2.17,45.51,3.45,57.3,12.19,1
78.34,4.56,1261.64,3.1,66.41,4.18,52.74,34.09,0
80.27,5.33,1339.42,3.33,65.66,3.98,53.7,38.08,1
69.58,5.7,1728.55,1.74,62.74,4.34,55.11,33.41,0
71.91,4.92,1367.71,2.44,53.67,3.9,41.45,9.86,0
58.58,6.17,1589.88,3.11,51.25,4.56,39.08,30.31,0
84.33,4.8,1258.6,1.51,46.41,4.4,40.17,28.09,0
68.18,5.51,1337.33,1.28,41.8,4.5,47.39,56.63,0
93.29,4.33,1399.15,3.18,60.25,3.88,55.89,30.09,0
64.08,5.23,1414.42,2.43,65.26,3.37,48.01,29.15,0
66.76,5.52,934.26,1.64,59.47,3.92,47.98,43.16,1
71.87,4.79,1571.5,3.73,58.3,4.47,49.16,32.71,0
66.52,4.76,1116.47,1.11,40.29,4.26,54.29,55.57,0
60.67,4.69,1371.94,2.93,58.08,4.36,53.31,28.72,0
59.39,5.6,1123.21,2.54,51.31,3.93,50.43,50.18,0
65.24,5.27,1551.09,2.56,56.47,4.27,47.11,11.99,0
77.75,4.61,1529.94,2.46,49.6,4.69,52.96,43.11,0
63.38,5.36,1469.82,2.33,50.23,3.62,50.97,39.08,0
83.88,5.6,1452.31,2.95,69.77,3.82,46.24,31.74,0
70.36,4.25,1208.45,2.62,59.97,4.23,57.31,15.69,0
73.78,4.77,1254.55,2.16,45.82,4.26,41.76,32.06,0
74.88,5.51,1005.41,3.62,54.98,4.12,44.74,35.36,1
62.21,4.46,1460.82,1.8,48.94,4.35,46.3,56.13,1
70.97,4.88,1786.89,2.28,57.69,3.84,47.25,21.74,0
84.89,4.62,1539.48,1.88,49.19,4.16,45.97,13.0,0
76.66,5.15,1167.78,2.2,54.33,3.78,41.47,54.73,0
73.94,4.48,1336.58,2.66,39.74,3.71,50.6,46.72,0
59.36,5.68,1812.17,2.27,60.58,4.23,54.66,32.08,1
72.0,4.92,1347.89,3.17,52.82,4.14,58.0,42.73,1
67.6,5.56,1693.3,3.12,31.76,3.79,45.82,45.39,0
65.88,5.05,1352.48,1.99,62.26,4.88,52.43,29.11,0
65.08,4.73,1307.29,1.61,67.84,3.77,48.87,32.07,1
74.08,5.21,1073.5,2.54,43.88,3.67,41.39,69.45,0
74.92,5.17,1303.37,1.94,59.51,4.4,46.23,38.56,0
65.04,5.86,1486.21,2.02,49.13,3.72,50.58,48.69,0
70.67,4.74,1659.98,2.42,55.01,3.7,42.19,40.45,0
71.59,4.55,1208.42,2.12,50.5,3.58,47.45,44.17,0
79.93,5.79,1275.31,2.1,54.34,3.5,43.49,63.89,0
76.14,3.99,1487.12,2.44,41.56,3.95,46.65,33.59,1
86.61,5.66,1347.32,2.67,47.11,4.57,49.49,52.9,0
64.87,4.5,1424.04,1.82,65.58,3.71,43.24,32.27,0
59.92,3.89,1182.56,2.15,67.99,3.88,47.85,22.44,0
71.5,4.43,1675.74,2.23,48.06,3.67,57.17,10.66,0
63.23,4.32,1663.97,2.15,48.48,3.43,41.13,34.15,0
74.76,5.01,1688.54,3.13,73.0,4.58,47.42,28.64,1
72.32,4.65,1376.18,1.66,63.01,3.24,42.62,29.27,1
72.46,4.59,1364.42,2.41,45.62,4.16,46.25,19.8,0
65.13,5.37,1101.63,2.71,59.83,3.67,45.15,51.68,1
66.03,5.36,1726.57,2.32,46.51,4.07,41.43,64.35,0
72.71,5.48,1491.21,3.37,70.13,3.91,58.32,52.28,0
87.67,4.52,1531.64,2.14,53.4,3.83,47.63,27.08,0
76.23,6.08,1301.25,2.77,69.46,3.62,61.33,29.2,1
77.87,4.86,1352.03,2.17,48.08,3.85,53.19,25.46,0
77.13,4.64,1287.39,2.69,47.99,4.82,51.66,49.9,0
74.93,4.45,1605.1,2.9,37.26,4.0,49.19,21.86,0
90.53,5.83,1610.03,1.58,53.2,4.35,61.03,30.19,1
86.2,5.61,1651.73,2.47,41.77,3.47,63.14,5.44,0
71.34,5.8,1553.15,1.93,50.13,3.86,37.97,19.55,0
72.85,5.03,1345.77,2.75,54.82,4.06,50.92,36.71,1
70.67,5.02,1105.42,2.13,54.06,4.28,51.12,13.43,0
83.27,4.37,1249.59,2.8,57.48,4.01,48.64,43.76,1
79.54,4.6,1653.55,2.11,46.7,3.73,43.76,34.8,0
72.74,4.19,1359.31,1.53,49.46,3.95,41.37,32.77,0
78.07,5.64,1617.78,1.94,49.14,4.06,51.73,20.71,0
79.64,5.86,1496.72,1.86,53.99,3.92,47.54,46.96,0
62.73,4.25,1190.52,2.46,55.49,3.71,59.64,49.72,0
68.16,5.3,1721.73,3.63,75.64,3.62,44.63,54.41,0
73.76,5.72,1379.2,2.37,50.8,3.97,56.66,20.89,0
78.27,5.47,1155.52,2.42,59.37,4.16,44.9,44.07,0
72.01,5.49,1384.37,2.16,56.88,3.76,59.47,42.5,0
77.91,5.85,1636.9,3.12,72.34,3.97,53.92,53.21,0
77.31,5.67,1556.24,2.16,57.72,3.92,50.08,49.92,0
84.31,5.1,1539.78,2.5,57.87,4.25,45.96,22.75,0
73.84,5.61,1424.53,2.96,58.71,3.84,40.97,32.29,0
80.53,5.2,1541.54,3.19,40.47,3.94,50.57,28.49,0
76.64,6.36,1542.9,3.66,46.3,3.75,51.64,46.12,0
80.5,5.05,1475.53,3.11,44.74,4.39,43.82,48.35,0
70.7,6.78,1431.96,2.4,46.68,3.6,45.07,16.16,0
75.11,4.93,1544.72,3.12,42.24,4.18,53.91,25.13,0
79.4,3.49,1420.0,3.02,60.57,3.69,46.76,40.84,0
76.7,5.55,1350.4,2.79,44.91,4.87,43.72,25.0,1
66.99,5.51,1301.38,2.4,56.97,4.35,42.93,16.36,0
76.04,4.74,1421.14,2.06,72.1,4.15,39.25,0.14,0
66.9,5.53,1506.21,1.39,68.03,3.49,46.1,29.59,0
69.93,4.85,1413.03,1.95,50.2,4.47,53.45,42.36,1
75.59,4.67,1594.65,1.57,44.43,3.68,55.07,45.33,0
73.1,5.14,1322.79,1.71,58.92,4.35,35.6,27.56,1
78.2,5.99,1673.48,2.77,57.36,3.9,61.22,34.56,0
65.31,5.2,1485.18,2.06,49.51,4.11,41.63,51.83,0
75.04,5.45,1313.36,1.62,69.64,3.98,48.65,23.49,1
72.69,6.05,1382.78,1.55,46.9,4.3,51.84,51.64,0
60.74,5.5,1673.29,3.13,53.76,4.57,47.06,20.33,1
71.19,4.34,1432.02,1.84,41.24,4.31,44.36,65.23,1
67.76,4.76,1382.6,2.4,46.93,3.26,48.2,47.99,0
58.29,4.58,1440.97,2.66,48.09,3.55,53.53,36.46,0
73.69,6.09,1520.49,3.36,58.31,4.15,45.69,59.88,0
78.04,5.59,1112.16,2.76,38.15,4.24,58.41,86.57,1
90.87,5.41,1587.57,0.9,36.86,3.68,42.19,37.74,0
74.08,5.45,1429.07,1.63,56.96,4.39,56.31,66.2,0
75.32,5.13,1216.27,2.24,70.04,4.08,51.93,25.89,0
69.53,5.24,1726.87,2.41,54.65,3.69,38.06,20.96,0
84.79,5.32,1518.23,3.37,59.52,4.16,49.52,57.74,0
52.01,4.94,1181.45,2.43,73.23,3.9,57.85,32.87,1
73.66,4.6,1334.26,2.9,67.15,4.13,43.07,38.82,0
73.22,4.69,1449.56,2.57,57.04,4.13,37.42,37.87,0
72.9,5.05,1440.45,2.24,43.5,4.5,61.9,18.26,0
59.8,4.68,1228.81,2.8,55.92,3.89,45.24,20.48,0
71.92,5.62,1410.26,1.52,41.84,4.29,49.8,9.84,0
62.42,3.57,1367.67,2.41,56.85,3.42,53.15,44.74,0
79.46,6.2,1415.94,3.34,45.17,3.77,46.2,19.85,0
79.59,6.56,1536.13,1.79,47.93,4.27,58.48,44.39,0
73.64,5.45,1303.49,2.19,75.6,4.38,58.01,62.11,0
57.93,5.21,1322.28,2.53,52.77,4.2,45.37,35.21,0
73.81,5.82,1580.91,3.26,70.4,4.52,51.06,45.29,0
73.4,5.41,1749.37,2.3,59.17,3.61,35.67,49.98,1
68.56,5.2,1530.96,2.95,51.01,4.33,46.04,39.98,0
72.69,4.09,1318.73,1.67,48.01,3.57,39.75,50.98,0
66.42,6.23,1875.65,2.47,60.71,3.87,50.15,37.39,0
73.27,5.68,1620.34,1.74,45.32,3.96,43.69,35.28,0
72.36,5.0,1511.94,1.16,55.2,4.11,59.9,31.63,1
70.7,5.54,1566.69,2.8,64.9,4.56,46.03,42.32,0
58.23,4.19,1451.56,2.45,66.18,3.55,43.09,51.87,0
74.26,3.9,1488.04,2.14,47.31,4.06,38.17,43.82,0
79.03,5.7,1312.39,1.93,70.89,3.49,52.12,44.21,0
78.49,6.07,1474.73,2.19,62.03,3.78,49.59,0.0,0
64.72,6.14,1452.75,3.57,65.78,3.79,47.24,39.03,0
82.82,4.8,1569.99,2.47,45.47,4.55,49.6,42.51,0
68.21,5.33,1736.55,3.06,54.21,3.8,48.09,10.98,0
68.64,5.04,1416.84,1.97,56.25,3.64,53.96,33.31,0
71.09,6.66,1375.79,1.97,53.35,3.96,53.51,43.39,0
69.51,3.67,1787.78,2.06,51.8,4.3,51.31,12.88,0
75.4,6.11,1619.06,1.8,48.97,3.98,46.3,11.27,0
79.14,4.6,1708.41,2.85,78.86,4.04,40.75,41.75,0
80.32,5.14,1258.4,2.79,48.38,4.07,56.82,16.24,0
71.29,4.58,1417.88,3.01,59.62,4.02,44.27,22.3,0
66.04,5.68,1201.72,2.75,51.96,4.59,55.18,32.07,0
61.31,5.34,1607.46,2.29,55.77,4.27,51.67,34.29,0
66.06,4.57,1544.57,3.67,52.55,3.97,53.38,48.14,0
76.28,4.19,1938.44,2.69,48.5,4.46,49.48,16.87,0
83.38,4.05,1035.16,1.64,53.92,3.9,49.3,14.35,0
56.13,5.76,1381.86,3.83,52.81,4.11,47.89,43.24,0
70.32,4.52,1607.42,3.11,74.87,3.93,42.49,42.84,0
63.6,4.98,1364.09,2.53,63.22,3.67,43.9,34.19,0
79.29,5.39,1318.44,2.43,53.71,4.17,44.36,35.17,0
82.27,5.36,1128.45,1.97,25.7,3.22,40.37,23.44,0
79.56,4.12,1417.36,2.51,54.71,4.36,50.65,55.52,0
65.46,5.53,1475.76,3.06,60.36,3.88,50.29,48.35,0
86.32,4.68,1256.79,2.92,56.08,3.99,47.77,16.96,0
68.93,4.15,1404.79,2.57,51.6,3.89,52.03,48.31,0
64.58,4.41,1174.5,2.79,57.46,3.55,49.9,20.74,1
86.07,5.76,1586.74,2.38,59.51,3.76,40.18,42.42,0
75.22,5.92,1392.81,1.97,71.48,4.19,48.8,17.18,0
78.78,6.19,1850.89,2.58,59.47,4.06,49.8,61.13,1
68.44,5.04,1428.94,2.81,43.78,4.09,52.35,46.06,0
75.27,4.93,1438.02,2.68,54.31,3.83,49.31,32.94,0
66.13,4.88,999.85,4.12,62.73,3.95,46.68,32.17,1
74.52,6.01,1405.92,2.22,52.34,4.48,53.5,32.39,0
66.36,5.39,1426.67,2.45,51.71,4.28,45.1,41.11,0
70.03,6.54,1348.36,3.16,67.22,3.83,46.44,29.45,0
68.98,5.27,1712.65,2.28,47.1,3.34,47.04,18.25,1
70.52,5.6,1593.66,2.46,59.01,4.17,58.55,48.83,1
79.57,4.81,1414.08,3.38,56.3,4.21,58.64,70.99,1
86.19,7.04,1667.23,3.08,46.11,3.91,40.35,27.98,0
78.53,5.42,1348.93,2.52,61.25,3.97,47.45,49.64,0
73.14,5.0,1604.52,1.05,55.84,3.35,44.69,31.48,0
56.73,5.32,1490.47,3.08,64.0,4.26,47.16,8.22,1
75.64,5.11,1768.37,2.78,44.02,4.69,47.94,28.9,1
76.07,5.89,1290.89,2.53,69.51,4.04,45.84,41.88,0
78.74,5.04,1432.58,2.47,58.88,3.76,50.81,43.36,0
80.82,6.06,1807.3,1.24,55.2,4.43,53.99,43.29,0
78.64,5.36,1727.34,3.53,70.79,3.85,45.31,10.35,0
74.19,4.95,1434.74,3.29,62.46,4.09,38.02,14.82,0
86.81,4.47,1421.89,1.31,58.08,4.0,40.41,41.64,1
73.38,4.45,1429.39,2.14,50.48,4.18,60.68,41.09,0
76.06,5.05,1219.39,3.25,54.41,3.6,52.03,59.4,0
66.48,5.24,1447.15,1.65,53.68,4.47,42.37,23.45,0
71.13,5.75,1284.95,1.39,71.83,3.51,58.0,29.15,0
72.19,5.78,1374.72,3.48,53.01,4.16,54.15,28.77,0
71.8,4.97,1357.46,1.95,56.16,4.07,58.53,38.08,0
72.85,4.55,1605.78,2.19,58.62,4.46,33.62,25.55,1
77.01,5.92,1460.83,1.67,43.98,4.82,50.9,7.75,0
66.6,5.31,1694.59,1.38,49.09,4.36,50.72,38.89,0
66.86,6.02,1309.92,2.29,51.39,4.55,54.12,32.65,0
66.9,4.49,1290.04,2.86,66.09,3.76,42.86,49.03,1
70.26,3.93,1483.92,2.6,52.94,4.27,50.51,14.27,0
71.21,4.58,1530.39,2.16,46.74,4.12,45.54,52.65,0
67.04,4.47,1283.14,2.38,55.11,4.43,47.73,61.14,0
63.41,5.07,1483.96,1.89,70.51,4.03,49.08,15.99,0
69.94,5.35,1082.14,3.17,51.59,3.64,52.61,23.43,0
65.23,5.17,1216.92,2.6,50.6,4.48,52.78,45.92,0
76.88,5.0,1572.52,3.13,63.68,3.6,44.05,29.58,0
80.86,5.14,1402.38,1.74,44.38,4.02,42.76,38.0,0
73.54,5.62,1348.43,2.25,42.17,3.56,36.9,33.55,0
67.38,6.24,1751.47,1.73,66.88,4.67,47.97,44.71,0
69.1,5.24,1391.66,3.91,66.73,4.03,42.72,40.49,0
79.2,5.32,1299.58,1.48,49.46,4.3,52.63,40.05,0
76.73,5.46,1321.66,2.26,58.81,4.05,43.68,36.78,0
71.6,5.13,1576.77,2.75,48.42,4.02,42.24,16.73,1
80.41,4.62,1769.42,3.15,39.51,4.25,54.77,1.71,0
64.58,5.21,1509.51,2.62,61.9,4.18,48.55,73.22,0
70.77,5.19,1413.63,3.62,66.48,4.11,39.53,46.07,0
66.91,5.04,1213.42,1.89,69.75,3.84,50.85,30.56,0
73.78,4.33,1354.14,2.65,45.65,4.04,46.86,11.36,0
60.46,5.02,1603.57,3.27,63.88,4.39,48.14,45.28,1
64.52,4.5,1332.96,2.15,67.26,3.57,51.1,53.97,1
61.1,5.2,1489.04,2.42,56.33,3.67,39.71,35.37,0
83.54,4.3,1376.0,2.07,68.42,3.39,48.58,39.21,0
83.85,4.36,1070.26,2.54,43.4,3.69,52.24,59.87,0
64.35,5.6,1629.67,4.48,45.78,3.59,39.89,0.7,0
60.67,5.49,1757.94,2.16,47.37,4.06,32.06,55.31,1
76.8,4.63,1392.47,3.33,51.5,3.44,47.7,51.85,0
70.05,4.98,1388.57,2.01,38.69,3.57,55.75,49.96,0
73.25,4.24,1352.16,0.69,59.01,3.94,46.37,41.61,0
64.79,5.34,1623.99,2.12,71.94,3.97,56.86,20.29,0
72.31,5.56,1407.75,3.06,48.44,3.84,32.63,54.02,0
80.52,5.14,1307.02,1.87,72.83,4.19,53.88,37.83,0
79.67,5.61,1658.98,2.29,41.12,4.27,47.55,29.17,0
68.62,5.76,1744.43,3.0,55.43,4.55,49.09,43.43,0
70.61,5.48,1256.8,2.42,55.92,3.26,45.92,47.89,0
66.47,5.44,1313.74,2.33,61.77,3.5,47.3,42.79,0
68.81,4.49,1625.93,1.82,47.08,3.74,51.23,9.71,0
91.51,5.34,1556.11,1.85,71.16,3.37,45.31,8.01,1
70.46,4.74,1353.76,2.81,40.65,4.1,43.2,58.73,0
74.67,4.54,1432.82,2.64,56.19,4.07,53.37,29.52,0
70.53,5.28,1704.88,1.37,67.35,4.41,47.3,29.52,0
72.29,4.16,1230.91,1.39,52.92,3.3,49.2,43.06,0
63.26,4.72,1644.73,2.47,71.17,3.67,36.99,26.31,0
73.38,5.58,1839.36,2.39,67.28,4.31,69.65,52.68,0
76.62,5.44,1097.01,2.4,73.6,3.63,55.6,37.67,0
64.03,4.83,1301.21,3.02,45.9,3.89,45.85,49.34,0
75.31,4.28,1214.5,2.68,51.35,3.9,55.31,28.05,0
80.87,4.39,1210.07,1.84,61.11,3.82,50.97,29.1,0
54.46,5.54,1544.8,2.5,39.59,3.66,45.98,41.2,0
76.38,5.95,1280.97,2.66,57.34,4.06,52.45,40.29,0
66.38,6.69,1410.84,2.47,64.59,3.92,48.18,9.45,0
69.74,5.88,1415.89,2.21,49.29,3.78,47.53,19.41,0
69.22,4.93,1406.69,2.07,56.12,4.03,52.98,26.66,0
68.2,5.11,1314.03,2.9,51.04,4.15,46.69,33.36,0
75.66,5.29,1414.94,2.51,61.26,4.07,42.52,14.67,0
66.52,5.65,1700.58,2.07,47.7,3.83,34.6,26.48,0
59.87,5.49,1344.99,2.06,63.16,4.34,55.11,46.2,0
69.02,5.9,1191.05,2.37,67.86,4.08,47.02,77.83,0
70.2,5.18,1331.46,3.18,66.01,4.23,48.84,36.45,0
80.73,5.81,1474.71,1.53,58.81,4.05,53.42,25.02,0
58.52,5.75,1512.78,2.27,47.52,3.75,49.11,10.65,0
67.03,5.7,1345.89,3.05,63.75,3.55,40.68,29.37,0
66.5,5.38,1507.06,1.58,66.24,4.59,47.64,64.17,1
69.51,3.43,1349.09,2.31,45.47,4.16,45.61,37.0,0
62.44,5.36,1258.57,3.08,62.64,4.48,47.24,16.58,0
88.38,4.33,1473.34,2.3,59.55,4.01,45.54,33.72,0
72.89,5.12,1537.75,2.92,55.69,4.63,48.33,26.79,1
56.65,6.06,1383.36,2.0,64.26,3.9,59.76,26.04,0
78.45,4.7,1222.27,3.1,64.37,4.04,44.54,25.99,0
73.98,5.3,1497.49,3.29,67.86,3.75,47.27,46.09,0
71.91,4.52,1576.0,2.25,62.26,3.98,50.41,25.03,0
82.08,4.22,1555.19,2.79,60.79,3.92,45.76,60.86,0
77.84,6.81,1355.52,2.8,51.53,4.15,54.57,47.63,0
79.43,5.07,1107.68,2.1,45.03,3.9,61.4,44.57,0
87.0,5.64,1519.2,1.58,64.11,4.1,54.2,44.44,0
59.08,5.31,1351.04,3.0,54.25,4.13,45.04,51.41,0
63.86,5.04,1216.01,1.52,52.53,3.96,44.52,43.61,0
75.72,4.33,1658.24,2.58,55.4,3.83,43.37,28.07,1
86.01,4.7,1584.41,1.89,61.75,4.21,47.88,25.99,0
68.11,5.16,1533.1,1.6,54.25,3.66,56.39,29.95,0
87.3,5.23,1482.72,2.43,46.51,4.12,45.96,28.85,0
77.82,5.79,1591.24,3.35,49.18,3.65,44.85,40.02,0
67.15,5.52,1194.32,1.48,74.15,3.95,46.91,23.49,0
75.2,5.04,1193.82,3.05,58.59,3.83,57.18,22.53,1
72.17,6.09,1557.16,2.52,67.61,3.92,33.76,20.65,0
79.42,4.97,1540.33,2.65,53.25,4.3,55.87,21.36,0
76.18,5.34,1314.69,2.34,51.59,3.97,51.0,24.7,0
72.74,5.63,1361.79,0.97,31.27,3.58,42.54,33.66,0
73.3,3.8,1630.45,2.65,62.33,3.57,57.48,27.19,1
57.42,5.56,1324.24,1.78,54.07,3.53,55.19,15.37,0
72.24,5.79,1593.77,2.93,63.22,4.03,46.67,25.58,0
67.05,4.61,1416.05,1.75,55.78,3.38,49.2,22.28,0
71.41,5.23,1482.03,2.63,49.81,3.97,47.38,17.56,0
70.11,4.4,1335.51,1.82,47.73,4.19,55.22,15.49,0
71.83,5.2,1424.54,2.53,82.02,4.48,61.4,22.59,1
68.22,5.03,1330.43,2.37,70.23,3.99,39.02,34.37,1
73.75,4.62,1528.12,1.88,42.78,3.91,45.75,19.17,0
56.77,5.69,1678.84,3.19,45.62,4.6,49.47,32.74,1
77.44,4.49,1264.27,2.89,41.58,4.14,42.9,44.72,1
74.06,4.86,1310.92,1.78,51.8,3.67,43.51,47.25,0
76.95,4.3,1659.8,2.26,55.92,4.44,46.5,27.65,0
70.58,3.67,1477.65,2.59,48.47,4.43,50.24,32.36,0
75.8,5.39,1529.0,2.03,63.64,3.73,55.84,45.1,0
80.67,4.61,1446.03,1.61,65.3,4.41,54.52,32.28,0
77.09,5.45,1087.93,2.77,79.99,4.28,44.51,34.86,0
71.91,4.45,1559.18,3.27,59.07,4.09,53.82,43.34,1
74.39,6.17,1556.81,2.46,63.4,3.75,47.9,14.3,1
56.42,5.16,1483.27,3.2,56.88,4.24,45.54,54.2,0
83.83,5.34,1168.65,1.45,43.46,4.09,49.32,22.53,0
75.16,5.76,1793.59,2.75,56.87,4.22,38.79,39.18,0
77.71,5.38,1407.79,1.58,61.82,4.03,42.19,32.2,0
70.49,4.64,1267.0,2.74,61.23,4.6,54.94,28.79,0
73.03,5.46,1497.17,2.3,52.43,3.15,39.03,22.09,0
61.11,5.44,1816.01,1.5,64.1,3.93,45.55,30.01,0
78.15,4.31,1309.5,3.41,73.38,4.16,47.78,29.66,0
65.24,4.63,1745.79,2.77,55.45,4.27,43.81,24.6,0
54.55,6.02,1321.05,1.7,53.1,3.64,48.97,24.35,0
77.55,5.78,1686.06,3.07,50.77,3.88,48.8,48.18,1
73.18,5.94,1500.57,3.48,49.74,3.95,46.54,36.84,0
64.57,4.74,1507.79,2.65,51.7,3.71,51.79,34.89,0
64.9,5.84,1304.76,3.05,44.71,3.29,46.47,35.47,0
72.27,4.33,1593.94,2.88,61.38,4.01,48.67,45.44,0
73.78,6.79,1693.83,2.85,48.64,4.2,42.81,37.28,0
79.76,5.02,1742.48,2.91,58.75,3.75,36.67,13.03,1
73.01,4.7,1331.55,1.94,46.64,3.39,48.89,17.15,0
68.45,4.72,1351.99,1.59,39.87,3.37,40.49,36.38,0
66.36,4.64,1177.03,1.43,61.64,4.18,56.69,46.91,0
70.71,5.49,1562.47,1.76,43.58,3.9,48.61,38.43,0
83.05,5.31,1593.9,2.1,61.13,3.85,52.7,55.44,0
75.69,4.61,1698.2,1.79,60.03,4.22,48.04,20.55,0
74.55,4.56,1346.72,3.43,76.28,4.34,45.61,22.83,0
87.04,5.83,1475.0,2.5,60.66,3.85,46.95,15.64,0
70.55,6.4,1568.07,1.92,42.99,3.74,45.29,34.45,0
69.19,5.46,1553.06,1.67,50.87,3.8,51.73,31.95,0
75.29,5.3,1535.03,1.09,51.32,4.2,52.73,0.0,0
71.77,5.69,1230.96,1.86,44.42,4.05,37.84,59.39,0
73.85,3.93,1394.63,1.7,53.13,3.8,49.24,20.3,0
75.44,4.53,1226.55,2.02,77.51,3.44,48.67,26.04,0
78.84,5.49,1276.79,2.45,53.75,3.81,47.66,19.44,0
70.5,4.62,1568.64,3.16,67.54,3.18,44.16,27.13,0
80.89,5.11,1686.76,2.13,42.21,4.01,48.98,40.11,0
72.16,5.37,1379.11,3.11,57.87,4.0,52.13,46.27,0
69.7,6.27,1252.88,2.27,49.98,4.44,41.01,37.02,0
70.24,4.7,1922.65,2.97,49.38,3.9,51.24,18.99,0
62.2,5.05,1513.92,2.19,63.23,4.2,51.02,28.82,1
79.06,6.3,1326.14,2.19,48.25,4.08,34.18,46.95,0
72.44,5.78,1152.23,2.32,48.89,3.51,39.45,29.92,0
72.49,5.43,1641.72,2.47,47.84,3.24,39.61,22.99,1
73.66,5.53,1273.78,3.05,39.87,4.14,50.19,37.34,0
72.76,5.07,1670.64,2.83,37.65,4.09,55.6,39.91,0
74.9,6.07,1421.6,2.58,39.58,3.98,50.85,23.68,0
78.42,5.44,1406.32,1.06,46.85,3.59,45.03,23.83,0
66.87,4.91,1635.96,2.18,65.71,4.08,50.99,41.8,0
71.1,5.61,1386.34,2.52,51.66,3.07,49.99,30.78,1
71.84,4.81,1455.18,3.83,42.01,3.93,57.87,15.06,0
69.77,6.09,1464.01,3.62,80.74,3.99,41.24,17.65,0
74.86,5.43,1667.74,2.42,73.05,4.12,62.46,35.77,0
70.57,4.89,1626.22,1.24,64.9,3.8,44.77,43.94,0
64.29,4.6,1452.8,3.32,48.69,4.2,52.17,34.98,1
76.46,4.81,1595.29,1.78,58.43,3.99,49.38,35.81,0
65.81,4.04,1608.95,2.66,67.98,3.92,50.43,22.44,0
61.13,6.28,1451.31,2.7,55.99,4.09,56.3,25.82,0
53.8,4.9,1465.55,2.37,47.28,4.33,38.96,28.85,0
72.16,5.46,1351.91,1.78,67.64,4.0,51.19,31.15,1
63.63,5.96,1803.82,2.62,63.11,3.63,46.46,7.29,0
73.7,4.21,1375.31,1.53,68.31,3.93,42.81,83.89,0
61.61,5.92,996.99,1.67,58.56,4.23,50.84,43.32,0
67.37,5.6,1414.84,2.26,64.21,4.05,57.16,30.99,0
76.7,5.33,1519.65,2.65,42.37,3.39,47.24,70.31,0
66.66,5.12,1695.31,2.05,63.02,2.91,42.45,30.47,1
71.27,5.25,1243.54,2.02,43.35,4.02,40.16,21.42,1
86.43,5.42,1449.49,2.68,70.28,4.31,48.83,32.13,1
72.44,4.11,1336.21,1.03,50.54,3.22,44.02,33.96,0
59.67,5.1,1470.34,2.51,58.49,4.33,48.52,44.87,0
71.82,4.71,1186.25,2.02,50.98,3.94,54.98,27.23,0
70.9,5.79,1279.65,2.66,44.56,3.96,54.37,17.47,0
75.2,4.41,1286.45,3.27,60.59,3.61,36.69,28.19,0
76.46,4.56,1214.39,2.84,50.54,3.84,41.14,53.42,0
57.05,4.16,1413.78,3.1,44.14,3.72,53.11,62.94,1
74.04,6.53,1512.63,2.8,57.51,3.64,36.57,37.26,0
87.19,4.93,1632.99,2.83,63.55,3.91,50.15,28.0,1
58.2,5.75,1688.13,2.26,70.05,3.91,42.2,58.51,1
79.69,5.58,1704.01,1.89,43.13,4.07,40.38,38.44,0
71.42,4.68,1371.34,2.0,45.97,4.28,60.41,40.22,0
82.6,6.05,1648.99,2.61,49.25,4.55,52.71,26.48,1
64.96,5.59,1405.76,2.7,47.81,4.01,44.66,12.63,0
68.29,5.28,1531.69,2.3,38.56,3.95,51.47,59.18,0
62.93,5.81,1605.91,2.23,41.35,3.89,48.09,51.23,0
76.82,5.88,1738.07,0.93,51.13,3.62,43.09,5.96,0
71.55,4.33,1307.76,2.67,57.31,4.17,42.67,52.18,0
68.26,6.26,1496.28,2.96,54.52,4.69,38.22,34.82,0
72.15,5.07,1292.36,2.46,59.5,3.86,46.23,22.9,0
67.91,4.04,1645.25,1.15,61.22,4.21,43.49,20.44,0
71.52,5.41,1523.04,3.17,72.25,4.12,42.96,32.14,0
61.57,4.95,1544.12,2.03,58.1,3.98,36.99,18.23,0
58.03,4.95,1347.47,1.18,58.28,3.64,46.9,16.14,0
72.95,5.86,1491.33,2.49,68.35,3.94,48.15,10.86,1
61.91,5.57,1471.0,1.48,56.44,2.92,55.76,62.76,1
76.5,5.46,1106.67,2.4,46.76,4.09,40.53,58.49,1
68.76,5.66,1463.1,2.53,55.55,3.66,50.96,24.9,1
73.9,5.6,1915.27,2.26,73.18,3.71,43.83,20.77,0
74.77,5.05,1630.09,1.95,41.93,4.5,55.47,11.1,0
77.4,4.93,1455.89,1.77,29.17,3.97,47.36,35.33,0
72.05,5.62,1687.15,2.84,60.35,4.1,48.31,45.5,0
75.57,5.23,1476.4,2.5,65.22,4.3,51.27,25.82,0
68.16,4.59,1321.17,2.78,50.27,3.8,40.25,37.04,0
77.33,6.61,1562.61,3.41,63.1,4.17,44.42,34.31,0
67.13,5.68,1518.92,2.46,50.53,3.76,42.46,37.55,1
73.88,4.4,1473.99,3.56,61.67,4.18,53.75,54.7,1
69.5,5.06,1495.25,2.73,48.65,3.93,53.05,17.9,0
62.16,5.57,1178.93,2.71,46.2,3.66,42.16,4.7,0
70.9,4.91,1283.43,3.1,65.1,3.53,45.96,34.66,0
77.0,5.82,1232.3,2.62,63.0,3.96,39.45,41.72,0
70.82,4.15,1334.42,1.83,65.82,4.04,52.44,42.49,0
70.2,5.22,1380.79,3.38,59.85,4.43,51.68,46.02,0
72.16,4.88,1581.74,2.85,65.18,3.89,48.68,13.49,0
73.17,6.06,1362.47,2.81,48.05,3.92,36.79,42.8,0
69.56,5.38,1324.08,2.28,64.75,3.59,51.33,64.59,0
80.08,6.05,1303.03,0.95,62.09,4.28,44.46,44.93,0
81.96,5.31,1741.55,2.99,44.53,4.29,41.1,50.95,0
72.07,5.83,1411.74,2.96,36.05,4.04,43.45,73.11,0
62.88,4.28,1486.67,2.68,62.12,4.34,44.91,12.98,0
62.4,4.89,1532.56,1.34,62.05,3.85,44.77,53.75,0
65.26,4.46,1737.3,1.14,55.88,4.03,49.2,54.56,0
66.22,5.99,1396.19,1.97,59.98,4.26,46.08,32.62,0
59.51,6.51,1324.2,1.5,53.43,3.79,51.18,46.46,0
65.57,5.0,1683.05,1.39,55.32,3.44,47.07,50.85,0
64.04,4.94,1619.72,2.71,37.34,3.99,49.22,37.81,0
81.49,4.73,1479.08,2.83,60.21,3.83,53.74,14.28,1
58.96,4.39,1475.04,2.42,60.21,4.0,39.55,47.96,0
77.42,5.83,1291.97,1.91,51.74,4.16,56.63,50.85,0
72.02,5.58,1603.02,1.23,54.06,3.91,50.68,57.82,0
86.45,5.16,1458.97,3.66,55.95,3.44,42.01,38.65,0
68.7,4.73,1432.7,2.77,62.57,3.8,45.87,52.53,0
75.72,5.52,1670.11,2.27,64.03,4.81,39.28,56.54,0
81.08,5.91,1401.15,2.48,51.41,4.06,50.65,41.02,0
74.64,4.43,1610.05,1.79,61.17,4.03,60.07,31.0,0
79.01,5.22,1374.6,2.66,68.73,4.31,53.04,29.64,0
77.26,6.03,1709.0,2.4,46.72,4.24,57.59,33.53,1
67.97,5.76,1277.84,2.46,45.08,3.92,53.41,27.64,0
79.66,5.53,1438.66,2.5,49.32,3.69,49.08,32.93,1
65.6,4.34,1126.73,2.56,48.5,4.3,44.11,28.3,0
75.31,5.38,1396.25,1.76,57.97,4.06,53.78,3.16,0
65.37,4.27,1446.91,1.73,57.5,4.18,49.03,15.66,1
75.15,5.05,1346.73,3.09,74.7,4.42,47.65,36.19,0
83.81,4.59,1309.54,2.09,58.75,3.86,47.0,54.96,0
80.23,5.25,1499.71,2.31,68.73,4.27,46.49,79.75,1
63.17,5.11,1669.5,2.81,61.25,3.35,45.69,50.03,0
64.98,4.78,1520.81,1.78,50.89,4.3,49.37,16.62,1
57.65,5.32,1092.07,1.19,79.15,4.48,51.39,38.17,1
66.92,4.45,1475.34,1.43,46.67,4.26,50.85,30.21,0
75.1,5.48,1605.52,2.01,65.53,3.63,51.28,57.66,1
65.98,4.32,1203.41,2.64,54.57,4.18,49.29,36.44,0
75.95,5.45,1365.86,2.58,50.7,3.86,52.8,23.26,0
70.64,4.2,1211.14,2.07,50.81,3.77,50.54,0.0,0
76.0,5.51,1251.91,2.59,57.98,3.86,49.78,31.98,0
66.28,6.95,1632.17,2.86,56.88,4.42,40.42,40.65,0
70.8,5.28,1455.62,2.13,63.94,4.11,49.86,45.33,1
78.45,5.94,1459.59,2.47,63.71,4.04,41.13,14.49,0
74.4,5.04,1451.18,2.72,62.92,4.32,43.43,43.35,0
72.57,3.99,2000.0,1.8,60.11,3.26,48.98,47.33,0
79.87,5.76,1149.95,2.02,46.62,4.01,42.8,45.88,0
67.59,4.73,1586.22,1.41,37.17,4.17,43.84,31.23,0
79.36,5.62,1443.15,1.94,66.34,4.55,34.43,25.97,0
66.15,5.27,1171.89,3.49,73.54,3.84,52.25,18.26,0
75.98,5.75,1382.75,2.92,76.22,3.72,40.12,24.05,0
72.2,4.98,1831.8,2.75,55.57,4.82,48.94,36.4,0
84.7,7.22,1526.48,1.61,71.96,4.17,32.29,19.88,1
84.49,5.92,1563.75,2.09,58.12,4.34,37.09,43.18,1
69.82,5.23,1652.88,2.88,57.43,3.62,38.86,52.1,0
61.47,5.46,1541.66,2.71,49.01,3.98,47.3,42.49,0
86.82,4.84,1666.04,3.2,56.25,3.46,44.01,36.72,0
83.07,5.63,1513.95,1.67,56.14,4.08,42.83,66.96,1
68.28,5.6,1381.39,3.16,50.52,4.3,45.99,30.77,0
63.98,5.54,1443.89,2.99,66.82,4.28,42.59,54.71,0
63.6,4.62,1418.92,0.76,59.49,4.09,52.18,54.52,0
72.56,5.88,1384.87,3.15,56.95,4.13,53.47,28.59,0
72.04,4.53,1243.76,2.33,43.33,3.48,50.14,14.4,1
69.77,4.71,1911.05,2.81,60.03,3.91,40.44,36.13,1
73.93,4.53,1380.45,3.28,49.46,4.11,57.18,30.82,1
63.45,6.45,1377.72,1.9,52.99,4.46,46.93,33.79,1
65.07,5.29,1476.74,1.58,54.34,4.0,54.83,60.16,1
72.15,5.0,1159.76,2.34,35.47,4.03,35.68,52.44,0
81.68,4.51,1583.28,0.91,60.34,3.81,65.97,16.93,0
75.49,4.98,1442.88,1.77,54.42,3.74,41.33,25.47,0
78.26,5.61,1607.84,2.75,51.18,3.66,57.27,43.77,1
75.61,5.11,1406.03,2.68,49.05,4.14,50.67,18.77,1
84.67,5.58,1371.44,2.09,56.69,3.9,35.11,38.92,0
74.81,5.98,1140.45,1.45,63.67,3.94,46.27,19.58,0
74.48,6.24,1581.78,2.53,55.34,4.1,40.44,38.51,0
83.01,5.91,1515.87,3.97,43.68,3.64,62.35,15.08,1
83.59,4.2,1550.47,3.84,57.44,4.54,39.85,0.0,1
68.55,5.45,1283.53,2.18,51.29,4.32,57.86,41.15,0
67.44,5.02,1481.17,2.0,50.75,3.83,47.58,52.3,0
70.92,5.86,1495.82,2.91,50.85,3.77,40.72,34.7,0
71.53,5.21,1388.03,2.48,55.98,4.33,53.98,13.77,0
72.54,4.21,1573.26,3.04,64.69,4.28,57.9,36.26,1
68.35,4.09,1375.14,2.45,53.19,4.08,46.6,24.06,0
61.6,6.43,1365.39,2.88,53.92,3.73,55.37,20.18,0
75.98,4.96,1588.07,2.73,39.81,4.46,48.63,31.87,0
73.98,5.11,1489.47,2.04,55.5,4.19,43.24,59.64,0
77.82,4.37,1692.93,1.85,59.24,3.94,45.71,0.0,0
85.46,5.25,1478.7,2.04,42.12,4.1,45.24,43.88,0
69.72,5.22,1533.59,3.74,48.67,4.42,56.97,13.18,0
65.65,6.54,1504.64,2.61,46.67,3.57,50.35,3.87,0
64.37,4.45,1441.8,3.11,60.44,3.84,47.5,59.27,0
72.41,4.69,1508.07,1.97,76.49,4.27,46.71,40.72,0
83.58,4.82,1358.45,1.59,53.75,4.14,40.91,48.95,0
74.23,4.77,1636.79,1.79,38.65,3.94,43.12,33.36,0
68.71,5.82,1381.68,3.16,63.9,4.29,62.57,63.71,1
69.82,5.14,1371.96,1.88,63.36,4.07,47.82,39.25,1
73.77,5.0,1305.98,1.89,44.17,3.84,47.03,32.52,0
74.14,6.07,1571.58,2.28,60.99,3.99,54.58,59.42,0
72.04,4.97,1561.88,2.57,56.97,3.99,50.29,73.83,1
78.4,4.55,1356.56,1.71,60.52,4.23,40.03,24.94,0
58.35,4.49,1338.03,2.83,60.79,3.64,50.82,38.94,0
71.94,5.0,1633.35,2.11,72.79,3.58,53.74,36.73,0
62.69,4.93,1416.09,2.59,59.97,3.95,48.29,26.53,0
94.76,4.84,1684.69,2.44,64.2,3.68,45.25,32.89,0
68.77,4.58,1473.04,3.17,45.45,4.31,45.6,22.02,0
63.77,4.95,1263.78,2.37,53.56,4.64,41.58,49.02,0
68.98,5.19,1483.3,2.76,62.88,4.15,50.08,90.42,0
73.66,4.88,1756.99,1.67,68.04,3.49,41.0,66.77,1
71.45,5.03,1406.76,2.74,52.43,4.32,46.82,29.99,0
78.77,5.36,1344.65,3.11,45.42,3.96,44.6,45.38,0
72.99,5.34,1358.21,3.1,38.43,4.54,48.38,29.77,0
64.99,5.55,1275.22,2.9,56.89,3.93,53.89,31.58,0
77.14,5.0,1711.82,1.44,70.01,4.36,51.47,29.19,0
80.82,6.0,1517.23,2.79,60.83,4.04,45.7,38.45,1
77.02,5.66,1472.97,2.18,58.32,4.45,49.93,30.13,0
68.53,5.82,1574.74,1.45,62.2,4.38,55.6,29.31,0
61.71,4.27,1787.35,2.74,58.5,3.6,51.95,51.38,0
66.01,5.51,1409.56,3.29,65.62,4.29,38.58,37.27,0
77.44,5.15,1321.21,2.88,51.92,3.41,46.55,35.66,0
63.72,4.09,1358.66,2.72,77.14,3.72,54.21,38.75,0
71.72,5.3,1519.46,4.52,63.24,4.03,53.89,43.73,0
72.52,3.95,1286.34,2.26,45.66,4.39,49.01,46.65,0
68.36,4.64,1530.6,2.26,49.9,3.93,49.82,28.72,0
70.97,5.11,1351.02,4.08,72.25,3.99,59.83,55.73,0
77.36,5.56,1444.53,2.83,46.49,4.19,54.23,40.47,0
62.9,5.12,1380.5,2.88,62.38,4.06,49.13,22.0,0
77.81,5.97,1760.71,3.41,62.27,3.4,48.83,40.08,0
76.15,5.43,1450.91,1.97,67.62,3.69,37.97,15.18,1
73.93,4.68,1554.7,3.53,84.75,3.33,50.03,54.22,0
90.33,4.56,1875.58,1.5,58.8,3.91,43.42,23.06,0
70.82,7.06,1178.1,2.43,51.89,4.03,57.22,34.53,0
72.62,4.35,1355.95,2.65,55.55,4.31,58.5,26.34,0
62.82,5.39,1395.4,2.33,41.55,3.56,34.54,29.24,0
67.17,6.1,1213.51,3.31,47.98,4.09,57.54,25.25,0
73.3,6.14,1204.19,2.24,62.98,3.7,62.35,0.0,0
63.08,4.48,1431.73,3.07,49.27,4.31,56.38,13.37,0
78.34,5.84,1468.78,2.31,66.2,4.4,44.63,15.22,1
73.3,5.02,1520.02,2.48,59.47,3.68,51.69,29.75,0
73.59,5.24,1516.31,2.01,62.29,4.14,58.75,30.26,0
81.78,4.34,1619.88,2.64,31.96,3.74,48.76,1.48,0
78.43,4.08,1444.91,1.91,51.5,4.45,48.72,31.38,0
83.73,5.27,1470.48,2.14,36.96,3.53,43.62,45.01,0
81.29,4.83,1483.74,3.28,58.96,4.32,42.71,38.27,0
80.15,6.22,1160.85,2.3,40.21,4.44,41.69,41.79,0
62.1,4.66,1523.19,1.83,52.12,4.76,38.03,31.66,0
67.41,5.36,1752.44,2.48,60.9,4.29,42.88,41.7,0
69.15,5.35,1494.32,2.23,56.63,3.61,39.59,8.08,0
59.25,5.7,1354.36,2.77,44.76,3.4,50.77,68.72,0
79.48,4.85,1242.39,2.25,50.37,4.18,47.78,44.02,0
72.55,5.11,1515.84,2.91,47.73,4.5,52.11,7.29,0
86.98,5.74,1588.77,2.04,61.42,3.99,52.3,44.5,0
77.78,6.33,1489.58,3.34,37.03,4.08,53.34,31.96,0
65.7,5.9,1473.93,3.3,47.31,3.39,38.53,39.66,0
67.6,4.81,1323.63,2.04,56.67,3.78,54.26,41.92,0
69.63,6.01,1653.14,2.67,63.21,3.79,55.72,28.23,0
71.69,5.48,1522.63,1.83,58.89,3.98,54.4,32.43,0
75.28,3.44,1332.44,1.84,58.73,4.12,57.43,32.43,0
83.57,5.28,1664.71,2.38,57.7,3.79,54.67,12.8,0
75.19,5.5,1220.99,2.87,46.93,3.71,47.52,53.43,0
70.09,4.6,1249.54,2.46,57.32,4.0,49.78,37.6,1
70.45,5.03,1730.25,2.56,35.62,3.95,43.87,20.32,0
64.79,4.74,1567.01,2.59,58.83,4.37,53.71,27.45,0
68.87,5.67,955.52,2.76,40.37,4.06,50.15,33.28,0
64.36,5.15,1267.51,2.97,56.38,3.99,52.0,38.85,0
61.0,5.65,1313.18,1.8,48.54,3.73,46.82,21.08,0
80.81,4.87,1317.52,2.0,54.78,3.9,39.78,32.05,0
80.54,4.84,1604.02,1.66,62.27,4.14,51.1,25.22,0
79.01,4.66,1418.49,3.16,78.84,4.32,46.5,15.76,0
69.59,5.46,1441.1,3.05,58.29,3.98,46.98,45.09,0
86.1,4.21,1253.42,2.8,46.63,3.57,43.25,31.77,0
65.11,5.44,1528.52,1.99,63.43,4.26,46.8,38.66,0
65.6,5.49,1480.58,2.46,64.26,4.5,44.59,61.1,0
64.81,5.48,1264.8,2.75,40.21,3.98,47.1,38.74,0
57.06,4.35,1364.03,2.17,54.07,4.17,50.79,32.84,0
64.9,5.22,1613.95,2.13,42.95,3.95,46.53,9.92,0
73.41,5.29,1493.63,2.99,34.35,3.83,44.64,57.88,0
62.45,4.38,1402.35,2.25,56.49,4.18,53.22,41.68,1
70.49,6.26,1584.66,2.52,55.78,3.7,37.93,38.71,0
69.68,4.84,1871.48,1.54,43.3,3.53,36.42,29.15,0
58.11,5.69,1559.93,1.7,63.62,3.6,51.11,16.4,0
74.66,5.61,1141.08,2.49,58.15,4.26,55.72,28.29,0
60.81,4.48,1483.97,2.74,62.96,3.91,53.71,42.15,0
75.34,4.96,1332.31,1.75,56.47,3.7,61.78,42.74,0
60.76,4.38,1510.42,2.45,45.29,4.08,40.57,58.17,0
76.97,5.33,1588.47,2.77,65.3,3.69,49.09,37.47,0
69.08,5.49,1468.38,3.02,51.69,3.89,56.68,17.31,0
67.88,4.86,1544.73,1.93,48.52,3.2,52.3,51.0,0
59.6,5.29,1286.72,2.79,54.78,3.85,43.01,21.3,0
86.08,4.33,1404.67,1.66,66.18,4.2,55.6,16.4,0
72.62,6.31,1255.31,1.92,40.48,4.72,55.84,51.55,0
74.74,4.49,1317.34,2.05,42.18,4.43,45.61,32.8,0
74.85,5.18,800.0,1.19,49.84,4.52,40.95,27.89,0
67.68,6.41,1608.92,3.38,63.18,3.31,43.46,33.44,1
63.12,4.48,1222.16,2.87,61.48,4.27,30.51,45.53,0
69.89,3.84,1539.42,2.14,63.36,3.69,40.49,53.81,0
76.55,4.45,1330.82,2.24,66.81,3.6,61.45,13.98,0
71.82,5.46,1296.17,2.08,62.57,3.57,43.05,47.13,0
80.91,4.77,1319.78,2.46,33.87,3.7,38.48,66.78,1
64.06,5.24,1641.49,3.11,61.4,4.32,47.83,40.37,1
71.27,5.57,1687.39,2.59,50.89,3.8,41.8,41.58,0
65.01,4.97,1085.45,2.46,42.81,4.55,57.12,1.53,0
69.77,4.77,1486.88,2.46,53.11,4.82,58.77,43.23,0
72.72,4.81,1720.88,3.24,57.9,3.58,44.16,44.58,0
65.31,5.3,1544.71,2.37,58.46,3.67,47.87,15.92,0
62.85,5.23,1219.75,3.4,45.49,3.51,50.65,11.65,0
71.0,4.72,1515.18,1.29,43.62,3.76,47.87,20.12,0
83.8,6.77,1639.54,2.69,74.39,4.13,51.26,40.14,0
73.54,5.92,963.94,1.85,58.97,3.86,41.81,45.61,0
74.0,5.31,1586.75,2.49,61.75,3.51,49.35,30.11,0
64.77,5.68,1430.19,2.32,55.21,3.92,51.47,35.02,0
64.9,4.97,1341.92,2.89,50.87,3.78,44.9,41.32,0
74.41,5.17,1313.05,1.78,60.09,3.55,63.55,29.44,0
64.9,4.94,1571.67,2.61,66.65,3.68,55.94,4.17,0
83.94,4.76,1647.37,1.57,56.14,4.37,44.82,46.09,1
67.0,4.77,904.77,2.42,59.27,3.97,54.08,59.37,1
78.28,5.43,1615.33,0.87,56.02,3.68,36.21,47.29,0
77.55,5.53,1499.38,1.81,50.15,3.53,52.23,48.57,0
68.2,6.53,1626.92,1.73,36.56,4.15,43.08,35.17,0
67.1,4.31,1756.32,2.57,53.51,3.67,50.82,26.68,0
75.47,5.49,1467.97,2.85,72.13,4.06,40.99,29.94,0
67.32,4.28,1581.37,2.64,66.7,4.29,53.09,27.55,0
69.69,4.88,1293.48,2.4,78.05,4.0,54.89,30.5,0
76.34,4.24,1294.35,2.02,57.79,4.12,60.36,51.04,0
70.39,6.03,1197.03,2.31,52.74,3.64,44.69,27.98,0
71.88,6.42,1405.87,1.9,43.64,3.81,43.01,0.6,0
67.99,5.59,1433.37,3.63,69.17,4.33,48.54,38.57,0
85.06,4.88,1682.05,3.86,62.53,3.72,38.29,41.32,0
68.63,5.91,1278.5,2.63,41.75,4.59,47.77,48.39,0
62.57,4.41,1450.4,1.96,34.98,4.81,42.86,38.26,0
83.2,5.16,1240.83,2.73,45.39,4.13,47.04,43.82,0
64.48,6.08,1720.55,4.19,54.51,3.84,51.83,47.84,1
68.12,4.46,1465.97,3.13,72.23,3.72,60.65,40.13,0
62.56,5.49,1464.11,2.2,44.33,3.71,39.66,24.71,0
76.23,5.51,1477.46,2.2,49.56,4.25,45.57,32.78,0
74.26,5.56,1107.89,1.75,65.58,4.43,47.6,32.29,0
74.85,6.75,1747.15,1.56,62.8,3.79,52.76,38.7,0
65.8,4.86,1446.94,2.39,65.78,4.42,49.37,16.65,0
76.84,5.07,1426.97,1.24,54.43,3.11,43.3,63.54,0
71.2,5.22,1579.13,2.39,51.26,4.29,44.59,65.18,0
59.84,4.04,1254.34,2.48,62.37,3.98,39.25,39.6,0
71.89,6.6,1351.85,2.5,50.21,3.99,51.33,35.94,0
69.73,4.9,1571.79,2.81,61.63,3.97,52.73,38.3,0
78.96,3.83,1247.25,1.76,44.64,5.0,50.62,62.89,1
70.79,4.48,1176.69,2.57,42.71,4.05,54.34,60.52,0
71.76,4.0,1274.84,2.97,58.28,3.81,50.87,39.84,0
72.46,3.96,1841.99,2.38,49.04,4.56,33.53,41.96,1
76.17,5.87,1066.7,3.66,49.23,4.04,54.37,33.57,1
81.26,4.1,1446.83,2.59,47.88,4.35,55.36,39.77,0
66.02,4.63,1567.98,2.31,41.56,3.76,50.03,30.18,0
66.52,4.49,1432.46,2.24,39.02,3.09,49.06,37.43,0
68.54,5.53,1426.55,2.62,39.48,4.15,41.63,29.86,0
64.74,4.92,1620.18,1.79,63.13,3.87,45.33,0.0,0
69.96,5.04,1221.46,2.4,63.9,3.55,47.21,25.64,0
56.39,5.22,1674.83,2.65,41.74,4.12,49.84,37.57,0
69.39,4.87,1614.7,2.63,42.43,3.64,53.01,32.14,0
72.05,5.09,1445.23,2.38,52.04,3.74,37.81,39.23,0
76.14,5.79,1695.22,2.58,67.76,3.84,61.98,28.57,0
81.96,5.07,1439.83,2.53,50.07,4.6,44.13,22.85,0
73.25,5.84,1322.47,2.04,29.67,4.08,58.93,6.15,1
68.57,5.96,1207.48,3.29,72.28,4.82,56.3,35.76,1
65.49,5.36,1419.76,2.18,41.62,4.01,52.69,25.15,0
72.81,5.86,1486.36,2.76,42.67,4.45,41.02,36.81,0
64.07,4.59,1227.75,2.2,39.98,4.02,38.11,19.74,1
83.83,5.55,1447.49,2.56,51.2,3.87,43.02,26.19,0
71.05,5.01,1579.24,2.36,60.62,4.38,45.26,61.74,0
84.81,5.32,1263.55,1.04,62.59,3.9,43.35,61.11,0
70.36,4.45,1523.82,2.76,40.3,4.07,41.73,38.1,1
78.99,4.68,1421.58,2.4,43.99,3.89,44.75,33.14,1
70.47,5.17,1477.49,1.47,47.54,3.95,46.94,26.42,0
72.65,5.91,1233.4,3.18,44.59,3.63,48.53,51.97,0
74.38,4.89,1669.05,3.47,50.15,4.07,44.83,44.22,1
74.45,5.33,1435.79,2.51,56.88,3.94,49.22,33.53,0
73.4,4.4,1217.94,1.92,49.02,3.55,43.03,46.91,0
81.38,5.27,1616.41,1.86,56.21,3.64,37.55,26.56,0
62.65,3.57,1244.92,3.28,42.72,3.67,61.24,54.99,1
65.4,4.14,1262.96,1.6,64.44,3.7,41.64,19.87,1
82.04,5.38,1183.19,4.01,69.54,4.59,43.76,21.7,1
70.66,4.94,1582.09,2.29,66.97,4.17,40.27,56.08,0
78.51,5.27,1928.97,2.41,52.8,4.21,40.02,42.36,0
71.8,5.32,1600.55,2.28,62.41,3.86,46.31,31.99,0
75.84,5.12,1320.29,1.65,73.0,3.94,51.48,42.82,0
72.52,4.99,1481.73,2.53,47.89,4.18,56.1,3.27,0
81.63,5.42,1657.31,2.62,59.99,3.55,48.75,15.23,0
79.04,6.42,1470.86,1.71,55.7,3.84,49.57,38.42,0
69.43,5.37,974.27,2.82,50.59,4.39,40.24,31.82,0
79.1,5.46,1498.17,3.16,52.01,4.13,48.51,43.2,0
66.24,5.28,1678.99,2.37,40.81,3.41,49.65,33.39,1
83.97,5.24,1319.34,3.17,58.23,4.42,47.87,53.9,0
78.36,4.32,1386.87,1.62,53.63,4.04,47.06,44.8,0
55.75,4.47,1351.08,1.4,47.05,4.02,49.94,32.81,0
73.54,5.27,1319.93,3.29,44.64,4.14,48.43,38.9,0
75.27,5.12,1437.59,2.87,42.97,3.72,53.48,36.94,0
62.46,4.2,1513.12,0.93,44.98,4.02,47.19,49.33,0
69.75,5.13,1473.22,2.3,55.16,4.63,46.84,49.29,0
77.59,5.6,1742.44,2.4,71.3,4.11,54.27,31.73,0
84.66,5.62,1322.15,2.81,45.73,3.85,54.3,48.04,0
68.23,3.99,1518.88,2.16,51.69,3.67,51.21,71.44,1
78.36,4.46,1647.42,2.69,62.01,3.56,47.8,30.63,1
60.74,5.37,1247.88,2.2,65.68,3.96,49.82,46.88,0
75.49,5.4,1440.24,2.5,53.85,4.32,49.22,43.25,0
76.23,4.52,1599.51,2.49,46.41,4.17,50.92,60.97,0
85.25,4.21,1773.97,3.04,37.38,4.15,65.27,53.33,1
63.14,6.04,1773.82,2.03,48.09,3.81,51.83,51.69,1
72.55,4.75,1549.42,2.55,64.67,4.06,50.13,28.05,0
75.52,6.12,1671.15,1.35,58.64,4.02,49.41,24.99,0
68.77,3.99,1460.88,1.82,79.41,4.16,65.12,37.79,0
61.2,5.69,1361.62,1.78,35.17,3.4,55.9,45.54,0
61.0,4.47,1727.14,1.41,56.59,3.83,38.83,36.57,0
64.49,4.69,1528.9,2.75,65.92,4.73,54.61,15.13,0
64.67,6.34,1258.94,3.63,41.22,4.82,48.8,34.84,0
54.22,5.05,1687.88,2.48,42.12,3.82,57.56,33.33,0
69.07,4.95,1555.89,3.19,54.14,4.21,40.37,16.26,1
65.09,5.66,1488.05,2.93,70.62,4.41,46.05,31.33,0
67.5,4.93,1259.07,2.49,66.74,4.08,56.57,52.08,0
69.65,5.31,1467.06,2.7,54.55,3.75,51.96,36.43,0
62.84,4.52,1656.15,2.43,59.54,4.1,49.31,41.02,0
83.44,5.08,1607.55,2.46,57.21,3.26,41.59,54.51,0
68.72,4.42,1452.94,1.84,62.89,3.96,38.18,22.87,0
70.21,4.62,1196.73,3.43,50.4,4.48,45.32,20.43,1
80.25,5.06,1767.37,2.86,49.8,3.69,46.1,62.8,0
66.75,5.56,1586.59,1.13,82.23,4.56,46.97,35.15,0
76.53,4.83,1291.37,3.44,54.76,4.16,39.6,44.12,0
75.95,4.57,1304.37,2.61,70.29,3.43,46.76,50.75,0
76.46,5.65,1352.93,3.58,56.23,3.45,61.26,34.92,1
75.68,4.11,1719.02,2.66,57.34,3.72,35.84,27.99,0
80.31,4.63,1215.88,1.22,46.38,3.89,51.03,11.28,0
74.62,4.63,1641.21,2.92,56.72,3.73,50.4,13.87,0
74.6,4.51,1722.83,2.56,53.21,3.87,50.03,39.33,0
66.05,5.9,1240.13,1.61,62.02,4.22,59.09,23.5,0
68.08,4.54,1236.46,2.27,37.84,3.83,48.58,51.64,0
66.8,5.82,1532.53,2.02,65.78,4.03,51.9,15.15,0
75.14,4.31,1299.4,2.01,58.53,3.92,45.2,6.68,0
67.08,5.75,1521.7,2.69,71.05,3.95,44.59,80.1,0
69.76,5.22,1393.56,2.74,55.46,3.94,57.19,46.4,0
78.71,5.29,1398.1,3.06,54.66,4.1,52.71,36.71,0
57.25,4.33,1452.45,2.51,57.31,3.67,43.99,64.6,0
81.1,6.6,1291.81,1.92,43.87,3.84,40.75,34.81,0
64.03,5.0,1133.93,1.99,49.59,4.43,48.02,30.06,1
65.47,5.71,1206.4,1.87,53.02,4.6,44.72,37.26,0
79.8,4.74,1476.26,2.15,41.42,3.21,59.03,60.22,1
79.07,5.21,1127.39,1.19,72.32,3.39,59.22,17.4,0
62.87,4.33,1351.16,2.08,52.81,4.56,52.81,59.44,0
69.76,5.61,1146.25,2.52,51.81,4.72,54.3,48.69,0
73.24,5.55,1499.72,1.13,53.36,3.92,44.51,24.84,0
74.88,5.01,1403.38,2.73,44.14,4.5,40.94,14.89,0
75.02,5.77,1586.04,2.23,59.57,4.53,36.99,41.26,1
75.67,4.9,1426.74,2.42,63.16,3.5,55.85,51.0,0
71.39,5.24,1807.58,2.3,50.43,3.7,51.71,51.21,0
65.82,4.62,1353.45,2.2,64.97,3.98,57.02,9.76,0
66.62,5.14,1745.84,2.65,63.9,3.76,52.62,35.94,0
54.3,5.39,1654.74,2.32,70.29,4.13,41.35,23.07,0
76.66,5.87,1312.61,2.21,55.35,3.91,45.21,42.69,0
78.87,5.26,1491.1,1.81,63.67,4.22,55.71,35.54,0
75.07,4.96,1652.18,3.74,54.01,3.91,44.09,33.27,1
81.07,5.28,1295.15,3.28,60.02,4.08,41.73,30.7,0
72.64,4.83,1322.53,2.46,70.17,3.95,44.2,40.74,0
74.55,5.02,1524.49,1.79,28.99,4.23,57.13,48.6,0
86.03,5.92,1347.88,1.83,45.52,4.28,47.45,48.96,1
70.97,5.06,1530.56,1.98,81.38,4.41,49.35,45.58,0
73.12,5.24,1547.35,1.8,44.37,3.74,45.91,11.51,0
68.69,4.03,1470.11,1.49,72.67,4.13,54.36,19.28,1
77.2,4.74,1647.32,3.11,55.52,3.63,44.8,37.9,1
75.32,5.1,1708.08,3.12,58.1,3.21,44.3,9.14,1
70.07,4.74,1352.29,1.52,51.09,3.92,51.21,42.21,0
75.15,5.27,1215.53,2.3,36.84,4.21,54.83,26.53,0
65.93,5.76,1427.66,2.6,70.48,3.94,55.97,56.57,0
64.16,6.57,1566.08,1.94,36.28,4.23,52.86,9.64,0
60.98,3.98,1456.41,2.73,56.74,4.11,52.62,44.35,0
66.33,5.44,1412.75,2.63,50.4,4.25,51.39,44.3,0
72.21,4.65,1426.64,2.24,50.75,4.28,57.6,37.06,0
61.32,4.75,1432.1,2.09,61.33,4.24,43.32,33.38,1
56.47,5.79,1717.32,1.99,33.08,3.72,51.05,33.15,0
69.75,5.79,1392.18,2.72,55.93,3.94,42.68,17.03,1
67.85,5.53,1249.93,3.27,50.79,3.57,40.27,55.35,0
74.73,4.76,1474.62,2.99,65.04,3.65,42.47,38.62,0
74.67,4.92,1813.87,3.87,39.4,3.25,49.15,52.59,1
72.45,4.56,1149.9,2.66,58.55,4.32,51.68,0.0,0
56.15,4.61,1564.7,2.6,48.82,3.96,47.43,51.1,0
68.22,6.16,1315.26,2.98,44.04,3.6,49.91,30.21,0
72.89,6.2,1369.07,2.51,52.81,3.56,47.99,34.43,0
75.14,4.08,1413.24,2.3,57.67,3.74,47.41,28.84,0
74.01,5.37,1343.54,2.84,34.71,4.29,40.1,29.14,0
63.08,4.77,1282.72,2.5,56.68,3.64,44.13,24.93,0
53.65,4.41,1482.31,3.04,67.15,4.14,48.79,26.24,0
75.41,5.64,1750.74,2.11,59.93,4.42,45.09,39.36,0
75.4,6.57,1382.41,1.55,41.18,3.72,53.86,37.66,1
80.77,5.23,1641.25,2.46,24.4,4.46,56.77,29.27,1
74.52,5.49,1545.43,3.24,44.71,3.76,54.96,43.78,0
63.35,4.6,1636.58,3.29,56.9,3.91,37.79,47.8,1
63.44,4.72,1236.23,2.03,31.43,3.69,55.07,41.8,0
74.93,4.99,1293.6,3.53,58.09,3.93,48.81,38.6,1
81.65,5.51,1215.73,2.23,54.98,3.47,50.34,36.65,0
67.02,5.86,1416.89,2.19,37.6,4.12,42.59,54.77,0
87.33,5.47,1442.62,2.46,61.69,3.88,46.27,32.59,0
64.18,6.09,1489.59,0.59,40.04,3.79,49.84,51.12,0
69.34,6.13,1479.98,2.18,35.9,3.79,45.25,22.13,0
80.45,4.88,1588.98,1.41,50.26,4.03,49.16,29.14,0
70.25,3.83,1389.75,2.11,37.89,3.64,41.29,39.76,0
70.95,4.92,1134.68,1.82,60.62,4.31,51.07,26.25,0
76.84,5.35,1818.79,2.54,51.24,3.51,56.75,36.73,0
63.13,4.19,1405.54,3.79,52.98,3.94,48.83,38.57,0
61.57,4.67,1087.91,2.47,61.76,4.57,51.03,53.86,0
66.82,5.33,1293.65,3.43,37.36,3.65,45.93,24.9,0
63.83,5.02,1413.87,3.54,59.86,3.55,49.06,29.11,1
78.18,3.88,1545.3,2.34,76.28,4.3,52.04,38.97,0
72.72,5.3,1182.88,3.05,45.84,4.48,48.82,23.43,0
77.77,4.7,1430.42,2.91,64.07,3.49,48.91,29.95,0
68.97,4.7,1754.22,1.41,64.91,4.22,56.48,36.76,0
80.52,4.98,1260.65,2.07,53.47,3.78,35.26,27.03,0
73.42,4.89,1961.25,2.65,70.48,3.41,51.66,33.25,1
56.26,5.19,1267.36,2.51,60.68,4.19,47.32,39.02,0
75.3,5.13,1591.42,2.91,45.05,3.41,54.1,35.64,0
67.36,5.89,1241.26,2.23,52.88,4.11,43.23,42.17,0
65.68,5.9,1922.71,2.72,64.45,3.94,47.34,21.61,0
69.71,4.83,1244.17,1.42,43.99,3.56,47.83,29.65,0
80.58,5.23,1615.94,1.68,56.21,4.56,50.7,22.16,0
73.57,4.11,1475.3,3.01,62.1,3.8,50.08,6.46,1
70.39,5.21,1378.36,1.99,54.45,2.87,49.04,24.48,0
78.92,5.85,1496.29,2.15,61.26,4.82,47.32,37.22,0
80.72,6.11,1566.74,3.35,67.16,3.2,42.55,39.5,0
68.14,4.51,1515.09,1.91,41.9,4.2,41.08,5.46,0
64.93,5.56,1577.13,2.52,44.12,3.69,57.88,3.25,1
86.6,4.09,1316.32,2.43,69.98,3.87,49.07,28.45,1
78.42,5.09,1356.7,2.86,48.67,4.0,48.06,39.14,0
75.89,5.67,1299.11,1.44,42.0,3.27,38.32,21.3,0
71.71,4.55,1376.14,3.06,57.77,3.71,51.59,24.45,0
64.79,4.96,1650.72,2.43,49.5,3.84,45.48,36.43,0
75.97,6.13,1482.87,2.81,62.02,3.48,39.31,4.4,0
74.13,5.8,1269.45,2.39,70.54,3.12,38.62,51.38,0
75.62,5.54,1376.13,2.94,60.66,4.27,46.63,20.22,0
63.94,4.57,1349.72,1.89,44.18,3.6,46.27,31.58,0
69.28,5.96,1470.4,1.99,69.52,3.94,45.81,52.13,0
70.21,6.16,1450.29,1.26,56.45,4.03,43.62,45.13,0
69.31,5.78,1331.05,2.42,69.64,4.1,43.84,50.79,1
74.39,5.1,1694.77,2.79,55.15,4.54,54.77,27.55,0
69.84,5.57,1522.41,2.72,52.82,4.07,48.4,43.7,0
72.51,3.81,1468.13,2.84,50.45,4.03,44.28,29.2,0
83.99,5.85,1574.71,2.5,48.33,4.56,46.23,60.47,0
74.89,6.74,1413.19,0.75,60.83,4.35,53.01,17.36,0
81.89,6.34,1509.87,2.93,56.29,4.56,51.87,23.43,0
65.47,4.72,1622.3,2.26,61.44,4.09,49.23,35.71,0
78.18,4.7,1453.61,2.94,38.48,4.06,39.74,20.09,0
65.24,4.29,1216.24,3.41,33.46,4.17,53.12,56.61,0
67.38,4.89,1635.41,2.98,58.07,3.82,47.09,27.11,0
77.86,5.9,1269.18,1.05,70.89,4.13,39.4,14.9,0
64.63,5.58,1677.28,2.32,37.32,3.32,54.18,0.0,0
68.31,6.27,1389.83,3.19,53.05,4.33,49.25,52.3,0
71.97,5.62,1748.64,3.12,47.22,3.87,49.53,37.42,1
72.85,5.1,1354.47,1.81,54.37,4.02,43.42,34.68,1
80.48,5.15,1550.51,2.95,57.76,3.88,46.65,7.35,0
66.4,5.25,1445.94,1.92,36.85,4.87,48.86,28.7,0
66.78,5.56,1198.5,2.92,46.1,4.13,48.12,54.23,0
63.32,4.55,1199.36,2.13,63.44,3.99,41.63,25.91,0
74.82,4.78,1243.54,2.09,61.88,3.77,43.99,21.72,0
60.86,5.28,1487.69,1.95,55.56,3.87,55.19,26.79,0
89.97,5.72,1341.56,1.59,59.62,3.79,48.97,42.77,0
60.19,5.24,1502.72,2.4,62.35,3.97,51.95,33.3,0
79.83,4.31,1338.67,3.56,49.88,4.06,39.89,5.22,0
74.04,4.58,1318.33,2.62,59.7,4.79,49.75,39.2,0
82.16,5.88,1226.48,1.3,48.76,4.38,51.64,16.75,0
71.99,5.16,1200.71,3.0,53.78,3.57,47.37,9.24,0
71.99,5.05,1072.87,2.72,43.21,4.44,54.15,52.39,1
62.67,4.85,1518.92,2.93,22.62,4.21,48.03,47.29,0
60.52,4.54,1135.07,2.27,58.31,3.64,41.88,35.1,0
85.53,4.07,1385.72,3.86,52.18,4.19,44.0,54.71,0
74.55,5.5,1627.21,2.68,56.47,3.95,49.84,39.85,0
75.7,4.87,1762.61,2.81,46.98,4.06,45.9,22.81,0
88.09,4.84,1366.91,0.61,56.36,3.57,55.68,55.51,0
71.04,4.97,1405.81,2.22,56.91,4.22,57.52,29.0,0
79.08,5.14,1211.02,2.84,49.7,3.81,50.84,24.74,0
72.77,5.33,1674.24,2.58,70.42,4.09,44.31,27.68,0
75.89,4.34,1434.07,2.57,63.52,3.11,52.53,39.96,0
81.34,5.03,1181.71,2.57,60.31,4.72,50.09,42.67,0
77.1,5.76,1614.31,3.28,60.01,4.66,47.55,38.74,1
76.13,3.9,1586.12,3.12,53.33,4.51,46.96,26.09,1
74.54,4.99,1632.92,2.7,64.96,3.62,43.17,33.71,0
79.37,5.08,1189.09,2.37,62.05,3.45,49.68,11.95,1
72.88,5.05,1210.99,1.33,51.21,3.81,51.01,34.98,0
65.52,5.2,1839.44,2.6,58.11,4.07,48.34,36.93,0
66.13,5.15,1698.88,1.6,73.01,4.04,64.16,29.25,0
71.74,5.39,1312.39,2.17,51.33,3.99,48.0,31.35,1
74.71,5.29,1661.98,2.54,58.47,4.31,51.3,44.85,0
86.39,5.5,1446.95,2.89,70.16,4.13,46.57,39.81,1
71.12,5.49,1435.96,2.51,51.92,3.8,53.12,4.5,0
64.04,4.81,1199.62,1.62,53.82,4.29,53.86,14.61,0
62.37,4.5,1299.16,2.61,53.07,3.76,43.99,30.32,0
80.39,4.89,1496.73,3.2,54.0,3.7,46.94,17.31,0
89.27,4.81,1238.03,2.0,60.0,3.79,49.56,23.69,0
73.15,4.83,1460.96,2.18,71.25,4.36,42.3,48.68,0
84.75,4.8,1505.25,3.08,54.86,3.73,55.67,37.28,0
77.07,5.29,1428.71,2.06,57.15,4.26,45.93,22.01,0
79.99,5.2,1574.3,3.56,53.49,3.73,51.42,35.17,0
81.63,4.66,1530.67,1.61,63.57,3.95,45.19,24.3,0
76.5,3.91,1669.54,2.33,74.49,3.17,52.48,49.83,0
68.33,5.62,1405.67,1.61,59.49,3.75,48.56,53.39,0
73.95,3.98,1409.91,2.31,63.16,4.02,46.56,33.56,0
74.59,5.19,1699.76,1.79,53.57,3.54,54.25,48.2,0
62.77,5.7,1219.46,1.46,56.75,4.38,52.23,37.77,1
83.73,4.43,1649.02,3.49,65.56,3.99,53.02,47.59,0
81.69,5.0,1347.43,2.4,63.03,3.65,46.62,26.48,0
70.35,6.19,1454.5,2.25,49.43,3.63,44.25,11.1,1
85.38,4.92,1337.04,3.23,63.01,4.0,54.6,8.06,0
86.47,4.71,1353.22,4.25,30.53,3.99,41.96,28.83,0
68.12,4.06,1204.41,2.69,64.79,3.9,45.07,19.73,0
70.59,4.46,1283.07,1.41,57.27,3.89,41.31,47.8,1
73.09,5.19,1724.01,1.27,49.24,4.25,43.99,33.04,0
75.83,3.81,1423.18,2.38,51.03,3.71,49.96,36.62,0
65.95,5.53,1556.11,2.75,51.53,4.28,46.3,29.33,0
78.27,6.15,1700.43,2.47,41.63,3.2,53.51,34.05,0
75.24,5.17,1489.25,2.28,69.45,4.55,45.96,55.68,0
76.64,5.18,1427.97,2.9,54.02,3.95,45.83,30.79,0
79.28,5.17,1395.3,1.87,53.48,3.82,45.81,34.86,0
69.04,4.7,1376.82,1.6,45.6,3.76,43.31,47.98,0
69.6,5.23,1478.63,1.6,67.43,3.31,42.34,33.51,0
65.72,5.81,1270.6,1.98,72.61,4.56,35.5,18.75,0
59.15,5.69,1785.05,2.98,48.35,3.47,49.56,53.83,0
79.17,4.86,1472.16,2.5,53.52,3.5,37.35,13.15,0
61.23,5.84,1312.21,2.1,59.15,4.37,45.56,34.36,1
74.5,5.52,1495.96,2.1,63.69,4.49,43.49,18.83,0
72.54,4.81,1436.63,2.2,48.15,4.33,41.74,43.68,0
69.28,5.1,1367.37,2.72,55.88,3.56,55.45,29.12,0
63.69,5.27,1491.38,2.25,48.21,3.95,51.46,3.57,0
70.61,5.05,1352.99,1.93,68.29,4.08,40.17,22.87,0
70.74,4.69,1332.08,2.24,39.78,4.06,43.52,44.19,0
69.61,6.3,1714.9,3.1,42.97,4.05,56.7,63.99,0
69.2,5.19,1693.19,1.82,48.98,3.6,40.02,43.01,0
71.12,4.54,1354.51,2.94,48.92,3.67,59.63,45.04,0
74.72,5.77,1396.32,1.36,66.98,3.91,49.68,55.67,0
79.39,5.65,1246.23,1.73,46.96,3.5,46.72,27.19,0
75.88,5.13,1563.8,3.38,65.63,4.26,44.09,11.55,0
72.28,6.85,1306.16,2.53,52.26,4.14,51.67,14.55,0
81.53,5.26,1601.27,1.96,61.38,3.89,53.36,43.31,0
66.9,5.1,1495.65,1.48,44.73,3.62,40.37,28.25,0
61.6,4.99,1076.4,2.48,54.13,4.02,51.45,33.33,0
68.64,6.24,1515.84,2.8,51.92,3.71,43.89,32.48,0
77.03,4.95,1366.27,2.28,58.82,4.01,58.24,47.44,0
78.72,5.67,1527.61,1.8,53.0,4.32,48.29,51.9,0
61.05,4.79,1625.42,2.3,77.51,3.5,52.23,32.16,0
67.56,6.63,1523.12,2.53,69.74,3.48,41.7,43.27,0
72.67,4.79,1323.75,2.32,48.13,4.6,42.6,50.9,0
77.05,5.27,1440.33,2.98,64.79,4.16,40.73,42.23,0
82.18,6.23,1542.1,2.09,40.02,3.06,40.9,34.84,0
66.34,6.25,1516.93,3.63,64.02,3.93,40.57,40.0,0
59.07,5.48,1369.83,0.96,50.4,4.37,48.61,7.74,1
77.48,4.87,1349.98,3.41,59.04,4.03,51.56,29.05,0
73.47,5.49,1459.59,2.06,43.15,4.86,47.48,9.96,0
80.58,4.97,1351.37,2.85,62.45,4.37,37.22,39.36,0
70.21,5.03,1501.5,3.59,48.1,4.18,46.7,44.17,0
55.93,5.44,1525.58,3.38,49.16,4.01,56.89,29.75,0
65.11,4.76,1622.28,2.66,54.37,4.15,54.45,31.78,0
74.75,5.55,1397.93,2.96,55.72,4.01,50.42,49.06,0
66.87,4.54,1553.14,2.76,60.64,4.19,37.77,30.89,0
76.66,4.87,1431.93,1.91,60.34,4.4,40.06,44.81,0
74.14,6.64,1596.28,2.17,50.66,4.13,36.26,48.45,0
66.4,4.62,1341.62,2.78,47.09,4.21,39.91,13.26,0
77.54,4.47,1639.52,2.1,46.64,3.73,51.25,32.71,0
70.77,5.09,1433.19,2.11,62.54,4.35,45.86,25.24,0
80.91,4.42,1817.07,2.75,66.97,3.38,47.31,24.78,1
69.03,5.91,1419.6,1.67,75.05,4.59,48.41,40.37,0
62.8,5.8,1586.53,3.1,68.79,3.93,58.59,45.61,1
78.16,5.61,1493.71,2.88,63.09,3.9,59.64,31.12,0
70.02,4.41,1064.03,2.62,64.78,4.17,48.99,36.63,0
72.93,5.25,1366.48,2.51,66.33,4.3,48.41,20.25,0
78.51,5.82,1153.32,3.43,68.65,3.1,45.94,47.24,1
73.01,5.97,1285.39,2.54,60.85,4.91,39.72,22.77,0
73.9,5.54,1533.13,2.72,68.3,3.92,55.85,52.59,0
71.02,5.25,1439.13,4.32,58.75,4.06,46.96,48.01,0
68.31,4.33,1422.41,3.02,59.96,4.11,38.56,47.38,1
75.35,5.76,1424.31,2.09,39.14,4.04,44.06,37.97,0
63.91,4.32,1467.35,1.5,47.31,4.33,52.29,30.97,0
71.44,4.09,1116.07,1.81,33.45,4.52,44.12,36.01,1
66.34,5.54,1384.23,1.47,63.06,4.31,44.0,57.3,0
71.85,5.0,1513.48,2.11,42.98,4.03,44.47,33.65,0
74.3,4.86,1207.02,2.91,50.58,4.27,57.2,37.99,0
75.43,5.14,1268.94,2.88,54.79,3.3,59.28,57.28,1
75.95,5.56,1611.4,3.35,50.77,3.38,52.5,39.66,0
60.42,6.12,1509.2,2.61,47.48,4.1,43.92,0.0,0
82.97,5.4,1609.0,1.56,70.09,4.41,36.2,43.17,0
81.28,4.71,1484.97,2.11,56.22,3.21,43.77,29.34,0
71.36,4.24,1557.01,1.78,57.89,3.75,34.26,24.77,1
85.88,4.67,1367.78,3.0,59.47,4.34,45.2,46.48,0
71.92,5.48,1653.67,2.01,45.35,3.92,45.17,41.14,0
78.33,4.41,1312.12,2.21,56.41,3.69,54.24,28.06,0
57.87,5.54,1496.07,1.99,78.02,3.97,58.38,34.49,0
73.14,4.24,1468.94,1.16,61.03,3.93,47.48,11.24,0
71.87,5.83,1496.48,1.65,53.7,4.21,48.61,38.92,0
75.2,5.39,1427.06,2.9,53.19,4.25,41.03,50.72,0
61.72,5.5,1730.97,2.41,65.65,3.5,50.77,35.57,0
55.35,6.41,1447.75,2.43,53.41,4.21,47.41,41.2,0
62.24,4.56,1335.8,3.53,56.47,4.2,49.05,32.14,0
64.06,5.25,1582.69,3.19,71.87,3.7,50.18,34.69,0
79.23,5.13,1442.18,2.06,43.9,3.85,60.6,46.13,0
69.6,5.2,1616.89,2.01,48.02,4.0,50.35,57.77,0
73.48,4.65,1431.77,2.35,47.21,4.18,49.28,64.19,0
73.04,5.05,1604.75,1.9,60.98,4.12,53.3,18.31,0
65.85,4.57,1528.22,2.23,54.66,4.34,40.12,31.72,0
71.16,4.99,1203.24,2.64,35.5,4.19,41.28,33.94,0
65.38,5.09,1235.5,2.64,61.49,4.07,53.36,35.25,0
77.13,5.8,1382.07,2.17,60.94,3.97,39.24,61.5,0
65.84,6.61,1311.94,2.12,55.51,3.82,41.4,39.59,0
81.97,5.88,1482.23,1.7,56.27,3.15,53.63,22.48,0
66.2,6.05,1360.34,2.87,42.25,4.21,43.69,54.24,0
68.36,6.69,1433.8,1.69,52.69,4.55,40.79,47.57,0
74.13,5.45,1614.58,2.05,65.9,4.4,47.34,41.69,0
76.09,5.13,1373.06,2.13,52.66,4.3,46.77,45.51,0
73.64,6.22,1390.03,2.15,59.26,3.84,47.84,54.89,0
54.46,4.76,1441.51,2.41,55.5,4.7,46.65,30.78,1
79.23,4.77,1327.24,2.07,52.86,3.95,48.28,21.39,0
62.82,4.26,1364.79,2.44,59.7,4.02,48.21,49.76,0
66.63,6.41,1362.06,0.9,61.86,4.63,42.85,30.72,0
77.31,4.27,1819.35,2.98,44.94,3.29,53.93,40.51,0
75.05,5.04,1664.81,1.87,65.08,3.72,51.89,27.12,0
69.69,6.33,1152.32,2.03,58.4,3.76,41.99,15.12,0
73.82,5.01,1396.94,1.94,68.02,4.07,48.46,37.07,0
67.34,5.17,1878.93,2.09,43.39,4.64,57.94,17.74,0
76.03,4.96,1628.68,2.84,67.02,3.35,35.82,39.14,1
70.61,4.76,1663.92,2.5,57.66,4.17,48.35,24.78,0
74.4,5.18,1469.22,3.21,62.47,3.52,43.78,49.97,0
59.21,4.55,1839.45,1.11,67.21,4.62,51.53,53.27,1
72.18,6.26,1699.24,2.43,45.52,3.22,48.9,43.11,1
84.78,4.9,1249.78,2.16,46.57,4.03,45.11,27.28,0
87.06,5.13,1321.32,3.41,57.97,4.21,58.31,29.2,0
62.47,4.5,1440.22,2.98,41.56,3.72,46.98,57.55,0
59.88,6.0,1757.2,1.63,60.86,3.91,39.93,60.99,0
71.82,4.63,1458.17,3.41,46.46,3.38,41.31,52.29,0
74.38,5.5,1401.65,1.18,60.56,4.08,43.84,31.54,0
80.86,5.18,1450.05,2.78,48.87,4.12,43.81,32.03,0
79.48,4.29,1379.64,2.49,62.39,4.07,40.04,18.93,0
63.66,5.88,1456.68,2.57,41.87,3.19,54.24,42.36,0
58.42,4.47,1520.92,3.64,61.65,4.77,42.63,32.86,0
77.46,5.07,1736.28,3.52,70.55,4.09,38.2,26.12,0
67.51,4.28,1207.94,2.41,61.29,4.38,39.59,27.06,1
74.38,4.67,1333.14,2.98,50.43,4.43,42.14,52.99,0
75.22,5.35,1559.11,2.08,29.69,4.44,39.73,19.51,0
68.39,4.35,1495.22,2.31,45.93,4.52,41.45,21.44,0
74.26,5.36,1459.92,3.39,58.18,4.51,53.35,23.14,0
72.4,4.81,1375.46,3.27,52.74,4.18,46.29,27.07,0
81.52,4.72,1600.3,1.71,59.81,3.81,56.81,39.11,0
69.31,4.22,1300.81,2.14,44.79,4.13,31.6,39.38,1
83.24,4.52,1463.3,2.99,63.0,3.77,40.87,28.73,0
70.95,4.9,1387.09,3.23,61.4,4.61,49.42,30.42,0
76.31,4.93,1624.77,1.87,58.82,4.18,50.58,22.67,0
71.16,4.78,1321.72,2.99,52.3,3.35,58.0,27.38,1
71.49,4.98,1493.82,1.67,61.0,4.2,41.04,40.56,0
80.07,5.56,1215.86,2.1,73.09,4.05,45.35,63.65,1
76.48,4.5,1754.96,2.56,50.89,4.28,53.29,34.89,0
64.67,5.53,1460.19,1.93,54.55,4.29,49.71,17.5,0
66.02,5.08,1641.92,1.26,51.13,4.15,40.78,48.19,0
81.98,6.77,1387.3,1.95,43.16,3.59,54.62,55.67,0
81.51,5.43,1227.7,2.51,66.0,4.12,59.0,45.79,0
76.87,4.56,1454.91,2.56,39.7,4.01,49.24,47.17,0
78.94,5.16,1486.85,1.77,68.95,4.43,45.9,29.55,0
80.63,5.93,1071.55,1.77,58.91,4.41,42.7,35.52,0
74.97,5.82,1172.6,1.76,51.54,4.21,51.36,46.08,0
75.99,4.95,1510.25,2.41,65.81,3.88,46.63,38.44,0
80.17,5.67,1412.06,1.58,38.96,4.34,46.04,30.47,0
71.3,5.68,1397.24,2.14,57.04,4.08,45.28,35.59,0
69.94,5.21,1547.8,2.5,49.32,4.05,51.08,0.0,0
66.68,5.27,1512.65,2.36,64.29,4.12,55.52,49.27,1
67.54,5.56,1509.86,2.37,57.16,4.06,48.38,52.73,0
65.88,4.97,1440.84,2.05,46.77,4.7,45.61,14.01,1
62.4,4.95,1441.5,2.41,48.02,3.61,40.77,43.0,0
78.6,5.13,1709.04,2.0,53.27,4.01,47.19,42.34,0
78.01,5.56,1596.15,2.23,52.18,3.84,38.89,16.57,0
82.67,5.44,1351.34,2.54,57.28,3.4,44.98,32.36,0
74.27,5.54,1549.53,2.19,50.39,4.34,53.79,46.56,0
86.75,3.89,1022.78,2.18,71.44,4.28,53.28,12.34,0
59.23,4.49,1362.08,1.76,55.44,4.25,50.81,38.32,0
80.95,5.99,1520.22,2.77,61.54,3.73,42.05,37.1,0
67.25,4.69,1550.67,3.6,37.28,3.91,44.94,16.55,0
75.84,6.08,1461.8,2.69,57.2,3.75,46.38,25.86,0
69.22,5.72,1356.3,2.59,53.54,3.71,58.29,69.42,0
75.26,4.79,1577.54,2.68,59.64,4.21,51.8,14.14,0
75.31,4.46,1538.47,3.11,40.1,3.89,43.37,34.68,0
75.63,5.07,1062.6,1.67,44.45,3.75,48.64,16.01,0
74.48,5.69,1756.98,2.98,63.01,3.74,53.8,54.41,0
76.06,5.28,1592.64,2.24,58.97,4.07,40.06,34.14,1
79.54,6.06,1391.99,2.84,65.98,4.12,65.95,45.14,0
80.44,5.16,1347.44,1.18,76.99,3.75,48.86,46.37,0
71.35,5.69,1505.09,2.83,65.03,4.24,54.46,54.15,0
83.47,5.58,1750.77,1.99,54.18,3.92,42.16,19.95,0
71.34,4.16,1549.92,2.56,53.85,3.79,37.82,43.44,1
76.98,5.77,1344.1,2.28,63.1,4.14,46.66,47.64,0
72.89,5.47,1625.37,1.68,46.49,4.25,56.03,28.45,0
55.9,4.62,1765.13,2.68,47.84,4.14,54.17,43.32,0
69.09,5.57,1587.82,2.67,65.2,4.23,36.16,24.29,0
75.8,5.92,1558.66,1.41,47.87,3.77,48.68,0.0,1
69.61,4.64,1267.22,2.04,65.09,3.78,50.53,42.4,0
68.04,4.67,1439.84,2.91,49.52,3.85,53.67,44.84,0
72.21,4.78,1289.02,2.13,50.99,3.97,41.24,58.96,0
74.05,6.06,1395.09,0.91,42.98,3.7,45.36,17.96,0
65.75,5.37,1665.93,1.49,71.88,3.87,39.56,16.35,0
62.45,4.74,1585.47,2.61,53.77,4.77,45.97,45.44,0
77.72,5.0,1425.81,3.21,53.68,3.66,39.97,43.75,0
82.11,4.38,1495.92,2.47,48.02,3.79,48.8,43.5,0
55.45,5.05,1503.11,1.68,56.81,4.2,53.73,11.29,0
71.58,5.29,1462.46,2.39,33.4,3.66,52.7,37.02,0
62.12,5.09,1669.08,2.24,56.02,4.0,52.32,33.12,0
69.35,4.91,1442.37,0.9,52.67,3.91,49.72,40.39,0
66.67,5.78,1539.05,3.46,55.63,3.81,40.23,55.77,0
81.79,4.32,1552.81,2.6,47.88,4.17,53.2,20.58,0
70.4,5.09,1575.02,2.71,60.91,4.23,48.78,59.63,0
57.9,4.2,1507.42,1.73,60.22,3.57,59.35,28.1,0
67.59,6.05,1249.03,3.22,44.52,3.6,44.47,58.88,0
58.25,5.97,1413.49,3.37,58.77,3.68,50.64,35.42,0
68.35,6.22,1758.2,1.98,55.82,3.53,46.8,40.15,0
79.76,5.11,1419.18,3.64,72.64,3.77,54.93,56.08,0
83.37,5.73,1314.9,1.63,53.63,4.06,49.38,33.52,0
69.26,4.85,1321.56,1.8,52.04,3.49,37.09,21.28,1
80.66,4.56,1330.04,2.02,67.08,4.06,40.22,13.95,0
74.77,4.91,1872.54,1.37,61.34,3.98,39.33,35.25,0
77.81,5.59,1540.97,2.11,50.03,3.79,35.22,31.82,0
87.14,5.81,1259.11,1.93,49.46,3.39,52.62,19.29,0
76.99,4.98,1624.19,2.53,61.39,3.56,51.46,23.82,0
66.72,5.49,1482.12,3.03,50.08,3.74,41.84,30.63,0
73.39,5.32,1310.67,2.21,53.76,4.19,47.52,23.27,0
66.53,6.44,1391.71,2.21,49.18,3.85,51.39,36.46,0
68.36,4.42,1199.51,2.21,62.03,4.35,57.31,48.57,0
68.16,3.85,1551.47,2.54,60.55,4.33,55.08,34.43,1
71.22,5.9,1659.77,2.04,41.91,3.84,52.27,41.7,0
75.4,4.44,1198.26,2.9,53.21,4.0,51.23,17.92,0
80.98,4.86,1336.69,2.1,43.01,4.19,43.0,22.02,0
74.89,5.82,1295.9,2.25,55.68,4.38,51.28,10.64,1
70.81,4.73,1482.84,2.97,45.5,4.03,42.2,0.0,0
79.93,4.84,1605.73,3.3,59.95,3.79,44.19,50.85,0
77.83,5.33,1476.64,1.2,42.94,3.56,37.26,24.09,1
67.65,4.32,1296.54,2.23,51.44,4.14,64.37,24.92,1
69.11,4.39,1323.93,1.88,71.89,4.43,49.07,58.57,0
75.48,4.17,1413.75,2.98,40.97,3.96,52.43,21.68,0
73.39,5.41,1270.04,3.19,51.1,3.24,46.88,39.55,0
66.76,5.75,1501.38,2.82,52.36,3.89,47.84,27.65,0
74.3,4.7,1299.97,1.92,62.71,4.03,48.62,35.08,0
74.75,4.97,1376.14,3.19,60.35,3.72,48.44,13.43,0
71.29,5.81,1264.44,1.9,57.55,3.62,50.03,40.88,0
70.04,4.69,1446.29,1.76,63.21,3.28,37.3,24.26,0
61.54,5.94,1310.28,1.56,41.01,4.28,42.93,23.78,0
74.03,4.92,1468.6,3.56,48.13,3.66,45.66,61.84,0
72.69,4.9,1379.12,2.79,85.35,3.75,49.56,32.45,0
60.86,4.39,1513.71,1.27,46.81,4.25,43.71,30.43,0
74.94,4.35,1224.16,4.59,61.32,4.23,40.74,13.17,1
70.32,4.68,1394.78,1.84,57.59,3.89,46.24,57.48,1
66.03,5.01,1621.11,3.05,74.39,3.73,47.5,39.62,0
80.76,4.42,1731.8,2.5,56.0,4.14,57.14,33.86,0
69.88,5.36,1217.77,3.27,45.66,3.31,45.85,18.96,0
71.85,4.57,1364.51,1.3,50.42,4.29,48.64,2.76,0
67.62,5.69,1138.63,1.9,33.88,4.35,39.54,5.46,0
70.33,5.26,1517.29,2.94,60.48,3.63,43.48,23.9,0
60.53,4.88,1382.21,1.75,46.4,3.5,52.87,28.08,0
57.34,4.52,1279.21,2.56,35.93,3.55,47.44,48.88,1
68.24,3.78,1511.42,2.7,59.76,4.06,44.2,45.41,0
71.38,6.29,1637.48,2.47,61.78,4.41,60.92,40.55,0
61.92,5.08,1576.86,1.2,48.58,3.73,44.08,49.06,0
81.31,5.64,1773.66,2.6,63.79,3.57,57.07,16.89,0
65.62,5.98,1581.5,3.25,51.05,3.82,54.71,46.71,0
69.31,6.97,1447.02,3.0,49.31,4.33,41.18,41.49,1
81.4,5.63,1416.01,3.03,60.62,4.26,48.58,29.53,0
67.97,4.38,1475.04,1.34,61.67,3.52,55.46,24.75,0
75.56,5.01,1270.35,2.55,46.3,3.92,47.53,22.54,0
63.98,5.04,1211.82,3.21,51.85,3.42,43.72,50.19,0
75.19,6.54,1204.84,2.95,49.56,3.69,55.31,8.19,0
71.09,4.68,1750.48,3.74,71.2,4.52,44.4,59.49,0
76.91,5.93,1307.56,2.8,44.84,4.02,55.63,19.38,1
77.41,4.93,1694.09,2.23,58.85,4.43,49.94,28.76,0
74.59,5.17,1449.37,2.35,36.95,4.3,53.16,15.75,0
57.5,5.75,1335.62,2.33,36.28,4.41,49.83,33.54,0
84.62,4.5,1603.48,3.87,53.38,4.05,55.22,31.27,0
82.57,4.65,1418.13,2.36,55.95,4.15,45.31,25.66,0
77.21,4.43,1336.85,1.51,63.64,4.41,51.17,39.54,0
67.37,5.16,1385.49,2.06,62.23,4.07,43.82,30.51,0
68.88,6.73,1326.1,2.95,44.03,4.07,42.44,41.56,0
72.02,5.52,1311.65,1.21,44.77,4.48,50.65,46.5,1
65.32,5.81,1078.54,3.13,45.37,4.38,60.23,25.12,1
67.15,6.1,2000.0,2.72,60.55,4.2,38.06,59.04,0
71.68,4.65,1783.21,2.4,66.53,3.69,43.08,18.36,0
68.45,5.19,1394.19,2.48,51.81,4.37,47.39,19.44,0
65.94,5.0,1763.51,2.94,53.25,4.24,42.39,20.8,0
79.11,5.0,1363.14,2.35,61.7,4.16,52.66,14.55,0
72.57,5.93,1583.43,2.45,41.6,4.01,48.4,16.8,0
71.92,5.55,1572.31,2.1,50.04,3.83,41.11,33.15,0
82.98,4.84,1603.56,1.68,48.62,3.74,40.48,65.47,1
67.74,5.78,1359.47,1.84,44.12,3.83,37.22,26.44,0
74.28,5.7,1620.25,2.68,36.12,3.71,54.48,20.87,0
64.86,5.64,1519.97,2.3,48.31,4.33,42.31,43.09,0
72.27,4.53,1220.43,3.04,59.0,4.21,49.1,47.43,0
71.64,5.46,1746.72,1.89,59.79,4.33,48.29,58.65,0
65.14,4.02,1598.47,2.54,34.54,3.84,55.86,14.83,1
65.4,5.23,1724.46,2.56,47.4,4.59,54.42,63.39,1
73.43,5.21,1417.27,3.3,57.75,4.48,46.17,27.45,0
60.71,5.05,1260.7,2.98,52.13,3.67,51.58,18.89,1
72.84,5.52,1508.08,2.77,46.83,4.34,43.59,40.96,0
72.45,5.95,1300.12,2.15,56.51,3.78,50.5,27.18,1
65.07,5.62,1414.75,2.22,57.5,4.82,46.38,32.08,0
70.34,5.56,1368.26,1.47,45.6,4.2,44.02,3.62,0
66.74,5.04,1414.07,1.62,37.83,3.61,40.15,37.71,0
65.88,4.85,1543.55,2.74,57.94,3.99,40.9,34.07,0
75.04,5.92,1278.55,2.2,45.29,4.07,34.03,20.7,0
72.63,4.18,1256.73,2.75,54.16,3.91,49.23,48.56,0
73.37,6.09,1372.64,2.31,73.08,4.04,59.14,16.4,0
61.72,4.93,1444.71,1.83,65.82,4.16,55.52,28.02,0
70.24,5.0,1309.86,2.73,66.64,4.15,43.71,28.6,0
82.99,5.38,1398.41,2.73,48.86,4.16,45.54,29.68,1
81.88,5.07,1323.59,1.91,67.28,3.99,55.16,28.63,0
76.96,4.7,1120.84,3.37,61.85,4.09,46.27,43.92,1
56.04,4.92,1324.59,2.87,45.34,4.89,43.4,53.85,1
71.17,5.23,1222.65,2.02,51.29,3.75,56.39,6.75,0
72.66,5.16,1420.98,3.08,46.68,3.9,36.53,33.09,0
74.47,5.11,1502.66,2.49,37.9,3.78,52.14,21.71,0
76.44,5.96,1605.23,2.55,32.54,4.0,54.04,44.2,0
71.64,4.98,1271.17,2.0,54.06,3.51,49.44,20.08,0
65.0,5.27,1157.76,3.04,81.14,3.68,49.72,44.26,0
78.07,5.02,1350.67,2.92,48.42,4.33,49.72,32.48,0
65.77,5.52,1308.01,1.88,63.31,4.66,49.33,43.23,0
82.88,6.11,1638.36,2.22,58.87,3.93,47.7,45.91,0
65.34,4.78,1276.26,1.2,59.08,3.88,41.0,50.72,0
62.9,5.2,1020.9,2.08,71.82,4.16,38.24,67.47,1
79.34,6.41,1285.31,3.21,56.21,4.03,42.01,25.39,0
73.01,6.38,1298.23,2.56,42.55,3.91,58.75,47.84,0
60.74,5.63,1435.07,2.11,29.41,4.29,44.02,40.86,0
85.76,4.7,1336.58,1.26,67.35,3.78,40.71,38.0,0
81.95,5.15,1134.92,2.55,61.9,4.65,45.77,43.0,0
80.27,6.29,1363.69,2.26,59.85,4.33,33.0,22.01,1
72.2,5.8,1513.07,1.83,65.23,4.0,47.89,34.36,0
80.35,5.04,1075.4,3.44,40.99,3.62,52.94,41.08,1
68.31,5.22,1449.4,3.09,45.7,3.39,36.12,29.48,1
76.44,4.91,1745.34,3.16,47.13,4.25,41.24,28.12,1
68.72,5.32,1835.05,2.71,54.78,3.48,50.55,31.26,0
85.7,4.83,965.83,3.16,55.32,3.1,48.26,24.44,0
81.78,5.5,1728.52,2.71,63.58,4.41,55.53,65.91,1
80.59,5.32,1502.92,1.43,48.76,3.92,53.2,19.17,0
65.32,4.95,1154.33,2.69,48.26,3.59,45.39,47.99,0
79.27,4.03,1756.78,2.52,65.89,3.45,47.43,35.05,0
67.82,5.05,1385.19,2.82,33.39,4.29,57.28,36.34,0
71.6,5.44,1750.68,2.48,46.15,4.02,39.03,27.81,0
71.5,4.26,1484.11,2.89,59.72,3.96,48.53,15.74,0
73.72,4.97,1505.8,3.06,52.14,4.13,48.46,56.9,0
71.9,5.8,1186.31,2.54,63.24,4.13,52.19,12.28,1
53.97,4.41,1474.06,2.11,77.53,4.53,56.98,37.16,1
73.68,5.93,1903.93,3.39,53.05,3.56,52.12,51.74,0
66.22,6.45,1279.43,2.54,66.41,3.08,41.93,14.36,0
75.45,5.77,1389.0,1.57,52.63,4.32,45.7,53.13,0
81.62,5.22,1406.72,2.9,70.42,3.86,41.4,35.98,0
60.94,4.54,1585.6,1.75,64.38,4.34,48.55,32.17,0
80.66,5.14,1259.46,2.4,54.15,4.09,46.02,40.37,0
66.02,6.24,1398.28,2.25,45.08,5.11,43.71,36.49,0
72.96,4.65,1233.72,1.75,75.01,4.19,50.88,27.62,0
80.31,4.32,1486.26,1.59,51.92,4.23,52.31,30.09,0
66.14,5.42,1764.7,1.15,48.87,4.83,52.11,33.39,0
77.24,3.5,1361.53,2.35,54.43,3.84,60.04,49.64,0
86.66,4.74,1351.82,2.45,44.91,4.06,40.59,36.84,0
64.79,5.44,1287.24,1.62,69.45,3.95,48.36,42.92,0
74.53,4.93,1168.89,2.28,61.6,4.16,52.21,30.57,0
74.01,5.85,1344.72,2.23,62.13,4.06,51.24,30.3,0
79.85,6.4,1536.97,2.98,87.09,3.95,56.53,39.92,0
82.06,4.87,1354.32,2.61,64.01,4.05,46.38,30.7,0
67.8,4.94,1243.53,2.63,54.03,4.32,41.45,27.21,0
81.61,5.32,1498.87,2.81,62.1,4.39,51.44,39.42,1
68.87,5.58,1759.78,1.82,46.14,3.59,46.04,39.5,0
66.24,4.64,1436.84,1.69,51.39,4.05,43.69,50.26,0
61.76,4.63,1555.19,2.32,67.0,4.68,57.4,37.68,0
67.09,5.3,1368.75,1.74,41.48,3.7,43.63,33.79,0
69.07,4.81,1634.14,2.33,51.96,4.02,48.28,22.18,0
69.67,4.57,1577.64,2.82,54.58,3.74,46.14,44.8,0
69.18,4.79,1252.57,2.26,46.76,4.15,51.2,24.43,0
73.02,5.45,1533.51,1.64,60.46,4.21,47.18,25.53,0
71.2,6.65,1626.16,3.15,48.24,3.8,42.46,28.1,1
74.52,5.44,1326.53,1.79,38.79,4.23,51.36,22.45,0
81.78,5.96,1454.58,3.45,74.37,4.34,54.45,34.0,0
74.2,4.83,1382.99,2.84,43.25,3.42,50.75,53.92,0
71.05,5.17,1439.24,4.19,48.48,3.77,58.16,47.85,1
79.19,5.15,1774.3,1.9,46.28,4.43,36.74,37.47,1
65.54,4.02,1452.36,2.75,64.01,4.08,51.57,35.24,0
73.8,4.88,1309.7,1.66,55.85,4.04,47.28,23.96,0
78.71,5.06,1433.37,2.68,50.44,3.29,47.49,28.22,0
68.02,5.28,1458.82,1.89,50.61,4.24,52.98,62.34,0
67.81,5.5,1515.12,1.92,49.94,3.93,41.23,59.39,0
72.59,5.2,1370.71,2.04,57.89,3.96,46.12,28.61,0
67.34,4.54,1800.66,2.4,62.76,3.63,42.58,56.26,0
75.26,3.9,1699.04,1.93,66.54,4.2,50.81,30.46,0
58.67,5.95,1625.52,2.96,64.93,4.13,41.25,45.12,0
73.02,5.21,1537.61,2.95,57.95,4.31,43.07,26.05,1
73.44,5.85,1676.12,1.47,54.96,4.27,56.04,11.46,1
81.33,6.06,1571.29,2.33,55.87,3.93,61.09,23.36,0
73.36,4.54,1618.33,1.3,41.26,3.91,47.24,23.89,0
76.98,5.35,1413.89,2.59,64.51,3.74,49.78,21.79,0
79.96,5.27,1822.38,2.47,62.72,4.65,50.08,40.03,0
63.74,4.26,1649.86,2.65,74.24,4.37,42.23,29.93,0
78.49,5.24,1612.37,0.81,40.12,3.42,47.81,17.52,0
72.97,5.13,1265.87,1.9,60.88,3.43,40.67,46.74,1
62.81,5.2,1179.14,2.69,59.09,4.45,46.8,40.37,0
70.32,5.1,1374.6,2.37,47.06,3.67,40.5,27.0,0
62.41,5.43,1524.72,2.98,48.23,4.31,40.12,38.23,0
72.84,5.0,1320.71,3.18,69.22,4.22,48.44,50.18,0
73.65,5.45,1809.95,2.47,43.13,3.97,47.19,14.82,0
82.38,5.29,1568.81,1.73,45.84,4.08,49.42,5.25,0
68.28,5.51,1198.42,2.78,58.28,3.38,55.01,41.86,0
57.28,5.05,1225.95,3.51,69.65,3.78,45.01,19.9,1
63.49,5.54,1409.3,2.65,56.45,4.09,49.47,50.94,0
63.24,4.27,1404.82,2.28,52.59,4.27,47.53,52.44,0
68.5,6.39,1157.22,2.07,59.64,3.78,59.1,60.63,1
73.65,6.12,1230.73,1.4,48.64,3.96,48.95,0.0,0
81.53,5.66,1264.2,1.25,47.27,3.37,38.63,31.73,0
75.12,4.81,1596.79,0.5,40.52,4.5,45.95,40.74,1
79.79,5.85,1855.95,4.27,59.2,3.95,45.13,29.67,1
65.33,4.22,1702.81,2.51,52.32,3.52,52.87,29.38,0
69.81,5.42,1677.95,3.55,57.73,3.69,51.74,9.82,1
74.07,4.84,1267.69,3.26,56.81,4.03,41.79,45.95,0
59.95,5.26,910.47,2.83,55.14,3.57,52.05,28.85,1
68.66,6.58,1469.02,2.83,57.23,3.88,63.59,36.44,0
80.46,7.31,1452.68,1.97,69.84,3.72,51.16,15.42,0
80.32,5.39,1385.69,3.0,72.64,3.58,51.59,49.96,0
70.42,4.6,1469.05,2.33,53.91,3.78,41.12,18.04,0
64.4,4.68,1493.22,2.87,56.6,3.83,47.16,30.01,0
79.91,5.41,1401.4,1.72,55.71,3.5,44.39,27.19,0
55.54,5.25,1476.22,1.84,35.36,3.49,55.5,28.51,0
54.53,5.37,1485.86,3.52,54.28,4.4,56.95,39.35,1
80.26,5.14,1583.81,2.83,69.14,4.24,47.38,23.02,0
60.43,4.45,1264.92,3.06,47.21,4.07,41.33,14.95,0
73.87,4.48,1276.27,2.94,63.33,4.17,47.51,31.35,0
64.09,4.75,1533.6,2.36,51.55,4.2,51.06,36.24,0
74.55,4.87,1979.82,3.08,54.83,3.5,41.25,19.84,0
60.52,5.71,1499.38,1.89,52.92,4.22,48.07,6.21,1
76.07,4.97,1606.22,0.79,61.34,3.98,42.77,19.5,0
84.15,6.02,1168.75,3.67,62.38,4.04,56.18,39.35,0
64.54,4.94,1484.95,2.3,44.75,4.19,50.35,29.71,0
62.06,5.62,1448.27,3.1,62.53,3.99,54.1,45.31,0
73.2,5.57,1291.7,2.54,62.87,3.97,45.92,15.05,0
55.47,5.17,1187.47,1.92,39.96,3.87,54.0,12.52,0
68.3,6.02,1433.9,1.92,73.04,4.4,56.55,29.43,0
58.45,5.27,1472.24,1.47,45.48,3.15,47.25,25.33,0
68.54,5.32,1561.89,2.56,45.21,3.82,52.08,23.86,1
75.84,3.79,1500.97,1.43,83.23,3.65,51.96,45.81,0
64.04,4.69,1464.28,2.74,59.44,3.87,48.35,23.58,0
84.05,5.21,1548.1,3.12,61.98,3.4,51.67,21.91,0
72.0,5.84,1500.41,2.56,66.2,3.88,56.57,38.55,0
71.03,4.81,1474.06,2.14,32.21,3.71,46.6,4.32,1
68.69,5.77,1382.86,0.85,46.32,3.78,46.75,34.87,0
71.22,5.06,1385.99,1.85,43.61,4.78,51.95,18.32,0
74.76,5.62,1601.27,2.55,57.7,3.52,51.9,24.27,0
70.49,5.45,1374.93,2.07,36.93,4.52,52.25,58.89,0
72.92,4.96,1349.16,2.54,48.75,3.55,42.4,62.29,0
72.09,6.18,1452.5,1.68,50.46,4.14,63.51,10.82,0
61.11,4.01,1506.87,3.12,54.47,3.94,50.99,15.01,0
67.04,4.46,1355.16,3.19,64.87,3.65,51.45,40.38,0
65.52,5.2,1437.75,3.49,50.9,4.04,54.85,39.68,1
63.03,4.47,1538.21,2.67,40.45,3.85,34.13,22.95,1
63.98,5.53,1459.39,3.5,53.64,3.91,49.28,35.05,0
63.04,4.92,1620.72,1.74,48.45,4.43,60.09,53.93,0
69.55,4.96,1436.09,1.88,60.07,3.55,53.09,36.71,0
66.89,4.75,1427.42,1.75,37.46,4.35,41.76,33.7,0
66.92,4.09,1541.59,2.8,57.8,3.86,57.84,53.21,1
60.67,5.2,1631.89,2.28,54.15,4.14,52.25,4.26,1
66.69,5.0,1651.02,2.32,55.43,3.88,45.92,21.76,1
79.1,4.11,1406.54,3.36,66.89,3.83,59.22,6.2,0
69.92,6.08,1363.09,1.13,50.3,3.23,44.4,41.46,0
71.48,5.56,1315.28,1.88,52.97,4.12,45.05,10.92,0
53.94,5.23,1282.87,2.09,50.14,3.84,42.62,38.98,0
76.99,4.54,1505.02,2.11,59.23,4.06,56.22,46.93,0
77.43,5.72,1567.12,2.64,66.63,4.5,50.16,23.43,0
65.83,5.64,1400.24,4.38,65.23,4.19,50.09,67.37,0
67.15,5.87,1419.54,1.44,60.03,4.72,52.66,55.86,0
67.62,5.89,1307.48,1.53,61.67,4.07,59.24,29.37,0
64.04,5.09,1541.34,1.64,37.87,3.82,55.38,47.1,0
55.95,5.43,1298.54,1.77,67.23,3.77,46.85,30.83,0
68.76,5.04,1460.66,2.59,57.85,4.11,49.84,52.52,0
71.34,6.27,1312.17,2.79,52.36,3.89,50.45,11.66,0
72.75,5.09,1883.4,3.15,56.79,4.73,48.92,19.78,0
72.45,4.67,1814.41,1.98,62.84,4.07,49.96,32.33,0
74.09,5.53,1544.15,2.64,56.91,3.38,47.76,35.35,0
67.79,5.66,1583.92,2.53,54.84,3.86,45.86,23.06,0
64.17,4.93,1546.93,2.42,68.68,4.05,46.18,38.37,0
74.68,5.1,1576.77,2.59,59.01,3.96,40.72,48.34,0
74.3,5.07,1144.09,1.96,57.61,3.38,56.07,50.81,0
69.41,5.42,1387.97,3.66,64.3,4.43,51.28,19.08,0
79.4,5.53,1412.94,1.95,59.63,3.82,46.11,42.55,0
69.99,4.84,1373.04,3.37,60.47,4.56,39.95,32.47,0
79.3,4.53,1299.55,2.93,53.33,3.82,50.36,0.0,0
64.03,5.56,1437.59,2.78,51.95,3.72,48.93,27.55,0
81.8,5.15,1654.52,3.82,54.84,3.79,51.29,7.26,0
73.66,4.65,1403.65,1.79,55.37,3.74,43.94,38.83,0
62.85,4.0,1665.47,1.29,64.43,4.19,48.21,7.42,0
77.36,5.17,1195.62,1.41,59.58,3.94,53.17,26.24,1
67.9,5.48,1514.27,1.57,55.34,3.61,44.73,33.08,0
78.3,4.68,1413.48,2.07,56.68,4.2,52.2,45.54,0
76.26,4.96,1284.06,3.26,64.44,4.13,44.2,42.79,0
68.24,5.85,1621.31,1.21,45.8,3.9,47.4,4.36,0
78.46,5.86,1474.48,2.87,57.86,4.31,39.9,28.83,0
70.8,5.18,1394.53,1.62,65.85,3.67,50.92,30.77,0
69.35,4.97,1352.5,3.55,60.04,3.54,45.14,23.86,0
74.21,4.35,1597.21,2.19,57.87,3.65,49.93,11.49,0
67.27,4.29,1383.69,1.88,61.6,3.83,50.59,39.46,0
63.7,4.54,1246.63,2.24,54.77,3.98,38.04,48.12,1
68.63,4.52,1404.19,0.5,62.31,3.97,48.12,39.27,0
66.69,6.94,1419.61,1.7,47.18,3.89,45.21,15.7,1
70.15,5.99,1436.19,1.04,33.17,4.2,39.65,41.93,0
82.98,5.19,1781.97,3.17,43.13,3.92,39.63,35.97,1
61.17,4.91,1393.21,1.25,58.02,3.87,47.08,27.21,0
76.46,4.32,1321.71,2.96,61.89,3.19,51.8,46.13,0
78.14,4.6,1513.3,2.56,59.68,3.95,43.06,34.12,0
74.81,4.48,1282.2,2.1,70.89,3.26,51.2,29.63,0
68.65,4.73,1304.94,1.87,66.34,4.51,55.27,73.36,0
81.76,4.85,1346.71,2.34,63.98,4.64,52.17,16.84,0
66.43,4.61,1765.47,3.82,49.0,4.01,56.84,36.02,0
76.95,4.94,1587.19,1.82,53.49,4.18,49.32,37.09,0
76.31,5.8,1775.59,1.93,57.93,4.16,44.93,29.31,0
72.47,5.78,1400.1,1.99,30.56,3.95,51.4,24.08,0
77.34,4.83,1421.9,2.5,52.49,4.04,46.37,73.22,0
74.41,5.69,1606.66,1.98,83.5,4.37,45.52,43.12,1
66.23,6.24,1714.25,2.07,61.89,3.92,43.08,39.02,0
86.66,3.88,1287.09,1.53,51.4,4.09,48.71,19.98,0
63.08,4.49,1178.53,1.53,47.76,4.17,49.23,44.14,0
60.41,4.83,1396.22,2.87,49.46,3.7,39.71,2.03,0
71.41,5.55,1696.78,3.05,39.86,4.01,47.96,39.25,0
65.67,6.25,1610.77,2.32,60.83,3.93,43.8,33.47,0
67.0,4.6,1587.31,1.44,64.07,3.5,46.43,13.41,0
72.15,4.75,1215.03,2.15,58.01,4.17,41.52,32.16,0
69.25,5.26,1629.73,2.56,53.65,3.32,46.9,51.24,0
69.22,5.59,1525.32,3.68,32.32,3.82,48.48,41.55,1
74.6,4.68,1550.98,2.84,61.41,4.08,50.45,28.63,0
79.68,6.45,1560.79,2.9,51.32,3.29,44.49,40.08,0
73.11,6.26,1371.66,2.61,68.03,4.11,46.12,9.76,0
75.19,5.58,1341.42,3.53,50.41,3.57,52.92,15.1,0
56.5,5.83,1635.32,2.47,62.51,4.39,45.48,30.44,0
74.43,5.22,1234.61,1.13,62.49,3.77,45.59,13.83,0
78.42,6.12,1412.26,1.88,53.37,3.38,42.63,8.14,0
84.04,5.08,1187.09,2.2,44.98,3.98,44.91,23.31,0
76.6,5.16,1583.59,1.42,48.89,3.49,51.19,42.19,0
70.38,5.39,1604.5,2.89,67.52,4.28,50.79,49.43,0
85.55,5.59,1506.21,2.62,66.5,4.27,41.11,3.9,0
75.73,4.76,1313.12,2.13,46.67,4.36,45.32,20.56,0
72.77,4.73,1554.17,2.26,60.26,3.98,51.4,40.96,0
81.25,4.17,1367.3,2.59,61.58,3.89,41.03,46.43,0
66.97,4.78,1380.64,2.56,35.8,3.59,44.86,57.83,1
64.87,5.43,1143.8,1.83,50.57,3.87,52.3,46.42,0
86.94,4.63,1445.21,1.79,40.11,3.91,45.52,63.5,0
79.76,5.54,1473.86,2.3,79.8,3.69,46.04,48.89,0
71.95,5.82,1281.77,3.01,79.08,4.08,51.79,28.19,0
75.46,5.0,1281.44,2.36,47.21,4.23,51.38,38.26,0
81.64,5.0,1371.66,1.99,75.95,4.53,49.45,28.15,0
58.78,4.96,1438.37,2.92,61.58,4.13,44.1,55.32,0
74.37,5.94,1137.1,2.36,65.27,4.16,48.35,53.36,0
70.39,5.88,1431.91,2.16,59.42,4.15,56.95,28.85,1
63.17,5.55,1538.31,1.97,47.01,3.91,54.73,22.2,0
59.67,6.7,1749.61,1.5,55.05,3.99,53.75,51.28,0
63.88,4.25,1668.47,2.6,56.01,4.04,56.72,40.19,0
84.2,6.08,1207.8,2.31,70.93,4.12,55.72,22.29,1
64.7,4.75,1753.96,2.87,61.06,4.17,53.18,37.92,1
73.5,5.83,1594.98,2.26,69.17,4.15,57.85,50.26,0
77.53,3.93,1259.55,2.63,59.2,3.66,47.59,23.89,1
88.56,5.53,1402.95,2.54,65.35,4.12,41.39,47.74,0
72.44,4.95,1671.19,3.35,39.49,4.05,38.8,26.99,0
59.83,4.92,1725.91,2.62,69.83,4.29,50.77,26.09,0
73.45,4.64,1432.34,1.95,48.24,3.82,55.48,18.32,0
68.46,5.57,1308.33,2.77,56.74,4.19,57.23,37.9,0
72.52,4.74,1229.29,2.76,52.45,3.91,44.66,20.93,0
72.15,5.69,1263.52,1.79,56.49,3.95,52.88,29.4,0
64.89,6.26,1376.23,3.31,67.66,3.98,47.53,38.55,0
75.38,6.92,1166.66,2.44,66.57,3.89,51.65,44.35,0
67.91,6.35,1118.49,2.33,53.52,3.89,50.76,0.0,0
64.35,4.75,1401.43,2.92,50.63,3.78,55.27,16.48,0
74.25,4.7,1562.15,3.31,64.16,4.13,54.37,33.06,1
72.14,6.17,1761.91,1.81,45.29,4.17,55.63,40.48,0
80.34,4.68,1495.04,3.01,48.84,4.33,55.49,20.7,0
58.8,5.53,1419.93,2.24,51.21,3.24,43.63,37.04,0
69.93,6.34,1391.14,2.11,49.58,3.46,43.3,50.99,1
63.54,6.46,1746.4,2.09,49.69,3.23,54.01,35.26,0
72.07,4.78,1202.17,3.14,51.36,3.92,53.46,17.23,0
79.69,4.36,1371.72,2.62,54.75,3.79,50.43,14.33,0
55.3,6.07,1550.78,3.43,55.93,3.88,47.97,47.62,0
77.58,5.27,1707.66,1.93,66.41,3.09,51.11,26.99,0
58.72,5.66,1565.54,2.09,73.33,3.53,45.79,36.92,0
69.98,5.14,1123.97,0.94,74.7,3.56,51.36,45.46,0
68.36,4.98,1310.33,3.04,44.54,3.97,47.1,33.46,0
76.92,6.01,1204.3,1.2,58.31,4.04,43.03,36.98,1
73.03,3.33,1453.68,2.34,52.2,4.15,49.36,27.99,0
74.7,4.94,1377.75,2.48,57.79,4.33,52.13,36.88,0
71.78,5.85,1490.92,3.63,65.92,4.21,45.49,22.38,0
76.77,5.51,1581.76,3.56,55.48,4.19,49.78,54.71,0
72.47,5.56,1415.73,1.05,63.58,3.94,53.98,39.68,0
65.4,5.55,1365.41,2.84,57.45,4.03,51.56,36.0,0
77.78,5.27,1544.05,2.42,64.3,4.47,46.76,64.9,0
68.98,6.21,1242.54,3.94,65.33,4.27,40.19,30.05,0
73.3,3.89,1360.33,2.43,44.26,4.48,50.35,48.04,0
82.04,6.1,1474.25,1.72,51.0,4.23,45.86,28.7,0
79.82,6.19,1079.87,1.76,42.06,4.35,43.96,44.35,0
77.02,4.9,1471.3,2.57,64.85,4.65,63.44,60.79,1
63.56,6.46,1502.04,2.57,56.58,4.33,51.42,35.0,1
73.76,5.32,1128.72,3.66,63.78,3.91,39.16,46.36,0
71.93,5.78,1146.09,2.62,61.24,4.15,50.96,16.48,0
83.2,4.5,1622.15,2.53,49.66,3.58,56.66,27.8,0
79.6,4.73,1589.34,1.36,55.91,4.63,38.23,18.06,0
66.91,4.56,1562.04,2.71,60.1,4.39,50.85,30.98,0
58.03,4.6,1689.93,2.06,59.2,4.24,44.39,33.23,0
62.45,6.1,1522.84,2.19,63.05,4.03,55.37,17.58,0
68.53,5.0,1317.4,2.47,40.37,3.37,50.75,47.46,0
78.56,5.25,1442.81,2.49,46.77,4.23,51.17,34.99,0
79.37,6.01,1496.36,3.6,54.47,3.75,57.5,46.07,1
71.55,5.0,1477.19,1.83,60.5,3.81,50.58,25.04,0
70.31,5.91,1432.86,1.63,60.19,4.11,52.65,22.14,0
70.2,4.95,1257.33,2.0,49.77,3.96,44.63,47.04,0
68.83,4.98,1315.93,2.4,60.66,3.48,56.72,16.2,0
76.59,4.16,1278.86,2.86,65.87,4.21,44.87,32.62,0
63.36,6.62,1645.98,2.81,32.5,4.15,40.17,38.03,1
65.58,6.57,1207.91,2.49,63.79,4.54,48.59,33.8,1
73.02,4.17,1613.21,2.18,34.6,4.8,45.69,48.28,0
65.24,6.62,1523.6,1.87,57.14,4.27,50.87,0.64,0
73.64,5.32,1405.09,2.38,56.44,4.03,57.31,79.39,0
81.7,5.55,1478.42,3.25,58.2,3.75,43.43,52.9,1
63.79,5.33,1461.89,1.37,44.67,4.05,48.12,38.98,0
73.58,5.39,1444.35,2.65,43.51,3.62,54.74,56.01,0
67.64,5.72,1369.25,2.82,53.48,3.84,35.99,45.41,0
63.13,5.8,1421.64,2.59,39.24,3.9,45.72,32.43,1
75.45,5.88,1401.43,2.79,46.2,4.4,42.7,11.3,0
72.96,4.49,1351.5,2.64,54.67,3.61,50.05,36.99,0
70.44,4.42,1512.05,3.37,65.39,3.43,52.45,39.06,0
90.17,4.79,1194.26,2.41,63.14,3.6,39.59,28.22,0
73.58,6.19,1412.51,2.98,43.02,4.08,40.15,38.73,0
74.64,4.7,1438.3,3.9,31.78,3.69,52.36,43.71,1
68.16,4.55,1385.44,1.0,49.09,3.99,51.73,42.69,0
76.24,5.02,1579.1,2.45,65.73,4.31,52.13,43.61,0
74.27,6.17,1371.03,2.45,44.67,3.64,41.31,58.34,0
72.61,5.03,1715.6,2.58,49.95,4.12,47.86,55.75,0
62.83,5.45,1513.47,2.35,67.32,3.58,47.34,62.83,0
66.5,5.05,1616.11,2.43,42.92,3.66,46.82,54.81,0
61.13,4.95,1420.11,2.0,60.86,3.7,46.46,39.79,0
83.27,5.21,1480.66,2.76,51.5,4.71,50.55,16.33,0
73.96,5.76,1056.1,1.8,47.29,4.24,41.06,23.28,0
75.37,5.28,1374.69,3.06,68.12,4.85,41.3,33.29,0
76.41,5.26,1993.11,2.33,72.54,3.79,55.64,9.79,0
68.84,4.44,1523.18,2.25,33.58,3.98,43.81,20.84,0
63.57,4.92,1629.24,1.89,64.56,3.81,38.62,36.6,0
69.71,5.12,1584.06,2.18,57.71,3.9,45.58,63.19,0
74.84,5.19,1528.09,2.57,43.74,4.01,46.52,27.76,0
55.84,5.6,1298.01,2.42,60.82,4.48,39.74,45.35,0
60.38,5.11,1591.11,3.67,51.22,3.97,50.3,57.25,0
63.65,4.23,1703.26,1.88,45.67,4.0,57.09,29.51,0
76.08,5.74,1542.53,3.03,39.01,4.61,50.76,55.2,0
74.77,5.37,1269.58,1.92,54.42,3.91,44.66,22.53,0
67.11,5.49,1272.09,2.25,41.3,4.26,42.98,39.11,1
64.8,4.65,1422.56,2.27,54.14,3.75,53.95,42.81,0
74.6,5.68,1363.62,1.92,45.95,4.57,42.1,52.61,0
82.42,5.04,1526.47,2.76,49.61,3.22,54.13,29.07,0
70.65,4.08,1140.26,2.7,74.92,4.77,42.27,65.96,0
67.68,5.43,1598.13,2.62,40.15,3.81,40.05,41.03,1
68.48,5.1,1612.27,1.94,51.78,3.81,56.61,5.2,0
77.39,5.17,1668.81,2.09,50.57,4.2,42.13,48.47,0
71.14,4.85,1384.9,1.65,34.93,3.57,41.07,21.58,0
68.81,4.05,1534.45,3.27,38.66,4.01,47.12,29.85,0
76.16,5.96,1455.0,0.63,45.89,3.79,54.39,41.74,0
78.93,5.95,1205.73,2.43,52.47,3.94,54.73,32.66,0
81.57,4.52,1357.78,2.25,49.19,3.81,47.87,36.74,0
75.63,4.6,1636.93,1.7,37.91,4.31,55.41,41.31,0
57.53,4.8,1522.05,2.57,57.64,3.98,48.1,47.04,1
67.48,5.29,1472.97,0.97,56.82,4.9,40.47,67.93,0
68.73,5.25,1433.05,3.18,48.73,3.63,54.71,61.54,0
65.24,5.08,1706.09,2.72,50.59,4.35,46.13,0.0,0
76.01,5.63,1652.68,2.75,54.82,4.01,43.3,28.89,0
73.66,5.82,1798.56,2.45,58.38,4.68,37.64,47.16,0
82.44,6.08,1094.94,2.41,58.13,3.87,47.19,2.46,0
80.11,5.1,1629.24,1.59,59.05,3.71,48.96,29.99,0
81.47,5.22,1733.61,2.09,64.13,3.76,55.39,37.12,0
74.81,5.87,1696.87,2.29,48.67,4.33,48.38,56.27,0
88.13,5.34,1760.46,2.46,43.02,4.72,56.05,22.16,0
79.74,4.82,1421.47,2.37,64.94,3.9,55.82,30.51,0
70.23,4.69,1070.95,1.31,47.41,4.17,37.99,32.8,0
69.49,5.15,1457.2,3.2,52.75,4.02,51.61,23.58,0
76.35,4.95,1549.2,1.92,45.9,3.93,49.23,51.65,0
68.27,5.73,1692.73,2.19,48.88,3.82,53.0,60.43,0
64.23,6.5,1385.8,1.82,66.53,3.43,50.11,31.67,0
73.02,4.93,1540.73,2.13,55.65,4.07,42.13,51.35,0
63.05,4.96,1279.33,1.57,62.08,3.98,58.31,39.09,0
79.84,5.57,1150.11,1.99,38.6,4.25,40.72,42.19,0
63.01,5.89,1665.84,2.66,38.3,4.08,47.27,22.18,0
68.31,4.78,1477.8,1.82,66.33,3.99,50.22,34.19,0
78.3,6.63,1241.85,2.29,42.82,3.55,56.07,33.87,0
71.43,5.18,1347.37,1.97,60.01,4.73,53.15,18.97,0
83.76,5.72,1497.31,2.44,58.59,3.92,56.82,32.09,0
70.61,5.67,1361.56,2.46,51.7,4.44,37.92,54.27,1
67.29,6.0,1433.2,2.65,55.9,3.48,55.02,27.77,1
68.84,5.05,1204.56,3.06,35.27,4.71,47.71,45.76,0
56.9,5.22,1494.46,3.23,63.37,4.47,54.42,30.49,0
76.3,5.81,1729.61,2.15,55.68,4.64,65.05,11.64,1
76.87,5.47,1148.46,1.88,44.26,4.15,47.71,11.49,0
66.11,4.97,1557.91,1.8,30.32,3.74,39.08,0.0,1
85.34,3.28,1284.82,3.38,69.73,4.16,42.86,42.2,0
77.33,4.97,1505.02,1.48,55.28,4.76,39.76,61.64,0
69.29,5.51,1370.91,2.26,52.7,4.37,39.18,38.43,0
67.51,5.11,1539.9,2.66,57.25,4.08,51.0,27.2,0
74.28,5.37,1597.24,1.71,64.72,3.81,51.25,55.09,0
77.2,5.47,1489.83,2.41,42.92,3.69,47.37,44.11,0
59.37,5.41,1630.8,3.38,56.44,4.05,47.85,48.06,0
73.06,6.89,962.16,2.2,66.91,3.66,53.9,13.42,0
66.63,4.93,1465.05,1.35,55.14,4.16,38.71,55.72,0
81.67,5.89,1584.33,2.45,74.94,4.16,31.08,6.84,0
60.19,5.43,1288.07,2.38,39.35,3.73,53.05,18.17,0
78.59,4.19,1506.04,2.46,47.24,4.28,40.25,20.94,1
77.25,5.65,1656.82,1.88,65.13,3.73,47.97,18.59,0
64.77,5.78,1328.54,3.06,50.63,4.39,33.1,37.04,0
70.37,5.82,1179.55,2.31,44.93,3.81,42.09,31.51,0
69.54,4.98,1498.97,2.6,68.33,4.7,55.63,37.37,0
71.09,4.98,1293.88,2.93,54.73,3.91,50.57,21.31,0
84.17,6.41,1795.36,3.14,49.09,3.89,46.36,52.23,1
69.1,5.06,1390.59,1.9,73.08,4.28,43.72,29.49,0
84.83,5.36,1461.0,2.72,59.44,4.03,55.84,17.34,0
78.64,5.14,1578.79,1.11,48.44,4.16,55.65,15.85,0
57.58,6.42,1865.3,1.58,37.59,3.95,52.35,29.48,0
69.64,4.89,1423.87,2.95,35.36,3.87,51.08,66.4,0
68.71,6.28,1795.84,2.83,50.89,4.6,62.54,24.88,0
71.93,5.02,1201.59,2.04,55.25,4.37,40.91,59.63,0
68.31,4.74,1495.34,3.05,73.34,4.21,45.29,45.98,0
77.07,5.25,1248.86,2.24,69.85,3.62,53.09,37.31,0
65.02,4.95,1482.31,3.76,50.07,3.19,53.73,20.11,0
67.89,6.32,1246.29,2.18,58.32,3.72,42.32,33.07,0
66.46,5.02,1689.41,1.39,54.99,4.2,57.51,35.91,1
81.08,5.49,1531.75,2.1,64.34,3.92,46.45,15.35,0
78.63,5.4,1380.55,2.46,41.77,4.07,50.59,28.47,0
56.08,5.28,1599.42,2.17,64.57,4.48,42.61,36.49,0
69.45,4.11,1300.45,1.83,45.67,3.63,44.5,43.09,0
72.39,5.82,1462.41,2.33,68.16,3.94,60.28,27.97,0
62.71,5.65,1211.22,1.66,42.82,4.29,40.24,49.48,0
69.78,5.52,1392.03,2.21,51.24,3.81,41.72,13.96,0
64.1,4.5,1466.7,1.51,55.76,3.21,53.39,37.85,0
83.23,4.61,1599.33,2.74,47.2,3.76,54.12,61.9,0
76.42,5.11,1040.2,1.77,63.65,3.63,47.79,23.27,0
70.97,4.73,1311.98,2.36,58.64,3.92,54.49,39.58,0
82.76,5.74,1487.22,2.56,54.78,4.19,36.18,43.64,1
73.45,5.24,1680.9,1.93,48.65,4.3,47.87,26.33,0
69.79,4.61,1373.96,1.24,34.52,3.71,59.52,3.54,0
76.04,5.75,1687.91,2.53,64.18,4.49,46.84,41.56,0
65.04,6.0,1399.87,2.59,48.01,4.13,47.84,42.45,0
68.85,3.81,1719.39,3.04,62.87,4.41,56.17,46.66,1
61.81,4.34,1768.67,1.63,56.64,3.53,52.69,24.57,0
72.22,5.55,1303.34,2.23,76.85,3.89,52.01,25.68,0
75.3,5.93,1730.44,1.39,46.5,3.87,43.49,11.03,0
69.1,5.57,1576.74,2.58,65.9,3.61,44.23,24.55,0
75.5,5.75,1494.04,1.56,71.62,4.15,46.59,20.39,0
65.21,5.1,1068.05,2.23,67.54,3.34,55.05,22.73,0
76.72,4.56,1354.98,3.21,52.47,4.21,42.17,49.49,1
73.61,4.73,1355.42,2.7,47.5,3.95,46.59,0.0,0
72.25,6.21,1663.83,2.28,63.42,4.26,46.02,26.0,0
69.74,5.22,1213.76,2.68,49.2,4.35,51.9,37.11,0
65.08,5.87,1255.08,1.94,62.91,3.98,40.94,29.32,0
68.03,5.17,1257.02,1.86,51.49,4.12,46.07,61.17,0
68.09,6.06,1871.71,3.06,63.06,4.57,45.95,48.52,0
73.87,5.11,1914.95,2.48,66.45,4.15,43.77,32.17,0
68.34,5.94,1245.54,1.94,64.47,3.74,56.8,14.63,0
73.36,5.0,1691.84,3.32,58.08,4.21,46.67,38.87,1
70.11,4.64,1367.63,1.96,70.93,3.8,48.1,38.13,0
72.79,4.66,1640.4,2.46,49.62,3.79,50.62,24.42,0
80.42,4.89,1237.72,1.72,43.7,3.9,60.34,54.93,0
72.39,5.19,1427.27,3.08,53.15,4.93,42.49,10.01,1
71.92,5.09,1594.96,2.08,66.24,4.42,54.87,20.42,0
75.13,4.18,1235.19,2.39,63.18,4.02,44.8,46.49,0
78.51,5.27,1462.9,3.19,64.19,3.92,53.59,22.11,0
82.97,5.15,1481.81,1.85,35.57,3.96,42.61,12.57,1
62.99,5.96,1786.17,2.39,62.83,4.23,43.74,38.42,0
77.73,4.63,1082.16,3.05,53.63,3.9,48.61,27.17,1
69.35,4.78,1261.78,3.36,53.36,3.95,51.28,14.93,0
84.22,5.8,1297.41,2.28,61.73,4.02,51.52,49.4,0
69.91,6.47,1461.31,1.23,37.29,3.71,50.52,33.63,0
75.11,6.13,1256.49,3.05,47.16,4.09,41.08,26.8,0
78.8,5.22,1417.97,2.49,51.74,4.15,47.36,46.28,0
64.71,5.6,1234.39,2.76,58.67,3.85,48.51,46.17,0
70.73,6.17,1454.77,2.6,73.35,4.17,45.52,22.79,0
74.08,6.01,1151.56,2.3,44.62,4.06,50.47,17.22,0
69.15,3.23,1259.82,2.49,58.64,3.67,48.75,46.01,0
73.18,4.95,1366.65,2.6,58.9,4.88,50.04,20.52,0
74.94,4.18,1488.02,3.07,66.96,3.58,47.98,48.96,1
66.93,3.51,1740.11,2.03,51.76,4.47,39.08,57.71,0
80.03,4.13,1515.42,2.6,58.38,3.9,43.41,26.51,0
67.87,5.2,1530.39,2.85,49.52,4.05,50.41,28.26,0
65.99,4.7,1601.24,2.58,47.62,4.17,46.17,31.0,0
63.28,4.81,1248.45,2.48,58.22,3.42,51.13,39.15,0
69.79,4.87,1482.16,2.92,65.22,4.1,45.17,42.13,0
66.58,4.38,1636.61,1.56,46.29,3.93,45.37,13.74,0
65.78,6.22,1595.87,3.31,48.35,4.3,41.13,38.4,0
68.84,4.54,1663.74,2.75,55.93,3.8,42.19,38.22,0
71.22,5.62,1286.49,2.78,55.59,4.37,40.12,36.58,0
62.71,4.48,1805.72,1.84,65.28,3.58,40.38,15.15,0
74.85,6.11,1680.5,2.76,76.66,4.39,47.88,0.0,0
69.32,5.4,1307.79,2.15,57.21,4.15,55.14,46.86,0
71.62,6.23,1505.81,3.4,68.09,4.16,42.72,24.95,0
78.49,5.02,1672.17,2.3,71.52,3.85,55.96,22.01,1
66.7,4.44,1577.74,3.0,55.64,3.92,56.77,33.51,1
69.07,5.27,1185.97,3.28,43.2,4.24,45.24,33.16,0
73.51,4.29,1491.15,3.35,74.26,3.95,55.63,22.8,0
71.77,5.68,1448.62,2.43,58.21,4.19,51.04,38.58,0
65.02,5.51,1435.17,2.97,42.99,4.39,44.94,35.31,1
65.15,6.65,1485.53,2.74,45.83,4.22,43.23,37.84,0
75.4,5.27,1736.98,2.54,54.88,4.13,49.01,49.21,0
71.62,3.74,1124.08,2.52,38.87,4.0,48.24,23.17,0
69.96,5.34,1369.16,2.25,69.25,4.66,52.09,63.25,0
75.16,4.88,1291.9,2.26,37.47,3.57,53.66,51.09,0
77.36,4.64,1090.47,3.74,59.13,4.05,51.88,48.14,0
56.84,4.49,1323.87,2.35,53.8,4.81,53.61,42.92,0
72.86,5.46,1557.9,2.02,76.13,4.28,56.21,31.39,0
71.55,5.27,1350.15,2.06,57.93,3.95,36.41,36.35,0
81.36,5.65,1647.12,2.34,50.0,3.43,50.2,35.81,1
80.76,5.0,1430.49,2.36,51.38,3.82,46.17,43.33,0
88.98,6.03,1587.91,3.4,67.17,3.76,42.81,29.98,0
75.6,4.6,1287.59,1.84,62.1,3.95,54.38,45.74,0
75.0,6.11,1751.54,2.76,56.7,3.67,45.15,14.63,0
68.21,5.43,1362.45,3.92,49.04,4.04,39.32,30.91,0
74.84,5.09,1423.97,2.59,78.21,3.77,51.82,39.93,0
72.19,5.54,1613.91,2.73,53.56,4.1,39.16,0.1,0
69.57,4.89,1416.86,0.99,50.24,4.37,49.8,19.21,0
68.38,5.78,1318.51,1.81,58.61,4.07,37.79,34.08,0
76.54,5.93,1344.81,0.84,50.61,3.72,45.35,65.75,0
84.77,6.96,1631.74,2.62,71.86,3.74,49.82,16.62,0
59.1,5.59,1587.0,1.89,39.85,3.42,55.28,58.9,0
84.54,4.74,1294.93,2.38,62.62,3.31,53.97,41.76,0
71.21,4.4,1512.75,2.76,39.41,4.26,61.25,29.06,0
80.97,6.33,1463.51,2.41,47.95,3.87,42.88,30.68,0
61.24,4.91,1345.45,2.81,52.46,4.89,48.05,38.1,0
70.22,5.33,1527.4,1.8,63.14,3.95,47.87,53.0,0
68.76,5.85,1458.92,1.41,50.12,4.16,50.12,20.72,0
77.58,4.95,1439.67,1.94,66.4,4.0,38.18,41.55,0
74.1,6.02,1603.23,2.21,63.62,4.51,47.11,68.11,0
79.56,4.59,1591.65,2.72,65.06,3.68,53.45,44.55,0
69.94,4.97,1287.05,2.6,50.72,4.2,50.48,39.66,0
59.21,5.92,1307.99,2.05,73.59,4.07,39.27,54.64,0
74.49,5.39,1202.68,2.11,51.46,4.41,47.75,33.03,0
72.09,6.24,1028.67,2.08,62.3,4.1,39.68,45.13,0
65.54,5.12,1468.69,2.61,59.99,3.58,48.36,39.93,0
77.54,6.3,1436.34,2.3,44.29,3.85,50.5,43.39,0
69.89,5.51,1583.45,2.01,48.65,4.59,38.67,32.88,0
81.04,5.46,1599.57,2.4,62.78,3.77,47.68,55.08,0
75.35,5.37,1392.28,2.21,32.88,4.68,46.0,52.31,0
82.53,5.27,1215.08,2.74,66.86,4.22,53.2,48.21,0
92.16,4.96,1593.2,1.81,49.55,3.51,51.05,31.57,0
68.64,4.97,1564.81,1.62,50.93,4.63,42.31,32.5,0
75.21,4.25,1635.51,2.59,71.92,3.84,46.47,35.65,1
67.65,5.87,1177.1,2.49,46.53,3.77,57.32,28.59,0
75.4,5.19,1389.64,0.99,51.74,4.05,46.46,24.7,0
74.81,4.99,1280.8,1.43,50.99,3.93,49.46,64.97,0
70.4,4.54,1482.05,3.42,51.65,4.06,52.41,40.53,1
70.85,5.59,1412.7,3.97,48.73,3.35,39.1,13.84,0
71.81,5.55,1399.37,3.34,54.51,4.2,42.95,29.98,0
80.62,4.88,1603.19,2.84,47.12,4.05,47.32,73.85,1
57.55,4.77,1747.1,3.25,52.86,3.79,46.27,50.11,1
63.4,5.98,1145.8,3.75,42.98,4.2,51.77,44.92,0
67.84,5.27,1543.66,1.84,61.57,3.95,42.99,40.61,0
77.57,5.55,1467.01,1.53,54.89,3.71,63.88,53.79,0
64.65,6.01,1633.21,0.79,46.7,4.3,59.26,32.2,1
72.35,4.73,1514.87,3.52,52.15,4.98,42.52,51.9,0
81.37,6.03,1461.65,1.66,65.68,3.4,42.52,15.97,0
68.83,5.5,1688.53,0.78,50.05,3.93,44.03,36.13,0
74.96,6.31,1106.5,3.33,61.61,3.99,36.02,23.21,0
81.61,4.06,1438.2,2.46,56.37,4.06,46.07,55.04,0
81.48,4.85,1691.06,2.61,50.31,3.78,52.51,44.1,0
69.06,6.02,1384.37,2.8,62.39,3.6,49.74,11.71,0
84.08,4.85,1368.22,2.41,44.71,3.65,56.24,50.7,1
72.58,4.62,1271.49,2.5,61.35,3.68,39.59,11.03,0
72.09,5.74,1602.35,1.91,54.69,4.79,51.21,0.0,0
70.08,5.07,1223.15,2.15,59.29,3.92,45.94,53.73,0
78.45,5.28,1237.41,2.56,48.25,4.66,50.06,42.02,0
71.65,5.47,1433.71,2.44,62.12,4.1,43.37,37.0,1
64.8,5.21,1982.3,2.75,71.69,3.27,45.27,0.0,0
77.52,5.94,1829.72,1.99,74.47,3.95,47.42,50.89,0
74.62,3.24,1388.34,2.37,45.75,4.04,51.91,51.02,1
84.38,4.25,1761.85,2.86,58.11,3.63,38.9,35.65,0
72.05,4.7,1508.16,2.15,36.79,3.91,42.51,19.24,0
63.07,4.97,1242.49,3.11,63.26,4.63,52.65,8.69,0
63.2,5.41,1490.13,1.89,39.83,3.99,50.97,51.96,1
68.25,4.41,1516.49,1.79,70.11,3.61,52.05,18.21,0
72.46,5.98,1178.39,3.25,63.14,4.45,56.4,32.32,0
65.28,5.08,1550.36,1.7,52.97,3.7,50.16,49.91,0
70.32,4.91,1634.73,1.37,59.41,3.34,53.0,26.62,0
81.99,5.87,1348.78,1.93,62.96,3.47,43.69,41.48,0
74.87,5.05,1216.06,2.0,66.58,4.49,50.17,0.0,0
61.34,5.6,1408.04,2.41,46.42,4.48,55.87,21.12,1
73.67,6.04,1516.2,3.79,57.33,4.11,54.0,1.22,0
77.34,3.99,1168.49,2.35,64.07,3.6,47.37,21.9,0
69.85,5.64,1153.91,1.04,44.2,4.19,39.79,40.91,0
70.31,4.63,1527.7,1.47,62.91,3.81,42.7,50.08,0
80.28,5.07,1385.42,1.93,55.04,3.9,43.57,32.53,0
72.4,5.63,1549.44,3.23,42.66,4.08,46.49,55.58,0
66.33,4.26,1089.25,1.77,57.95,4.18,49.98,37.94,1
71.8,5.09,1225.19,2.1,44.88,4.29,43.71,18.37,0
76.74,4.81,1544.4,1.83,45.96,4.1,58.5,21.64,0
69.99,5.66,1593.5,1.21,56.75,4.03,44.08,12.45,0
55.37,5.22,1921.55,2.03,44.44,3.56,53.77,12.36,0
60.41,3.85,1573.23,2.82,63.63,3.69,44.3,18.46,0
79.25,5.22,1470.1,2.42,44.6,4.24,44.78,51.25,0
73.98,6.27,1262.57,2.27,52.26,3.52,56.28,38.54,0
71.38,5.79,1490.48,3.27,58.46,3.46,53.41,44.3,1
68.8,5.63,1473.3,2.49,42.33,3.66,52.98,30.27,0
77.58,6.36,1400.43,1.27,42.21,3.85,42.11,25.27,0
66.27,4.16,1412.66,2.49,46.86,3.91,47.48,21.26,0
75.75,6.49,1045.98,3.11,55.26,4.13,50.28,29.23,0
67.12,4.96,1561.85,1.94,52.18,4.4,39.04,35.14,0
84.33,4.27,1137.6,3.79,56.19,4.03,44.86,32.16,1
68.83,5.55,1472.33,2.65,59.78,4.27,44.5,24.27,0
76.06,4.84,1180.51,1.98,51.88,4.14,46.96,41.97,0
69.64,5.46,1459.59,2.94,56.24,3.59,60.4,37.99,1
79.96,5.71,1344.44,2.55,60.35,3.62,56.39,23.27,0
78.04,4.63,1372.85,2.62,49.67,3.98,50.67,13.38,0
75.22,5.02,1322.71,1.81,53.04,3.79,50.85,10.85,0
66.97,4.05,1495.95,3.01,55.18,4.55,45.3,0.0,1
66.28,4.72,1532.06,1.85,63.13,4.43,55.64,47.7,0
78.69,4.49,1294.09,1.87,46.32,3.85,39.6,35.14,0
73.1,5.08,1450.15,2.21,63.76,3.7,35.25,23.37,0
70.29,5.64,1825.66,1.57,68.65,4.01,53.33,31.78,0
75.41,4.79,1250.14,2.58,57.13,3.14,39.92,29.34,0
68.64,6.07,1512.07,2.28,49.17,4.25,54.28,46.31,0
81.32,4.67,1453.24,2.02,40.73,3.72,45.99,51.78,0
72.54,5.4,1240.65,2.2,50.35,4.76,44.22,50.49,0
57.7,5.04,1067.34,2.56,48.36,3.36,47.88,21.4,0
73.7,5.34,1801.83,3.6,63.67,3.85,59.95,5.97,1
65.1,5.46,1515.13,2.63,50.52,3.26,48.89,30.61,0
69.55,5.45,1404.19,2.51,70.06,3.61,42.56,29.14,0
74.9,4.78,1348.86,2.6,54.17,3.73,49.37,56.4,0
58.81,5.2,1353.81,2.2,48.54,3.82,44.8,41.91,0
80.27,5.83,1503.59,1.43,47.57,3.67,56.38,15.83,0
71.2,5.54,1305.17,1.79,72.49,3.96,46.25,30.16,1
68.32,4.52,1622.54,3.05,47.68,4.03,37.44,50.04,0
60.5,6.19,1220.96,2.57,61.47,4.62,54.38,61.88,0
68.58,4.17,1615.46,2.98,56.65,3.94,42.24,33.06,1
62.22,5.23,1151.5,2.21,61.34,4.34,50.98,24.79,0
74.75,5.94,893.15,3.74,53.07,4.27,61.81,36.06,0
73.71,4.89,1370.92,2.49,54.35,2.96,52.46,31.87,0
79.19,6.22,1467.98,1.89,52.18,4.09,54.01,36.6,0
75.71,5.13,1371.34,2.25,67.64,3.69,44.96,21.64,0
63.45,4.79,1552.68,2.15,61.15,3.95,46.53,41.47,1
84.96,5.65,1516.28,2.16,55.49,4.74,45.58,0.97,0
78.41,5.25,1607.25,2.96,49.69,3.82,59.7,36.22,0
78.83,5.21,1665.07,2.72,45.18,4.24,36.9,40.95,0
69.94,4.36,1375.27,2.13,61.13,3.61,48.04,12.9,0
83.22,4.26,1667.16,1.82,63.02,4.56,50.4,46.28,1
81.42,5.48,1622.93,2.42,42.9,3.8,48.21,49.39,0
64.1,4.6,1601.04,2.98,54.36,3.73,50.18,0.0,0
76.06,5.91,1530.48,2.99,80.39,4.13,55.71,56.28,1
75.61,4.53,1316.56,2.63,55.82,3.67,39.31,48.24,0
71.81,4.45,1669.51,2.56,53.3,3.62,45.14,38.77,0
73.77,5.71,1381.12,2.94,67.91,4.11,46.5,38.48,0
59.78,5.52,1529.88,2.83,31.78,4.43,39.0,41.73,0
66.38,5.56,1489.81,2.16,54.7,4.16,50.65,48.31,0
75.83,6.21,1009.84,2.28,52.31,3.31,44.37,12.52,1
64.74,4.79,1204.63,3.02,43.26,4.17,52.61,3.58,0
71.59,5.21,1484.12,3.34,71.34,3.86,45.03,61.14,0
75.54,5.03,1492.96,1.32,51.43,3.74,41.95,24.23,0
77.09,4.72,1444.43,3.14,60.81,4.21,45.6,37.23,0
70.21,4.36,1443.15,1.81,45.82,3.78,49.47,25.26,0
69.96,4.62,1394.37,2.62,37.62,3.95,62.94,43.95,0
77.05,5.23,1384.11,0.84,47.65,4.16,48.26,49.39,1
76.9,5.63,1480.39,2.88,60.02,4.05,45.18,51.61,0
86.19,6.29,1383.51,1.78,40.48,3.78,50.89,31.63,0
79.72,5.2,1513.38,2.07,52.43,3.97,43.49,36.64,0
71.55,6.18,1380.54,2.18,50.71,3.89,48.34,45.79,0
67.73,4.4,1205.79,2.03,64.08,3.4,41.86,13.68,0
67.27,6.03,1440.58,1.66,64.48,3.75,44.79,44.58,0
71.34,5.0,1693.96,1.98,53.65,4.19,52.3,45.37,0
65.41,4.89,1413.84,2.58,39.27,3.76,54.89,52.7,0
80.32,4.69,1431.52,3.42,39.21,4.19,43.97,29.97,0
67.15,5.74,1889.79,2.02,57.0,4.02,35.61,46.44,1
72.45,4.41,1691.31,2.42,53.59,3.8,45.01,32.75,1
64.55,5.59,1254.07,3.66,48.92,3.83,47.64,27.23,0
70.51,5.02,1430.68,2.77,46.67,4.14,45.83,17.56,1
65.83,5.65,1448.51,1.44,66.45,3.78,52.42,34.99,0
76.85,6.86,1671.58,2.56,48.73,4.86,45.44,32.61,0
75.78,4.92,1425.84,2.24,47.45,4.06,45.42,37.14,0
76.49,4.68,1600.6,2.83,57.88,3.35,34.84,16.59,0
81.81,5.63,1754.93,3.14,37.62,4.24,51.3,37.59,1
76.18,6.26,1294.09,2.79,55.8,4.43,50.45,45.64,0
76.0,5.02,1532.9,2.47,39.21,4.63,44.07,21.98,0
75.75,3.98,1400.02,1.59,60.49,4.14,50.36,12.55,0
73.34,5.18,1086.75,2.45,76.28,4.38,54.53,27.64,0
73.7,5.94,1519.7,2.56,47.63,3.51,49.77,19.11,0
76.59,3.84,1510.03,2.48,48.16,4.27,54.25,31.18,0
73.67,5.02,1253.14,3.05,44.44,3.9,49.3,48.42,1
74.02,5.37,1405.38,2.24,47.67,4.1,56.33,25.59,0
78.21,5.79,1302.4,1.65,68.42,3.9,41.99,22.92,1
73.01,5.96,1652.82,3.99,58.3,4.0,58.45,30.41,0
71.38,4.37,1495.08,2.66,43.28,4.79,47.89,28.39,0
81.27,6.08,1404.72,1.82,61.86,3.44,45.99,17.45,1
65.78,5.98,1542.24,2.44,34.83,3.77,49.74,38.44,0
64.73,4.38,1251.46,1.13,59.23,4.54,47.57,12.32,0
69.81,6.33,1384.13,2.65,59.06,4.32,39.56,33.12,0
69.24,5.17,1734.44,2.71,68.61,3.63,40.39,20.51,0
77.89,5.27,1438.23,2.61,66.68,4.07,41.9,31.01,0
69.04,5.23,1399.53,3.13,45.49,3.64,46.98,31.16,0
68.63,4.22,1064.5,2.49,47.58,3.89,47.88,41.08,0
73.19,5.47,1658.66,2.44,61.67,4.42,58.57,17.55,0
85.9,6.4,1245.51,1.25,62.89,4.41,50.53,31.64,1
69.29,5.7,1540.71,1.26,52.76,4.65,42.26,17.58,1
76.72,4.65,1303.01,2.58,58.43,3.89,35.4,27.64,1
66.81,6.06,1468.0,1.77,45.51,4.39,52.04,19.12,0
89.47,4.92,1579.81,1.77,52.13,4.0,53.37,40.37,0
67.15,5.33,1621.98,2.34,50.52,3.42,38.93,31.99,0
76.09,5.32,1680.9,2.3,45.56,4.0,42.46,34.93,0
54.96,4.87,1350.98,1.15,58.76,4.0,54.39,27.42,0
62.79,4.09,1337.82,2.27,36.74,4.25,43.33,39.78,0
65.3,5.09,1519.61,1.11,62.55,3.59,45.36,57.67,0
62.93,4.97,1601.46,2.43,43.32,3.54,37.35,30.53,0
71.34,4.4,1375.59,2.86,52.51,4.05,45.04,63.56,0
82.79,4.92,1442.81,3.0,65.59,4.35,50.27,26.27,0
68.4,4.58,1412.7,2.39,47.31,3.61,48.67,29.48,0
70.63,5.15,1443.02,2.15,73.49,4.22,55.22,10.04,0
71.31,5.45,1509.2,1.44,35.18,4.2,46.29,56.08,0
72.06,6.18,1559.99,1.72,37.93,4.58,38.2,80.91,1
64.53,4.88,1475.07,1.92,56.93,4.48,43.55,33.35,1
77.3,3.79,1703.94,2.44,45.07,4.4,48.56,0.0,1
66.71,4.4,1404.75,1.46,69.54,3.67,45.77,34.11,0
81.18,5.95,1709.85,2.49,60.3,2.8,53.32,18.52,0
74.85,5.63,1561.94,2.26,40.76,3.6,42.09,38.37,0
77.04,5.02,1643.89,2.91,47.95,4.02,44.7,38.48,0
74.77,5.27,1163.68,1.59,54.14,3.98,52.57,27.2,0
77.29,5.48,1618.24,3.73,29.81,4.46,59.29,23.27,1
71.22,4.77,1589.03,3.27,59.51,4.04,43.88,24.64,0
75.97,5.92,1656.26,1.88,55.9,3.49,52.38,33.26,0
69.16,4.23,1378.33,2.21,56.49,3.49,50.53,43.85,0
81.57,5.16,1465.89,1.98,37.97,4.27,47.37,44.52,0
69.42,4.67,1654.34,1.97,58.95,4.04,42.41,27.06,0
66.9,5.25,1263.29,2.2,63.5,3.83,52.23,48.66,0
66.97,5.45,1710.27,2.79,57.7,3.85,40.53,34.38,0
78.35,4.13,1364.63,2.26,54.78,3.7,42.84,48.82,0
64.23,3.75,1550.54,3.52,56.14,4.35,52.85,31.37,0
72.75,4.92,1514.77,2.45,58.68,3.66,54.47,49.01,0
79.77,5.66,1409.2,1.65,53.89,4.07,58.62,24.72,0
74.58,5.23,1270.9,2.18,55.61,4.39,43.98,39.2,0
80.78,6.56,1470.43,2.24,39.42,4.0,49.67,25.65,0
69.14,4.84,1402.06,2.08,53.51,3.78,34.52,25.07,0
68.46,5.25,1189.04,2.32,53.39,3.73,41.72,23.14,0
69.57,4.31,1437.67,2.72,46.11,3.93,53.32,30.58,0
73.47,5.39,1452.07,2.08,54.12,3.66,54.42,32.68,0
78.65,4.52,1305.65,1.95,48.4,3.56,45.63,28.8,0
62.94,4.6,1587.78,2.65,79.35,3.7,48.15,33.54,0
75.66,6.45,1119.39,3.08,52.53,4.13,46.83,33.85,1
67.25,5.72,1457.08,1.56,57.97,3.74,32.76,38.44,0
72.84,4.92,1472.56,1.57,54.22,4.13,58.37,16.95,0
66.77,4.79,1343.62,2.92,63.21,3.78,52.23,33.17,0
69.12,4.77,1466.78,2.47,58.39,3.74,58.36,23.23,0
78.71,5.92,1276.58,1.59,61.09,4.07,46.91,61.25,0
77.97,6.01,1300.83,2.89,48.82,4.03,52.53,23.86,0
71.75,5.53,1019.57,3.7,49.73,4.29,54.69,47.25,1
79.11,5.89,1367.44,2.78,65.51,4.01,53.0,40.6,0
67.41,4.55,1497.53,2.33,47.52,4.1,49.16,28.3,0
74.17,4.79,1263.15,3.09,39.36,4.15,52.26,30.53,1
70.52,4.35,1299.47,1.56,62.29,4.2,48.94,53.0,1
79.9,5.76,1255.15,1.95,59.6,4.08,43.72,7.75,0
61.65,5.48,1501.37,3.5,61.31,3.66,44.05,58.18,0
64.22,5.08,1748.49,2.27,62.49,3.9,54.7,28.72,0
71.05,5.96,1332.75,2.11,70.77,4.36,42.88,52.57,0
78.4,5.66,1553.16,2.4,69.94,4.75,45.59,28.76,0
74.74,5.12,1368.04,2.61,73.28,4.11,54.66,0.96,0
78.37,5.21,1179.13,3.25,43.17,4.4,55.67,26.39,0
80.82,5.3,1465.06,1.98,64.88,3.74,44.92,30.44,0
84.37,6.2,1518.95,2.65,57.83,4.24,46.7,42.14,0
62.44,5.84,1503.68,2.17,49.32,3.8,40.6,25.86,0
76.56,5.69,1480.49,1.94,63.13,4.15,44.0,35.37,0
68.76,5.67,1435.81,3.32,65.14,3.92,53.34,45.38,1
65.69,5.53,1558.65,2.27,40.23,4.2,44.65,43.35,0
69.53,4.88,1317.2,1.76,68.92,2.85,39.62,31.36,0
60.46,5.01,1532.38,2.41,52.92,4.17,41.35,22.46,0
76.12,4.3,1470.64,2.21,46.92,3.34,44.37,12.8,0
75.96,5.96,1539.88,1.51,61.86,4.01,44.06,63.44,0
73.39,5.56,1648.52,1.43,50.86,4.36,52.58,25.17,1
74.72,5.45,1731.82,1.56,58.25,4.06,45.74,18.11,0
68.37,4.68,1281.08,1.77,70.5,3.93,40.08,17.97,1
69.87,5.69,1287.74,2.85,54.47,3.68,51.64,34.04,0
71.46,4.51,1282.98,2.02,41.93,3.73,53.28,37.01,0
70.25,5.46,1744.4,3.68,34.24,3.89,48.2,39.45,1
74.66,5.11,1687.12,1.46,67.06,3.77,48.58,48.27,1
69.3,4.55,1483.53,2.13,49.45,3.67,43.07,24.85,0
70.21,4.06,1318.92,3.05,58.62,3.6,40.12,43.81,0
79.67,6.07,1145.12,2.74,57.71,4.17,56.35,4.12,0
75.04,5.99,1636.03,2.87,47.65,3.75,35.01,63.68,1
70.66,4.63,1689.14,2.42,58.36,4.02,53.11,43.99,0
82.74,4.85,1581.23,2.39,40.96,3.29,51.85,22.59,0
74.43,5.45,1503.49,3.9,57.63,4.09,48.07,42.35,0
63.4,5.63,1728.78,3.36,67.17,3.6,37.16,17.26,1
65.36,5.35,1162.9,2.98,56.02,4.08,54.14,31.68,0
74.03,6.02,1913.26,2.12,45.34,4.42,49.72,53.72,1
80.2,4.38,1360.67,3.1,53.9,4.19,44.55,21.42,0
75.4,4.93,1454.89,3.61,53.72,3.64,42.7,8.33,0
73.11,5.3,1462.04,2.89,58.81,4.48,45.74,35.05,1
77.6,5.18,1180.96,2.33,70.73,4.61,34.11,47.73,0
72.9,4.87,1633.5,2.16,55.04,3.97,44.21,5.4,0
79.26,5.62,1601.59,2.68,66.2,3.49,43.81,13.81,0
76.57,4.26,1483.92,2.52,78.82,4.17,44.93,27.53,1
82.24,4.28,1629.33,2.59,42.29,3.47,47.16,30.67,0
65.21,5.89,1377.94,1.78,43.99,3.45,53.85,60.21,0
75.13,4.75,1769.16,2.52,51.41,4.22,59.27,58.57,0
66.13,4.29,1584.7,1.9,44.57,4.62,43.18,57.32,0
85.7,5.85,1573.42,2.41,31.89,3.99,51.43,17.84,0
70.38,5.21,1369.4,2.11,51.74,4.03,45.21,36.04,0
62.57,4.6,1131.8,3.62,52.64,4.54,41.32,45.92,0
73.87,4.97,1358.45,1.92,60.19,3.72,57.11,37.22,0
67.01,5.28,1548.16,3.3,73.8,3.94,52.42,1.64,0
73.63,4.83,1768.2,2.24,62.49,3.75,57.29,56.04,0
72.52,5.32,1546.25,1.24,68.48,3.74,42.49,35.34,0
78.2,4.14,1443.81,1.8,51.27,3.58,45.42,34.76,0
68.25,5.01,1142.64,2.06,52.94,4.3,46.39,60.01,0
76.67,5.69,1141.87,2.55,52.44,3.71,45.72,29.46,0
64.09,5.16,1343.81,3.48,62.71,3.83,35.02,36.91,0
79.28,5.19,1263.32,1.71,46.42,3.61,44.46,48.75,0
67.19,6.14,1291.24,2.07,49.07,4.04,58.96,40.31,0
78.26,5.28,1250.33,2.43,79.31,4.09,44.35,58.45,0
81.4,5.31,1637.24,2.93,45.1,3.41,42.07,34.54,0
73.43,5.67,1725.22,2.25,71.21,4.15,42.76,20.58,0
67.46,5.2,1635.22,2.41,49.08,3.76,51.73,48.28,0
68.27,4.7,1346.23,2.51,47.63,4.15,60.02,10.19,0
69.27,6.71,1537.69,1.76,42.38,4.53,48.21,51.82,0
62.77,4.4,1402.66,3.29,61.62,3.73,44.37,0.0,0
75.98,4.01,1273.14,2.86,55.47,4.33,39.4,58.24,0
67.38,5.0,1287.27,2.15,47.15,4.0,40.28,26.69,0
63.31,5.69,1480.19,2.85,48.01,4.41,51.84,51.52,0
72.11,4.89,1430.82,2.42,59.26,3.76,44.83,32.88,0
72.55,6.22,1502.24,3.01,54.99,4.85,47.94,53.31,0
75.98,5.27,1002.25,3.42,59.72,3.72,50.26,24.63,1
61.2,5.92,1572.36,1.68,50.15,3.22,58.11,33.98,1
84.91,5.15,1323.86,0.67,61.91,4.35,46.67,16.45,0
74.1,4.76,1356.34,2.18,61.28,4.2,43.16,31.52,0
78.02,5.38,1190.89,2.05,52.5,4.13,45.56,26.84,0
72.02,5.02,1364.64,2.04,65.35,3.63,40.78,14.4,1
66.97,5.24,1411.99,2.5,37.28,3.23,50.48,53.83,0
78.86,5.25,1626.93,1.58,60.78,3.74,43.14,19.52,0
85.53,5.37,1312.37,2.92,61.85,3.83,53.52,23.95,0
56.04,4.5,1264.46,2.36,53.83,3.59,57.27,29.5,0
77.78,5.73,1671.9,2.61,39.06,3.77,46.71,35.18,0
63.57,4.91,1120.9,3.45,62.54,4.55,42.81,0.0,0
69.54,4.84,1572.53,2.63,60.57,3.83,48.7,32.54,0
67.04,5.39,1581.87,2.64,53.18,3.74,55.2,21.95,0
68.64,4.94,1487.7,4.14,61.49,4.29,37.7,44.23,1
62.06,3.91,1505.47,3.08,59.87,4.1,41.95,18.58,0
80.03,5.66,1455.6,2.17,33.97,4.18,42.08,47.03,0
63.94,4.67,1604.19,2.08,63.02,4.53,46.76,51.45,0
66.95,5.06,1500.91,2.07,39.22,4.31,45.04,43.52,0
80.45,5.44,1233.81,2.08,49.37,4.2,52.35,39.37,0
67.88,5.17,1537.77,2.66,50.56,4.56,39.67,0.82,0
72.45,4.63,1307.86,1.57,71.26,4.49,49.9,66.34,0
72.44,4.43,1432.77,2.7,48.3,4.29,43.68,48.2,0
69.01,4.54,1285.07,2.2,52.74,3.86,46.43,30.63,0
67.49,5.54,1449.37,2.54,65.25,3.76,49.15,75.5,0
79.18,4.92,1311.22,2.04,57.85,4.61,42.13,41.57,0
74.92,5.38,1389.12,2.29,52.91,4.57,58.9,41.89,0
64.58,5.66,1364.1,1.85,58.0,3.83,40.55,45.23,0
69.5,5.44,1668.45,1.96,53.13,4.65,52.92,58.24,0
62.55,6.04,1299.63,1.74,48.3,3.68,45.94,35.42,0
61.12,5.17,1468.68,2.91,54.71,4.2,37.78,41.84,0
72.45,5.07,1612.5,2.08,55.63,4.48,37.2,46.69,0
80.54,5.53,1519.71,2.62,61.17,3.77,49.94,29.46,0
78.61,4.63,1392.51,2.56,56.1,3.3,43.7,31.49,0
66.79,4.9,1371.19,2.74,49.81,3.95,47.25,22.83,0
80.8,5.29,1671.3,2.93,55.45,3.65,49.46,30.35,0
67.42,5.47,1392.2,2.88,34.69,4.1,49.98,27.23,0
73.96,4.07,1391.89,2.07,61.1,3.78,49.36,66.97,0
61.08,5.42,1602.09,3.11,58.24,4.15,42.34,46.97,1
84.58,5.56,1496.44,2.66,75.01,3.88,43.9,0.0,0
73.07,5.08,1509.61,1.64,56.99,4.22,46.67,31.87,0
70.78,5.14,1367.11,1.27,51.51,3.96,41.74,25.71,0
75.59,5.67,1551.98,2.03,56.58,3.92,50.41,44.48,0
67.75,5.89,1441.97,2.29,60.72,3.95,56.66,40.91,1
63.95,3.82,1866.47,1.91,73.74,4.08,44.97,14.05,0
60.18,5.55,1481.46,2.59,48.98,3.88,56.91,41.71,1
67.76,5.09,1885.75,2.25,60.62,4.16,48.94,58.3,1
75.42,4.75,944.79,2.89,49.01,4.42,43.7,50.92,0
65.4,5.08,1629.76,2.97,65.14,3.16,45.17,42.86,0
63.31,4.72,1693.52,2.0,49.86,4.41,44.6,21.33,0
72.57,5.25,1479.68,3.12,46.13,4.25,46.51,0.0,0
73.36,4.98,1375.52,3.09,68.41,4.47,49.65,57.6,0
68.1,5.77,1453.46,2.88,48.57,4.6,36.31,34.74,0
84.56,4.24,1557.47,2.52,38.1,4.19,46.23,27.12,0
70.29,5.54,1364.34,1.97,70.18,3.83,47.67,24.75,0
68.84,5.37,1632.71,2.42,56.31,4.23,40.89,35.0,0
85.86,5.6,1269.89,1.88,52.62,3.89,39.83,34.59,0
77.21,5.54,1416.09,2.58,61.28,4.1,52.92,27.35,0
83.1,5.4,1236.22,3.0,50.07,4.18,54.13,35.7,0
74.82,5.04,1168.58,1.47,45.22,3.7,43.09,40.61,1
73.83,4.65,1287.64,2.03,49.47,4.05,53.55,49.5,0
74.8,4.62,1324.56,2.78,52.32,4.03,51.56,24.77,0
78.95,5.83,1343.48,2.07,57.67,3.6,47.37,10.72,1
72.2,5.28,1014.96,1.73,67.36,4.11,36.13,39.7,0
84.15,4.15,1510.42,1.76,65.76,3.83,52.1,21.35,0
78.65,5.35,1698.64,2.04,44.56,4.45,46.03,48.33,0
69.64,4.33,1351.18,2.54,63.96,3.75,38.0,35.25,1
71.04,6.0,1419.54,2.32,57.72,3.76,53.51,46.6,0
74.72,4.1,1666.86,3.09,56.15,4.5,52.97,23.25,0
66.24,4.84,1455.76,1.82,48.28,3.58,45.91,17.67,0
76.11,5.49,1419.4,2.61,75.98,3.93,49.5,52.45,0
77.56,5.39,1128.52,2.6,56.51,3.96,42.21,7.86,0
82.44,5.33,1246.71,2.29,54.39,3.91,36.71,54.65,0
66.17,5.54,1436.03,2.24,58.48,3.79,48.62,28.48,0
58.58,4.43,1409.58,2.31,40.36,3.93,42.89,43.45,0
75.07,4.32,1748.92,4.1,49.53,3.86,48.75,25.53,0
75.31,5.69,1628.78,2.12,43.52,4.03,49.8,35.4,0
63.93,5.65,1814.43,2.51,29.13,4.29,40.95,47.44,1
64.11,5.22,1299.32,2.23,53.81,3.82,48.13,69.34,0
83.0,5.1,1452.1,2.8,53.96,3.83,50.86,25.07,0
77.74,5.56,1363.59,2.35,41.71,4.23,55.21,14.12,0
63.73,5.39,1554.43,2.23,64.91,4.11,50.13,37.43,0
63.0,5.35,1570.28,2.69,65.41,4.07,55.75,1.27,0
66.75,4.97,1190.14,3.24,41.87,3.82,51.84,18.0,0
76.95,6.24,1478.91,2.63,48.3,4.31,46.13,23.95,0
72.89,5.86,1609.99,1.78,60.18,4.12,50.97,34.52,0
69.62,4.48,1377.59,2.08,27.48,3.9,39.81,44.6,0
55.1,4.97,1802.41,2.97,45.52,3.41,55.26,44.09,1
66.5,4.73,1568.47,1.94,60.12,3.73,44.23,27.32,0
71.66,4.52,1516.7,3.37,47.6,3.46,53.97,41.45,0
70.31,5.85,1700.9,3.3,69.91,4.27,55.47,44.75,1
66.98,5.45,1666.2,2.33,65.06,4.21,39.32,49.07,1
70.25,5.33,1248.89,2.42,42.09,3.34,55.02,37.46,0
62.51,6.03,1599.73,2.2,64.42,4.1,40.84,26.97,0
75.08,4.94,1107.01,3.2,49.96,4.61,42.5,13.67,0
64.13,4.74,1399.15,1.98,66.21,4.22,43.51,23.29,0
75.01,5.59,1249.12,1.45,56.82,4.26,40.26,7.48,0
67.14,4.51,1388.91,1.73,64.6,4.06,49.35,38.13,0
70.01,6.34,1579.55,2.58,66.03,4.24,44.5,22.93,0
65.92,6.56,1356.2,2.41,57.42,3.8,38.17,57.3,0
63.26,6.24,1451.14,2.78,52.77,4.16,48.97,12.75,0
59.93,6.64,1637.7,2.99,59.06,4.48,40.7,39.07,0
60.23,5.07,1742.03,2.38,71.18,3.86,53.49,34.84,0
75.54,4.25,1555.06,2.11,71.97,4.34,51.66,48.34,0
70.13,5.72,1196.32,2.7,50.54,3.92,43.33,50.06,0
80.01,4.82,1418.08,2.17,46.54,3.67,39.99,32.47,0
75.48,4.61,1335.72,1.12,63.07,4.52,53.44,48.25,0
70.05,5.25,1208.77,2.7,41.77,4.43,38.24,31.76,0
77.12,5.41,1534.18,1.93,61.88,4.5,33.1,8.11,0
67.33,5.32,1300.52,1.86,47.32,4.57,49.08,37.12,0
69.16,5.48,1420.72,3.48,57.72,4.22,58.79,42.31,0
73.36,5.23,1391.9,2.36,54.95,3.69,51.94,57.36,0
53.2,6.34,1521.86,2.26,52.4,4.41,38.95,21.79,1
78.11,5.0,1167.02,2.59,44.94,4.43,49.45,29.91,0
78.94,5.75,1181.05,2.26,45.67,4.34,55.44,33.52,0
78.14,3.92,1689.9,2.69,57.45,4.29,47.81,14.82,0
83.29,4.21,1371.18,2.31,55.08,4.25,53.19,44.55,0
74.07,6.2,1391.37,3.17,60.96,3.88,38.75,48.49,0
91.01,4.25,1450.54,2.99,34.04,3.85,51.48,40.77,0
70.69,6.83,1681.38,1.41,46.81,4.37,51.29,25.15,0
78.69,5.85,1411.57,3.9,57.12,3.63,50.19,35.08,1
72.7,5.96,1229.83,3.07,47.81,3.97,40.81,41.64,0
71.91,5.77,1388.04,3.43,52.43,3.08,34.83,46.22,1
73.88,4.27,1680.18,1.87,64.01,3.67,56.67,20.41,0
82.51,4.75,1481.71,2.1,56.07,4.29,48.88,39.01,0
76.05,5.76,1201.37,1.63,57.99,4.2,45.66,10.03,0
76.07,5.85,1388.63,2.75,65.92,4.03,44.12,40.71,0
75.57,5.73,1263.53,2.35,62.24,3.72,55.13,25.03,0
77.08,5.67,1156.4,2.65,53.3,4.28,51.54,22.83,0
68.96,4.69,1503.21,2.27,64.05,4.8,48.59,47.66,0
83.11,4.67,1280.09,1.91,50.91,4.12,41.89,28.97,0
67.96,4.8,1402.69,2.6,52.61,4.01,55.34,5.99,0
79.11,5.34,1331.16,2.75,59.1,3.7,46.92,27.14,0
65.55,5.39,1555.97,1.69,44.29,3.96,45.61,66.15,0
79.2,4.75,1294.89,2.36,50.55,3.83,53.37,59.45,0
69.5,5.71,1577.27,2.28,42.23,4.43,60.06,19.1,0
69.55,5.93,1312.93,2.32,47.8,4.05,51.81,31.67,0
64.1,6.61,1503.66,2.12,48.4,3.67,50.37,46.07,1
67.87,4.86,1645.21,1.95,80.0,4.68,56.62,23.86,1
75.14,5.03,1483.18,3.58,53.52,4.27,49.6,26.74,0
77.26,5.5,1593.3,3.45,55.83,3.93,38.09,53.03,0
73.19,4.54,1934.35,3.43,42.18,4.26,44.68,3.46,0
86.76,4.54,1480.35,2.07,47.57,3.92,51.53,7.7,0
65.28,4.79,1434.45,2.08,50.06,3.75,55.39,25.04,0
57.73,4.95,1662.2,1.24,48.68,3.72,53.2,42.27,0
69.95,4.75,1535.64,1.69,42.05,3.63,47.0,32.95,0
74.36,5.64,1404.87,2.04,49.44,3.66,44.55,22.51,0
69.46,3.68,1594.08,1.65,61.06,4.34,48.36,43.49,0
79.62,4.62,1353.72,2.85,51.14,4.5,51.05,43.18,0
72.78,5.37,1288.79,3.13,45.26,3.41,46.42,41.93,0
68.58,5.45,1498.44,1.61,45.25,4.47,42.96,28.2,0
75.03,4.3,1164.87,3.13,44.08,4.32,46.31,26.26,0
80.98,5.89,1501.03,2.49,57.72,3.56,48.46,41.95,0
79.6,4.82,1438.57,2.21,49.75,4.23,61.39,19.37,0
77.62,5.41,2000.0,3.08,54.03,3.77,45.82,20.28,0
82.21,6.45,1555.43,3.01,47.16,4.54,53.69,45.89,1
69.32,4.57,1463.17,1.85,67.41,3.94,53.67,33.51,0
68.81,5.79,1672.53,2.76,63.23,3.9,51.68,45.29,0
80.79,5.47,1577.62,3.84,65.48,4.53,38.29,15.17,0
83.7,5.2,1554.88,1.46,54.96,3.89,55.26,20.1,1
65.27,5.71,1553.01,2.03,52.78,4.02,56.88,34.49,0
73.16,5.45,1333.13,1.04,62.29,4.32,45.22,39.52,0
80.53,4.32,1515.51,2.46,51.05,3.89,47.28,49.65,0
82.78,4.1,1620.16,2.36,54.16,3.72,37.8,39.59,0
71.98,6.4,1352.24,2.25,33.89,3.45,43.65,19.14,0
70.85,4.8,1405.51,2.69,66.7,3.79,42.48,15.36,0
62.33,5.01,1615.19,1.99,50.36,4.01,38.31,46.51,0
70.49,4.44,1599.58,2.76,54.52,4.07,46.66,26.63,0
77.42,4.47,1265.66,2.51,54.76,3.91,53.93,60.04,0
61.02,4.42,1293.92,2.53,50.44,3.9,52.81,39.57,0
70.19,5.26,1511.06,2.24,57.81,3.61,33.57,22.64,0
70.57,4.68,1476.48,1.76,72.61,3.43,37.9,24.16,0
69.65,6.39,1402.67,2.82,62.49,3.67,48.03,22.58,0
53.18,5.03,1510.15,2.34,49.04,4.0,52.38,28.08,0
68.84,3.21,1336.15,3.93,51.68,4.0,47.76,45.5,1
73.23,5.11,1399.53,1.63,51.28,3.95,41.58,46.05,0
62.66,5.27,1270.58,3.69,67.65,4.1,40.29,17.77,1
75.47,6.72,1465.52,2.61,60.39,4.11,37.69,46.1,0
76.98,5.09,1693.65,2.99,47.11,3.47,50.97,26.19,0
68.39,6.53,1283.91,1.14,58.9,3.69,52.97,34.07,0
82.68,5.08,1583.05,1.03,50.69,3.41,47.74,50.1,0
62.06,4.09,1462.6,2.76,60.46,3.87,51.61,40.79,0
64.9,5.33,1329.41,2.5,70.99,3.93,45.73,35.66,0
75.75,5.41,1401.12,1.74,51.13,3.72,41.15,19.82,0
70.73,4.29,1340.84,2.22,55.93,4.24,51.57,40.36,0
68.64,5.87,1493.95,1.98,41.21,4.12,43.73,60.23,0
82.5,4.56,1595.57,2.24,52.75,4.56,49.37,33.47,0
73.83,5.74,1672.02,2.54,53.26,3.83,51.58,26.21,0
76.43,5.94,1504.86,3.95,59.29,3.66,50.02,55.0,0
68.36,5.44,1431.92,1.39,56.29,4.94,55.03,41.3,0
79.58,4.81,1569.04,2.16,55.58,3.85,41.4,60.54,0
85.3,5.04,1434.69,2.2,44.9,4.21,50.47,49.81,0
71.21,4.89,1510.45,2.12,46.83,3.67,45.67,27.81,0
70.42,5.65,1532.94,1.51,54.33,3.85,57.99,30.3,0
73.7,5.02,1740.51,1.54,38.02,3.58,38.3,20.13,0
63.91,4.72,1605.18,1.56,44.77,3.77,53.97,39.51,0
67.73,5.53,1353.67,2.07,49.89,3.54,49.48,32.05,0
84.56,5.87,1241.05,2.36,40.18,3.69,53.82,18.41,0
72.2,4.45,1445.57,2.82,56.78,3.77,44.57,36.52,1
69.27,5.98,1345.39,3.58,55.38,4.08,52.6,43.32,0
71.0,5.3,1571.91,0.96,54.51,3.55,45.89,25.18,0
63.07,4.76,1491.19,1.43,54.23,4.67,48.82,58.44,0
65.77,5.02,1558.15,1.91,88.79,3.39,38.11,29.79,1
66.66,4.96,1590.78,2.22,53.58,4.21,50.53,44.63,0
61.75,4.21,1197.71,3.28,50.9,4.21,42.74,24.2,0
76.79,5.55,1426.78,1.15,53.37,3.94,44.73,0.0,0
78.45,5.97,1390.22,2.27,69.61,4.35,52.03,30.48,0
77.41,4.43,1399.28,1.27,69.4,4.46,54.58,34.66,0
64.6,4.79,1654.75,2.21,57.8,3.79,47.9,31.94,0
69.27,3.65,1121.94,3.12,60.09,4.04,57.3,22.25,0
70.46,4.9,1370.65,2.92,56.2,3.39,41.09,34.04,0
73.49,5.72,1168.47,2.23,55.55,4.17,41.02,40.31,0
67.56,5.81,1405.13,1.91,71.37,4.22,49.46,52.7,0
74.01,4.37,1741.19,1.95,66.41,3.67,53.03,32.78,0
77.6,5.48,1772.06,2.02,60.9,4.36,47.31,25.11,0
75.49,3.87,1663.86,2.79,68.84,3.49,54.54,39.47,0
76.31,6.16,1557.97,2.92,66.43,4.21,55.85,33.99,0
64.99,5.49,1687.75,2.78,64.92,4.31,48.0,15.47,0
76.98,4.78,1787.95,2.29,63.76,4.08,36.51,56.3,0
68.72,5.31,1455.31,2.49,69.87,4.2,45.32,11.07,0
76.85,4.9,1372.49,2.31,56.08,3.27,51.62,42.2,0
73.95,4.46,1329.64,1.74,58.61,4.32,38.13,37.93,0
79.77,4.95,1386.05,2.12,20.0,4.01,45.98,49.56,0
71.52,5.86,1366.62,2.39,43.88,3.51,43.35,20.69,0
83.21,5.97,1243.76,3.08,53.11,4.09,51.19,27.9,0
61.84,6.47,1436.04,1.25,57.96,3.97,45.61,24.65,0
67.65,4.41,1310.7,1.61,66.99,3.72,59.04,26.64,0
53.58,4.51,1196.0,2.84,49.46,3.97,30.39,35.76,0
62.26,6.16,1380.13,2.14,52.48,3.85,56.45,6.73,0
74.36,4.88,1235.96,2.09,58.76,4.32,56.24,55.44,0
62.97,6.24,1642.58,2.7,62.14,3.98,48.02,30.5,0
79.44,5.24,1253.51,1.79,59.44,3.76,46.67,20.58,0
70.13,5.62,1301.77,2.41,50.52,3.77,52.02,62.34,0
69.74,6.26,1821.68,3.46,56.16,4.18,48.97,42.02,0
58.85,5.63,1352.07,2.59,36.75,4.0,54.98,16.1,1
68.69,5.77,1256.55,3.36,36.99,3.95,39.13,44.72,0
70.78,4.61,1449.28,3.8,70.08,4.17,40.02,48.25,0
67.84,4.62,1384.95,3.34,48.4,3.72,32.68,7.03,0
76.51,5.95,1003.66,1.88,48.36,3.92,44.23,59.42,0
67.0,4.6,1462.58,2.05,66.33,3.92,45.12,47.89,0
70.93,4.29,1632.66,2.58,61.04,4.0,45.62,25.4,0
81.17,5.34,1728.5,3.44,59.75,3.5,48.2,54.81,1
75.86,5.05,1483.34,2.38,64.63,4.08,52.15,33.89,0
64.38,4.48,1406.31,3.11,49.66,4.23,57.98,7.35,0
84.96,5.94,1456.04,1.51,54.72,3.93,54.42,63.28,0
68.98,4.08,1192.98,1.9,58.63,4.01,46.83,48.06,0
85.06,4.63,1571.21,3.21,65.61,3.5,58.83,26.06,1
73.84,5.5,1352.92,3.22,40.23,3.86,43.81,42.33,1
74.28,5.85,1373.69,2.78,69.41,3.92,43.76,48.19,0
76.3,5.28,1275.47,2.56,62.08,3.87,48.52,0.0,0
65.12,5.01,1390.3,1.3,61.07,3.57,37.83,53.42,0
71.74,4.82,1647.94,2.72,66.75,4.1,52.86,23.06,0
50.81,4.51,1636.01,3.24,65.64,3.94,35.34,34.07,1
67.62,4.63,1859.61,2.43,65.72,4.01,43.67,20.58,0
68.38,5.94,1237.03,3.74,59.85,3.91,44.88,43.37,0
80.4,5.16,1511.94,2.23,65.56,3.33,38.86,34.37,1
64.62,5.37,1380.66,3.37,54.69,4.33,41.17,17.92,0
83.52,4.81,1408.01,2.11,51.57,4.29,51.76,37.13,0
74.54,5.99,1562.65,2.14,64.0,3.33,46.78,28.06,0
64.51,5.63,1388.4,2.33,55.31,4.21,49.97,12.78,0
64.67,5.91,1538.51,3.42,57.74,4.17,54.97,48.46,0
62.11,6.01,1399.23,2.34,66.76,3.87,40.23,40.23,0
73.84,4.86,1304.15,2.51,60.21,4.13,48.38,45.39,0
69.8,5.36,1441.62,2.39,61.21,4.2,43.26,23.21,0
73.44,5.11,1127.06,3.34,53.92,4.55,46.97,27.75,0
70.44,4.4,1407.75,3.34,46.88,3.74,54.03,64.16,0
68.6,4.57,1272.77,2.68,62.63,3.79,45.65,24.7,0
79.63,5.02,1160.24,3.14,54.71,4.15,38.28,9.78,0
64.75,4.82,1390.76,2.48,56.1,4.23,52.13,42.73,0
71.69,5.66,1419.16,3.05,62.42,3.65,50.5,35.77,1
77.06,4.42,1424.31,3.13,59.18,4.12,50.61,39.95,0
73.65,4.13,1574.42,2.43,43.64,3.4,54.42,26.8,0
67.58,4.58,1191.55,1.54,58.5,3.95,52.48,26.08,0
68.89,6.2,1624.99,3.02,59.67,4.18,48.6,35.7,1
74.56,5.2,1617.89,2.16,49.2,4.03,47.94,36.31,0
64.12,3.67,1609.65,3.23,49.91,4.27,42.68,41.23,1
61.78,4.37,1539.6,1.73,26.01,4.2,49.23,19.55,0
80.68,6.0,1594.95,2.59,50.64,3.67,50.39,21.98,0
84.71,4.72,1481.35,1.66,54.69,3.43,40.95,27.24,0
77.12,5.35,1463.55,1.95,59.61,3.94,46.7,49.86,0
70.94,5.48,1895.11,2.7,47.78,3.42,51.26,21.13,1
75.23,4.68,1266.49,3.1,25.84,3.62,50.1,56.39,1
81.3,5.48,1224.67,1.79,53.18,4.43,47.7,43.36,1
72.98,5.82,1200.85,1.81,47.49,3.54,44.74,46.5,0
82.07,4.56,1188.32,1.43,47.25,4.07,41.71,40.1,0
72.43,4.37,1185.27,3.03,67.21,4.27,40.23,54.33,0
62.86,5.65,1341.33,2.33,60.92,3.83,48.41,27.68,0
72.65,5.33,1423.1,1.76,53.88,3.83,36.27,41.23,0
65.18,6.34,1384.47,2.42,59.47,3.4,59.48,38.19,0
70.42,5.27,1468.66,2.71,47.27,3.82,54.25,23.82,0
81.08,5.94,1486.57,2.01,54.92,4.04,62.07,26.18,0
75.9,4.68,1430.27,1.93,48.35,3.88,49.6,19.96,0
84.31,5.15,1258.77,2.24,44.4,3.75,46.43,16.13,0
76.55,5.35,1334.9,2.22,55.35,3.74,50.6,32.18,0
76.78,5.55,1503.45,2.23,43.81,4.05,50.8,63.4,0
75.06,4.93,1523.89,2.58,49.67,4.28,40.22,56.44,0
72.78,4.2,1222.59,2.85,52.47,3.6,48.33,28.63,1
65.57,5.07,1658.23,2.44,56.81,4.03,43.57,48.17,0
72.19,5.21,1623.05,2.56,48.0,3.8,47.41,21.88,0
71.66,6.26,1513.67,1.78,53.82,3.84,48.93,53.04,0
80.22,5.25,1550.97,1.61,70.23,4.32,41.05,44.17,1
76.18,4.59,1469.12,2.9,48.54,3.46,32.49,18.25,0
91.44,4.46,1587.24,3.17,53.59,3.94,45.54,9.94,0
68.79,4.85,1589.67,1.52,63.18,4.07,48.19,40.72,0
74.64,3.72,1414.85,2.7,58.67,3.85,46.4,49.73,1
76.12,5.02,1376.94,1.43,41.46,3.93,48.54,31.33,0
74.51,5.9,1522.09,1.98,56.02,3.63,44.84,29.08,0
91.56,4.74,1134.16,2.31,48.63,3.93,45.99,42.61,0
68.16,4.42,1609.05,3.1,43.64,3.77,59.42,45.02,1
65.59,5.01,1700.92,2.05,60.35,3.84,47.22,46.54,0
69.86,5.04,1431.53,2.97,58.28,3.93,42.84,28.7,0
69.3,5.08,1338.94,3.18,59.03,3.53,46.61,43.01,0
68.58,6.3,1551.99,1.84,46.69,3.94,49.03,33.96,0
79.37,4.9,1717.9,2.91,51.35,3.41,49.2,30.8,0
69.45,4.74,1588.26,1.82,35.4,3.78,43.03,37.01,0
73.54,5.2,1663.02,1.73,54.46,3.25,53.21,31.87,0
74.22,6.11,1538.18,2.68,51.24,3.77,45.17,27.8,1
73.9,5.05,1578.09,2.73,51.02,4.33,38.83,14.08,0
67.0,5.6,1281.95,2.4,52.46,3.98,50.36,65.67,0
70.18,5.57,1463.92,2.03,55.42,4.37,48.65,16.04,0
80.59,5.02,1492.69,1.83,45.45,4.31,47.46,44.97,0
82.51,5.89,1239.81,2.72,61.58,3.79,54.65,0.0,0
85.27,4.85,1671.32,2.88,55.81,3.67,45.45,54.42,1
62.57,5.07,1551.46,1.88,49.77,3.95,49.54,25.45,0
69.31,5.0,1369.3,2.47,47.33,3.69,40.76,46.36,0
69.74,6.37,1424.64,2.68,62.74,3.66,48.63,26.6,0
69.79,4.55,1234.28,2.54,63.86,4.09,50.81,9.75,0
83.32,6.34,1882.48,3.08,58.09,3.62,55.14,30.01,1
77.09,6.41,1321.41,1.58,63.33,4.06,43.69,59.65,1
70.45,6.19,1289.24,3.04,57.84,3.88,57.63,36.99,0
75.88,4.67,1619.17,1.78,46.45,3.71,45.98,22.25,0
60.11,5.4,1266.11,2.61,62.38,3.95,45.48,48.88,1
66.01,4.59,1666.41,2.65,65.73,4.05,43.86,38.54,0
81.49,5.25,1623.13,1.71,57.56,4.02,49.72,39.02,1
81.64,6.03,1115.17,2.87,71.37,4.38,39.93,23.98,0
73.8,3.36,1577.9,2.16,64.73,3.83,46.58,64.66,0
76.69,5.62,1554.01,3.81,55.27,3.82,45.47,67.65,0
64.0,5.35,1380.92,3.13,54.05,3.97,45.74,9.36,0
78.2,5.46,1802.6,2.05,47.37,3.62,45.34,26.25,0
71.93,4.7,1170.43,3.07,53.97,3.64,48.46,32.94,0
78.54,5.48,1137.74,2.95,50.26,3.75,54.43,27.05,0
70.62,5.43,1820.97,1.79,65.28,4.15,39.88,31.67,0
78.69,5.06,1505.18,3.29,50.02,4.78,55.48,30.67,1
79.8,4.15,1499.64,2.72,62.84,4.03,48.33,15.4,0
79.26,5.23,1542.77,1.73,45.73,3.66,47.13,29.12,0
72.44,4.17,1542.58,3.84,39.04,3.83,47.27,24.23,0
73.96,5.26,1602.04,3.39,32.46,4.17,41.08,37.76,1
68.34,4.47,1563.5,1.9,65.26,4.1,51.83,42.34,1
60.2,5.29,1364.87,2.12,41.46,4.12,46.54,13.27,0
72.94,5.01,1542.76,2.91,47.91,3.75,50.82,29.5,0
70.41,5.14,1516.32,2.11,59.54,3.69,53.6,48.32,0
73.44,5.06,1620.54,3.32,51.43,3.49,46.93,22.54,0
77.76,4.42,1427.61,2.29,47.32,4.08,45.39,25.37,0
66.84,5.29,1239.76,2.64,75.51,3.34,51.3,21.03,0
70.5,6.36,1177.47,3.04,58.08,4.25,42.0,36.86,0
76.06,4.82,945.56,2.2,61.22,4.06,51.79,43.58,0
55.79,5.29,1560.71,2.39,64.9,3.95,51.0,44.23,0
70.33,3.96,1514.49,2.35,58.09,4.07,44.25,27.18,0
58.83,5.45,1416.53,2.97,58.62,3.77,49.64,42.8,0
76.32,5.33,1294.64,1.84,58.64,4.05,46.0,33.07,0
74.07,5.77,1490.47,2.85,56.2,3.66,43.2,35.35,0
64.09,5.06,1356.72,2.35,55.34,3.57,45.6,33.02,0
76.26,5.01,1501.02,1.64,67.49,3.5,41.71,15.66,1
65.62,5.74,1118.51,3.6,59.39,4.37,42.7,55.3,0
74.24,6.19,1344.64,2.3,63.57,3.83,44.11,3.95,0
67.17,5.47,1399.98,3.2,52.3,4.34,45.01,35.67,0
66.39,5.21,1530.83,1.63,49.44,3.92,41.38,41.31,0
65.51,5.29,1699.26,2.21,53.21,3.54,45.37,21.4,0
77.93,3.44,1591.55,2.84,38.82,4.4,46.99,35.65,0
66.83,6.55,1448.04,1.19,40.41,3.87,50.07,30.13,0
78.61,5.64,1381.94,2.47,54.18,4.17,51.37,40.03,0
70.96,5.06,1321.89,2.57,73.5,3.56,52.19,46.04,0
67.38,4.82,1442.99,2.39,62.35,3.45,42.8,22.07,0
63.74,6.11,2000.0,3.51,55.91,3.92,48.15,25.74,1
76.87,3.89,1673.02,1.81,50.94,3.9,47.3,13.23,0
73.1,5.71,1286.41,1.76,56.82,4.5,51.81,29.26,0
68.7,5.29,1531.25,2.21,44.54,3.86,53.84,37.31,0
68.06,4.54,1286.42,2.6,35.77,3.5,52.17,27.83,0
67.77,6.02,1241.72,3.42,61.51,4.16,63.35,34.34,0
78.85,4.25,1240.74,2.23,37.81,3.84,40.61,29.41,1
72.31,5.57,1654.26,2.39,60.92,4.06,46.23,11.45,0
76.33,5.7,1492.85,2.09,78.47,4.5,51.66,36.5,0
67.87,4.56,1480.59,1.88,53.41,3.66,45.82,50.06,0
75.91,5.08,1450.69,1.59,65.58,4.46,50.8,23.92,0
74.41,5.51,1136.5,1.98,56.61,4.41,46.75,29.85,0
67.08,5.76,1262.31,1.54,58.23,3.96,55.19,54.97,0
65.01,5.36,1238.85,2.58,56.61,4.0,45.51,46.16,0
63.27,5.17,1380.16,2.5,64.92,4.0,50.74,0.0,0
67.95,4.8,1187.8,2.4,56.44,4.52,40.21,18.82,0
58.32,5.58,1379.76,1.49,68.22,3.5,45.06,58.07,0
68.88,5.27,1450.05,1.57,41.78,3.6,42.72,47.18,1
61.04,5.62,1615.26,2.05,44.44,3.9,44.81,37.42,0
57.74,5.12,1397.11,3.84,52.71,4.25,35.34,51.29,0
57.65,5.12,1457.03,2.72,50.26,4.54,48.92,52.09,0
67.04,5.6,1565.87,2.58,56.79,3.75,54.71,0.0,0
80.84,5.45,1191.14,2.35,62.73,3.85,52.41,61.26,0
93.56,6.37,1592.14,1.91,59.98,3.69,44.96,42.44,0
89.46,5.01,1588.86,2.69,32.39,4.08,43.47,22.23,0
59.89,6.0,1697.05,2.29,57.28,3.83,51.83,34.82,1
70.17,5.7,1699.67,2.0,61.38,3.3,45.56,21.4,0
69.0,6.26,1276.48,3.32,64.65,3.21,55.5,39.46,0
54.95,4.17,1464.4,2.68,47.75,3.65,47.96,71.93,1
70.68,3.53,1397.94,2.01,53.55,4.32,39.62,34.84,0
71.49,5.73,1373.4,2.86,51.13,3.75,48.55,23.38,0
71.14,4.9,1553.91,1.36,49.21,3.55,53.84,4.38,0
70.88,4.99,1625.58,2.42,54.82,3.76,45.07,8.82,0
67.61,5.75,1416.74,1.61,51.73,4.02,41.83,5.97,0
67.79,4.53,1478.03,2.17,55.38,3.66,51.11,30.71,0
68.68,5.49,1415.74,2.41,57.38,4.24,40.33,25.5,0
83.16,5.06,1564.59,2.06,57.27,3.98,46.54,36.14,0
67.47,4.42,1046.19,2.6,46.45,4.08,39.39,29.56,0
64.42,4.53,1716.14,1.63,64.95,3.8,45.9,40.55,0
58.93,4.79,1280.68,2.27,59.76,3.98,38.09,27.81,0
75.24,5.2,1538.34,2.77,54.36,4.09,50.45,52.53,0
70.79,4.42,1350.66,2.03,35.74,3.85,53.42,22.38,0
66.86,4.41,1391.03,3.11,49.14,3.68,48.84,51.3,0
69.36,4.34,1278.05,2.35,45.62,3.5,49.81,44.48,0
67.47,5.98,1236.06,1.93,43.9,3.97,50.39,29.5,0
65.78,4.71,1571.43,2.08,53.93,4.26,43.49,29.12,0
78.49,5.43,1449.43,2.54,64.55,4.28,44.78,24.21,0
65.04,5.79,1463.47,2.74,48.33,3.77,39.17,50.71,0
66.28,5.1,1417.07,2.32,68.05,3.59,51.89,26.93,0
85.51,5.13,1188.69,2.18,47.55,3.61,48.36,54.03,0
70.98,4.57,1368.76,2.26,43.91,4.28,38.91,21.07,0
67.78,6.34,1780.01,1.98,51.22,3.81,50.59,52.73,0
73.87,5.91,1474.54,2.42,54.98,4.15,38.71,55.37,0
72.44,5.56,1616.23,4.02,50.87,4.08,48.88,49.24,1
68.37,4.65,1219.08,1.5,61.02,4.01,54.32,43.4,0
74.91,5.56,1487.65,0.86,53.0,4.42,51.08,12.52,0
78.97,5.48,1250.4,3.45,65.34,4.17,36.69,32.6,0
53.49,4.93,1391.55,2.55,57.68,3.67,45.7,40.33,0
62.85,4.88,1503.15,2.42,43.82,4.22,52.08,29.59,0
70.49,4.36,1477.42,2.9,63.65,4.41,44.96,22.2,0
68.4,5.0,1583.52,3.85,59.1,4.04,45.96,25.38,0
69.79,4.06,1152.62,1.83,59.55,3.57,48.47,37.25,0
70.36,4.45,1486.7,2.78,49.44,4.06,56.57,25.92,0
64.89,4.9,1600.68,2.59,60.2,3.52,47.63,18.78,0
83.28,5.81,1472.88,1.47,36.69,4.01,53.71,29.17,0
77.82,5.13,1295.35,1.62,57.85,4.29,52.17,16.26,0
78.16,6.5,1602.8,1.6,66.82,4.26,44.6,13.15,0
72.3,4.89,1499.27,2.74,50.07,4.49,35.76,25.42,0
54.42,5.71,1083.7,3.07,54.66,3.93,59.32,48.27,0
54.84,4.76,1193.56,3.78,54.28,4.76,47.34,27.9,0
67.58,5.95,1719.43,2.11,51.52,3.67,41.21,63.06,0
67.97,6.15,1304.21,2.22,43.85,3.67,48.84,17.9,0
76.79,4.39,1468.03,2.27,67.05,4.33,53.66,35.4,1
71.29,5.73,1316.27,1.88,63.9,4.46,48.91,37.45,0
46.79,4.89,1305.69,1.0,63.24,4.06,42.12,15.55,0
85.44,4.31,1514.95,1.29,52.24,3.32,52.81,58.29,0
73.1,4.45,1390.83,3.07,60.14,3.23,57.91,37.58,0
70.78,5.99,1589.52,2.07,59.81,3.81,47.66,55.59,0
67.59,5.58,1455.53,2.16,60.21,4.04,44.59,44.2,0
73.07,5.74,1547.53,2.01,46.98,3.9,56.12,46.57,0
68.59,6.59,1225.16,0.93,47.22,4.65,50.02,46.97,0
78.06,6.08,1261.2,3.01,43.11,3.9,49.24,45.26,0
69.11,3.57,1347.54,2.7,48.77,3.72,53.59,19.62,0
65.66,5.51,1897.75,2.44,49.32,3.95,48.0,30.11,0
65.09,6.59,1488.48,1.61,53.36,4.26,43.65,46.74,0
59.98,5.66,1644.63,3.59,45.13,4.03,62.84,38.4,1
73.42,5.36,1744.73,2.65,47.94,3.72,42.3,35.0,1
73.66,4.65,1558.04,2.84,70.38,3.71,51.26,15.62,0
82.48,4.78,1522.14,2.49,71.25,4.19,52.76,27.65,0
55.06,4.98,1565.31,2.43,54.02,4.03,43.76,27.17,0
70.62,6.71,1302.23,1.82,50.3,3.52,48.19,45.03,0
74.74,5.12,1671.44,2.54,44.77,4.07,43.73,28.96,0
68.32,4.22,1721.36,1.7,43.26,4.07,51.78,31.54,1
74.45,5.83,1989.58,1.26,66.85,3.86,48.4,40.39,0
74.46,4.99,1645.43,2.82,79.22,4.08,42.35,46.06,0
86.9,5.06,1879.56,3.68,68.18,4.15,42.06,17.13,0
68.39,4.5,1390.37,2.02,52.43,3.77,41.41,51.47,0
66.21,4.56,1597.22,2.92,80.74,4.59,58.82,58.39,0
74.33,4.85,1287.78,2.56,56.23,3.88,50.77,43.36,0
80.76,5.1,1281.47,3.55,61.51,3.77,52.55,75.15,1
64.87,5.96,1456.16,1.85,48.04,4.36,48.56,4.6,0
73.62,4.05,1350.09,2.29,52.88,4.13,46.84,24.21,0
69.19,5.31,1410.88,1.43,57.11,4.17,36.23,30.1,0
64.68,4.24,1516.19,2.24,69.53,4.19,43.0,30.01,0
73.07,5.48,1192.03,1.85,49.36,3.86,45.4,4.62,0
73.3,5.19,1577.97,1.63,61.62,3.76,53.51,23.09,0
69.65,5.24,1737.73,2.53,42.7,3.99,54.5,22.03,0
65.7,4.87,1663.1,2.31,56.8,4.22,39.35,27.19,0
78.57,5.05,1411.17,3.53,49.54,3.54,45.29,38.59,1
72.14,3.58,1029.96,1.97,62.39,4.14,47.0,54.35,0
68.84,5.88,1433.74,2.69,64.06,3.76,54.67,24.18,0
60.6,5.22,1462.14,1.76,47.91,4.01,40.46,23.12,0
68.95,4.5,1794.31,1.8,61.06,3.33,48.41,31.78,0
68.56,5.04,1397.13,3.16,40.16,3.39,45.5,26.83,0
64.25,5.81,1315.94,1.77,48.43,4.03,42.02,50.5,0
73.53,4.3,1751.14,1.85,64.5,3.66,42.65,26.84,0
58.87,5.49,1533.12,3.68,50.6,3.92,52.77,37.7,0
65.76,4.37,1298.75,2.79,58.43,4.35,44.52,34.06,1
73.6,5.19,1430.2,2.05,77.85,4.0,49.84,38.67,0
73.73,5.51,1362.19,1.53,40.43,4.32,48.98,27.03,0
67.34,5.74,1217.45,2.08,59.66,4.04,49.96,7.05,0
79.08,4.87,1395.0,2.11,55.95,4.04,42.78,47.0,0
77.39,5.24,1581.17,2.44,60.7,4.4,51.74,21.97,0
62.51,5.19,1562.44,2.45,56.63,4.65,53.03,29.6,0
72.41,5.3,1241.34,3.55,56.08,4.64,47.4,59.62,1
70.15,6.32,1429.32,2.26,70.45,4.31,39.82,39.07,0
75.94,4.99,1428.2,3.08,67.18,4.4,45.87,26.59,0
69.31,5.12,1339.6,1.82,63.39,3.47,51.5,22.18,0
63.7,3.98,1494.53,2.12,28.61,4.33,44.89,39.89,0
76.19,4.15,1379.41,1.81,41.54,4.09,41.26,18.19,0
71.54,6.35,1999.69,2.79,50.34,3.74,41.45,45.34,0
77.56,5.16,1556.61,1.77,49.32,4.42,42.98,33.49,0
71.02,6.23,1611.9,2.53,59.25,4.17,49.74,33.44,0
66.18,4.81,1668.23,1.09,48.54,4.03,47.02,36.36,0
67.47,4.8,1331.28,2.58,32.69,4.05,44.85,24.1,0
72.59,3.57,1525.06,2.29,48.44,3.87,50.18,33.29,0
81.13,4.57,1352.12,2.44,62.51,3.95,50.56,57.87,0
60.23,6.62,1804.29,2.09,53.57,4.25,55.81,49.44,1
79.83,5.58,1356.85,1.67,50.33,4.26,49.13,52.48,1
76.93,5.47,1649.26,2.41,48.16,4.75,49.81,0.0,0
66.71,5.69,1436.07,2.39,37.94,4.91,56.34,41.5,0
72.67,4.17,1291.03,2.18,53.53,3.65,55.41,34.88,0
70.51,5.37,1580.54,1.44,47.7,3.78,54.63,33.42,0
69.53,5.55,1263.94,2.56,63.06,4.17,52.42,20.74,0
85.96,4.56,1862.58,1.18,37.52,4.23,57.31,32.14,0
73.95,6.18,1556.08,2.01,58.36,3.77,48.23,51.17,0
74.92,5.44,1642.14,2.84,53.69,4.07,48.62,29.35,0
81.5,5.05,1553.1,2.87,50.6,4.13,45.28,4.33,0
65.49,4.1,1559.63,2.0,84.65,4.34,53.62,32.44,0
74.92,6.0,1609.77,2.09,54.54,4.07,36.67,37.27,0
69.99,6.37,1325.17,0.7,45.78,3.55,50.19,18.52,0
71.5,6.06,1480.53,1.33,52.96,4.2,38.43,27.65,0
78.54,4.64,1385.82,2.4,61.97,3.64,59.5,39.22,0
68.97,5.2,1436.98,1.54,49.46,4.19,44.85,53.21,0
69.17,5.36,1420.54,2.88,48.52,4.36,49.49,25.71,0
63.41,5.09,1242.05,3.16,67.94,3.81,55.4,43.62,0
74.3,5.94,1296.64,1.05,49.09,3.88,42.2,38.11,0
83.6,4.94,1451.85,2.84,58.09,4.19,52.86,20.39,0
80.19,5.65,1174.67,1.96,34.71,3.8,53.35,10.96,0
71.85,5.17,1396.5,2.04,40.03,4.17,40.76,45.32,0
71.94,5.56,1497.83,3.33,66.11,3.74,52.54,8.44,0
65.78,4.81,1390.23,2.18,74.82,3.45,42.03,64.32,0
60.56,5.02,1548.44,3.61,49.77,3.25,64.23,13.73,0
61.25,5.06,1265.25,2.24,50.33,4.03,47.59,28.21,0
71.1,5.34,1528.22,2.57,59.0,3.73,52.37,55.94,0
60.57,5.79,1412.69,3.65,69.78,3.72,43.13,18.79,0
74.45,5.42,1606.16,1.55,60.51,3.55,58.32,45.18,1
70.41,5.9,1096.61,2.17,65.63,3.45,60.74,29.67,0
83.3,5.45,1546.56,2.67,43.02,3.65,51.05,31.16,0
89.93,4.26,1740.61,2.41,70.69,3.75,50.72,45.03,0
63.66,5.68,1437.74,3.52,55.56,4.14,45.91,54.74,0
68.52,5.06,1520.96,2.95,59.54,3.65,46.4,18.73,0
75.52,5.97,1374.16,2.55,63.18,4.44,48.46,39.67,0
74.07,5.75,1263.85,1.77,69.27,4.19,49.97,39.64,0
68.11,5.06,1149.66,2.13,67.41,4.63,48.98,0.74,1
81.96,5.54,1377.95,2.99,45.65,4.54,51.85,20.41,0
68.07,5.32,1266.39,0.87,52.8,4.08,62.88,35.65,1
59.03,4.7,1274.91,2.05,63.64,3.01,48.15,45.97,0
81.07,4.63,1393.94,3.83,54.22,3.68,55.92,28.25,0
80.48,4.37,1339.01,2.05,59.97,4.17,45.78,31.77,0
74.41,4.73,1175.16,1.27,43.33,4.0,53.16,19.62,0
61.14,6.03,1308.54,2.87,62.8,4.1,58.81,24.78,0
70.79,4.18,1441.46,1.85,51.09,3.65,46.1,36.6,1
78.22,5.85,1468.65,2.63,68.04,4.15,52.43,32.98,0
73.37,5.1,1550.53,2.36,60.13,3.84,43.67,35.36,0
66.26,5.33,1436.51,2.25,56.11,4.03,49.21,16.71,0
70.23,5.48,1345.49,2.21,40.0,3.79,36.26,48.74,0
79.77,5.79,1281.91,3.29,70.01,3.75,47.22,65.97,0
68.12,6.52,1334.94,2.2,54.87,3.88,49.92,49.33,0
66.7,5.26,1475.97,2.28,55.9,3.97,41.6,16.28,0
62.17,4.8,1763.08,2.46,64.82,5.2,47.01,14.05,0
74.96,5.48,1783.77,2.14,48.54,3.71,49.02,21.07,0
86.19,4.72,1566.23,2.68,58.7,4.69,47.04,42.5,0
73.26,4.03,1585.4,3.41,48.31,3.87,53.66,9.24,0
71.34,5.78,1309.19,2.28,65.5,3.7,44.86,45.32,0
73.33,5.45,1146.57,2.44,42.84,4.03,37.83,44.11,1
74.23,5.12,1563.61,2.59,60.58,4.34,36.42,51.38,0
75.58,3.91,1168.73,2.52,53.04,3.56,45.49,27.91,0
73.13,4.78,1388.23,2.45,43.96,4.16,46.78,51.84,0
73.36,4.18,1339.42,2.09,56.09,3.46,56.35,33.33,0
72.47,5.41,1851.22,3.29,51.14,3.52,57.76,51.87,1
77.78,5.63,1149.16,2.8,28.13,3.38,53.29,21.43,0
62.81,4.3,1509.37,3.46,55.67,3.99,60.3,47.51,0
75.35,5.6,1340.61,2.46,50.97,3.84,40.65,12.12,1
62.4,5.07,1468.13,2.78,54.79,4.23,48.89,31.19,0
79.94,5.05,1686.21,1.71,31.33,4.28,48.68,44.45,0
72.97,6.43,1336.38,2.3,54.18,4.31,59.77,23.48,0
64.49,6.29,1700.46,2.85,60.38,4.46,54.18,11.76,0
73.62,4.63,1258.38,2.62,57.82,4.19,48.2,28.32,0
70.06,5.35,1651.3,2.27,52.86,4.17,44.25,29.75,0
63.98,5.03,1250.89,2.62,55.55,4.16,43.23,15.13,0
70.97,5.56,1685.91,2.6,45.75,3.47,44.87,9.06,0
78.51,5.83,1483.4,3.01,64.76,3.7,47.33,41.04,0
70.19,4.98,1626.33,1.86,28.94,4.45,55.91,38.56,0
74.76,5.17,1257.33,2.9,69.21,4.18,55.08,44.3,0
59.84,4.86,1532.02,1.59,70.91,4.25,47.75,53.81,0
75.45,4.83,1228.15,1.72,54.0,4.27,36.15,46.63,0
78.28,5.86,1498.18,1.18,70.91,3.97,46.33,2.8,0
66.9,4.49,1213.0,2.51,54.92,4.73,51.19,42.13,0
62.92,4.34,1239.59,2.91,60.21,3.79,50.04,67.6,0
74.24,5.38,1442.08,2.6,58.73,4.13,46.21,37.36,0
71.38,4.47,1698.08,3.24,51.86,3.46,54.32,55.09,0
72.91,5.81,1379.48,2.07,81.45,3.85,56.72,43.7,0
85.36,6.57,1542.15,2.17,54.26,4.42,48.85,43.21,0
66.07,3.79,1441.99,3.45,56.32,4.16,45.23,55.05,0
81.24,3.68,1412.64,1.61,66.64,3.8,33.35,65.49,1
69.1,3.95,1383.81,1.26,63.68,4.03,44.11,11.08,0
83.83,4.9,1806.96,1.79,59.74,3.61,50.23,6.13,0
80.97,6.25,1490.89,2.05,41.12,4.09,58.99,22.63,1
78.72,4.87,1421.43,3.36,44.1,3.82,50.67,35.95,0
73.06,4.12,1341.74,3.22,64.41,4.2,48.26,58.79,0
70.52,6.25,1255.73,1.79,75.41,3.63,43.49,33.22,0
79.91,4.98,1346.89,2.68,45.29,3.45,44.64,48.33,1
65.09,4.76,1636.97,1.82,58.02,4.23,37.64,50.24,0
86.42,5.41,1168.54,2.11,63.8,4.03,42.6,28.24,1
67.99,6.31,1419.57,2.97,45.51,4.57,47.26,25.5,0
62.92,4.61,1445.44,2.51,57.03,4.03,43.95,34.83,1
67.19,6.29,1438.4,1.97,61.62,3.88,55.45,32.91,0
75.07,5.84,1520.29,3.0,38.66,4.3,62.29,6.48,0
75.44,5.22,1652.95,2.61,55.27,3.85,40.65,59.38,0
69.96,4.39,1638.64,2.6,71.33,3.59,51.59,5.97,0
76.48,4.8,1496.58,3.14,49.09,4.05,44.5,40.08,0
72.74,5.24,1211.69,3.33,49.85,3.45,51.94,12.13,1
68.13,4.28,1458.77,2.79,43.5,3.99,44.81,32.33,1
61.35,5.97,1754.29,2.74,61.98,4.35,52.56,0.0,0
77.8,4.84,1316.65,1.39,54.07,3.34,58.23,31.61,0
69.59,5.59,1769.14,1.57,48.67,3.74,51.77,56.93,0
72.13,5.6,1573.3,2.85,64.11,3.71,41.03,33.46,0
78.72,5.04,1495.92,1.85,56.45,3.77,45.02,6.79,0
53.22,5.38,1558.64,1.81,60.54,4.72,52.88,32.32,0
78.26,4.3,1319.98,2.47,38.77,4.02,43.39,55.66,0
68.8,6.44,1426.11,2.72,63.27,4.38,56.74,27.03,0
71.07,4.45,1221.24,2.8,54.97,4.13,52.58,10.48,1
71.27,5.95,1300.36,2.08,51.07,3.98,56.64,34.53,1
68.02,5.15,1177.76,1.97,57.04,4.07,46.0,43.35,0
73.44,6.39,1343.85,0.5,65.16,4.1,42.07,52.79,0
72.15,5.19,1393.05,3.35,66.18,4.1,45.83,22.8,0
60.32,5.87,1678.71,3.29,50.18,4.1,35.92,13.17,1
75.18,4.96,1646.05,1.65,44.76,4.38,51.38,32.1,0
62.4,5.59,1253.35,2.71,67.45,4.17,49.4,38.55,0
81.85,4.63,1442.2,1.39,48.79,4.13,33.56,52.86,0
70.42,5.37,1575.15,2.53,44.48,4.62,44.31,40.76,0
80.19,5.74,1194.65,2.9,65.77,3.39,48.75,38.01,0
69.12,4.15,1349.69,2.15,57.74,4.09,43.33,75.28,0
74.05,6.26,1191.83,2.25,61.84,4.78,58.61,11.9,0
62.02,4.59,1236.92,1.36,66.13,3.59,54.43,19.59,1
71.84,4.96,1445.86,2.37,49.19,4.26,35.98,36.21,0
81.22,4.6,1295.72,2.53,57.76,3.61,44.59,20.26,0
72.62,5.46,1417.63,3.79,45.01,3.88,47.53,33.45,0
82.39,4.2,1663.37,1.71,41.55,4.22,54.16,42.06,0
67.46,5.56,1494.44,2.28,53.71,3.27,47.85,47.09,1
58.83,4.77,1287.68,1.77,51.57,4.42,53.11,27.09,0
79.63,6.44,1960.37,1.39,63.82,4.25,44.91,32.41,0
77.25,5.26,1583.68,2.38,54.13,4.19,48.38,27.31,0
82.5,5.02,1580.7,2.47,52.77,3.7,55.17,35.79,0
75.42,6.02,1366.64,2.6,55.76,4.45,55.23,38.83,0
62.54,5.55,1323.62,2.09,62.36,3.48,51.31,49.61,0
75.02,5.45,1446.9,2.38,45.22,3.83,38.7,19.8,0
69.03,5.17,1428.98,1.53,50.7,3.72,45.84,39.54,0
73.27,4.63,1634.68,2.23,62.15,4.4,41.64,66.9,0
80.05,4.68,1601.93,0.85,59.92,4.48,44.96,65.87,0
63.82,4.35,1597.48,2.07,41.2,3.71,47.75,41.78,0
89.81,5.11,1431.69,2.88,48.54,4.49,49.83,20.96,0
70.03,5.07,1341.29,2.17,43.25,3.48,58.61,37.83,0
73.33,5.14,1588.99,3.76,55.15,3.8,47.76,18.52,0
78.75,5.69,1495.68,2.47,73.44,4.51,36.35,11.62,0
63.57,5.87,1360.3,2.58,55.45,4.87,51.53,20.12,0
67.68,5.75,1180.53,1.58,46.32,4.26,42.73,40.09,0
75.53,5.56,1526.17,2.68,52.55,3.98,46.98,23.69,0
70.07,5.03,1466.22,1.69,46.74,3.82,55.49,15.69,0
71.82,5.47,1243.94,2.82,23.93,4.12,50.84,45.57,0
77.8,3.91,1231.19,2.3,55.92,3.96,39.43,41.26,1
68.79,5.37,1530.95,2.73,47.43,3.31,55.02,21.73,0
71.87,4.54,1427.14,3.04,33.74,3.53,53.67,30.32,0
62.2,5.42,1360.7,2.05,61.89,4.72,38.83,51.71,0
74.28,4.71,1172.5,2.05,72.16,4.45,55.45,45.53,0
57.58,5.64,1658.93,1.74,50.02,3.91,47.8,32.01,0
74.2,5.5,1882.34,1.86,45.59,4.9,36.28,10.85,0
70.6,5.61,1256.53,2.94,50.88,3.7,49.07,8.04,0
60.57,6.1,1438.63,2.4,56.86,3.92,48.98,60.89,0
70.21,4.63,1377.5,2.26,35.69,4.06,45.72,37.88,0
69.29,5.08,1457.79,2.48,59.02,3.9,48.84,39.71,0
74.5,4.57,1773.27,1.94,52.7,3.79,50.39,68.36,0
80.41,4.94,1559.69,3.27,53.63,4.42,49.81,5.06,0
69.16,4.15,1383.78,3.15,55.85,4.16,54.1,43.16,0
71.61,5.6,973.56,3.33,37.91,4.37,43.47,33.9,0
73.78,5.28,1331.37,1.92,61.69,3.82,44.77,14.98,0
73.09,5.2,1449.89,2.25,48.09,3.93,52.35,9.71,0
69.0,4.98,1376.65,2.8,65.57,4.65,58.38,42.54,0
74.17,5.65,1682.27,2.88,53.72,4.31,39.85,33.49,0
73.32,5.71,1565.92,3.58,57.31,3.13,36.64,41.64,0
71.14,5.55,1199.63,3.05,65.06,3.61,58.86,51.82,1
81.95,5.33,1510.35,1.21,54.99,3.72,47.97,50.05,1
84.77,6.55,1637.3,2.23,57.38,4.52,51.41,37.64,0
80.24,4.6,1644.81,1.54,41.19,4.07,45.17,36.71,0
64.15,4.19,1521.0,1.04,54.67,3.62,36.37,17.77,1
64.4,5.47,1202.93,2.87,53.15,3.86,37.44,50.19,0
67.29,4.63,1493.09,3.12,68.98,4.44,56.13,30.64,0
54.64,5.1,1531.64,3.62,59.77,3.78,53.46,49.13,0
67.65,4.24,1496.98,2.58,47.79,4.46,42.37,16.99,0
71.29,5.04,1551.05,3.15,36.86,3.49,49.91,40.15,0
73.36,5.0,1375.0,1.75,69.33,4.45,42.71,47.78,0
67.32,5.32,1590.69,1.2,50.52,3.75,39.32,12.02,0
70.0,5.12,951.47,2.91,65.44,4.28,51.55,53.4,0
61.05,4.9,1281.49,2.44,61.58,3.6,57.67,35.85,0
76.07,4.78,1184.39,2.63,73.81,3.88,55.0,18.01,0
76.94,4.62,1606.93,1.73,56.57,3.74,42.27,68.63,0
75.82,6.16,1542.76,3.35,40.76,4.07,45.84,55.39,0
84.15,5.22,1370.43,2.14,51.72,3.87,59.29,0.0,0
78.89,4.76,1734.28,2.86,63.29,4.0,53.24,25.44,1
71.48,4.34,1481.58,2.41,42.87,3.49,53.8,12.32,0
75.1,4.06,1703.29,2.16,62.99,4.04,55.64,35.41,0
75.01,3.74,1605.02,1.86,61.08,4.53,44.87,32.74,0
66.56,5.89,1472.18,2.14,52.18,4.21,54.01,29.73,0
73.01,4.96,1485.06,2.02,28.99,4.17,43.33,64.53,0
72.05,4.34,1304.4,1.61,35.2,3.74,45.98,49.52,0
83.91,4.48,1318.57,2.59,76.69,3.58,55.21,41.65,0
70.72,5.28,1370.43,2.73,40.25,3.38,47.33,23.34,0
74.79,5.37,1360.05,1.61,48.35,4.05,52.99,35.87,1
67.28,5.4,1276.38,3.53,63.28,3.88,48.51,30.35,0
68.17,4.94,1491.57,2.38,52.38,4.24,45.63,29.11,0
76.9,5.25,1618.02,2.33,57.91,4.04,40.25,51.18,0
69.59,5.47,1519.71,1.89,48.02,4.48,58.12,37.33,0
73.02,5.52,1651.12,2.66,59.8,4.15,58.41,32.5,0
78.57,5.56,1173.28,1.4,54.94,3.77,50.5,16.51,0
65.39,5.3,1438.7,1.3,63.33,4.03,46.08,26.45,0
79.58,5.07,1311.56,1.57,45.54,3.98,39.01,31.99,1
82.68,4.87,1184.12,2.68,59.46,3.99,51.01,31.16,0
63.79,4.18,1409.39,1.77,49.59,4.01,47.18,29.03,0
71.42,3.79,1614.91,3.87,55.06,4.01,39.32,34.38,1
68.86,4.65,1359.5,1.29,59.74,3.94,52.45,55.32,1
76.05,3.9,1390.49,2.37,81.87,4.36,43.92,14.75,0
81.21,4.95,1399.67,2.26,60.99,3.65,43.24,31.79,0
79.35,5.34,1633.12,2.36,45.04,3.57,58.96,32.52,0
66.42,3.43,1542.21,3.44,31.93,4.32,42.64,30.97,1
73.97,5.34,1531.7,1.64,55.9,4.55,47.12,56.84,1
66.93,4.76,1244.04,1.63,46.13,4.32,40.94,23.13,0
69.7,4.48,1294.63,2.64,49.4,3.27,44.47,22.32,1
84.82,4.18,1173.59,2.47,64.51,3.37,48.71,44.06,0
69.02,5.97,1394.68,2.14,50.7,3.81,52.48,32.94,0
69.29,5.39,1394.62,2.2,62.9,4.28,57.07,3.59,0
74.68,5.49,1278.39,2.52,70.52,3.7,44.34,12.44,0
76.61,6.37,1314.78,3.73,45.33,4.04,36.79,25.51,1
56.42,5.79,1553.96,3.02,52.58,4.2,46.67,40.72,0
65.9,5.39,1659.52,2.26,40.78,4.25,47.79,35.23,0
71.49,4.12,1358.28,3.9,51.86,4.38,41.42,6.19,1
83.81,4.79,1422.38,3.16,59.8,4.03,39.97,35.32,0
62.65,4.96,1451.46,3.03,37.43,4.01,41.49,44.9,1
74.51,5.33,1389.97,1.56,44.0,3.96,45.48,39.59,0
53.78,5.17,1289.02,4.09,48.97,3.48,43.94,25.04,0
76.9,4.72,1278.86,1.96,48.34,4.25,60.65,36.47,0
68.12,4.82,1313.93,1.98,50.28,4.18,49.48,26.34,0
61.98,5.55,1223.17,3.36,56.52,3.74,54.78,20.94,0
70.16,4.6,1380.8,2.28,45.17,3.73,45.91,24.53,0
76.06,5.6,1434.5,2.26,63.06,4.27,52.27,52.54,0
70.5,5.73,1396.92,1.97,51.36,4.08,49.99,21.22,0
60.26,5.3,1111.06,2.77,60.61,4.23,43.14,47.46,0
64.87,4.43,1824.62,1.84,51.03,3.39,65.14,61.51,1
67.5,5.88,1534.07,2.43,48.99,4.63,48.82,24.52,0
68.08,4.1,1533.02,2.37,60.85,4.2,44.97,36.22,0
69.49,5.87,1387.73,1.7,32.39,3.79,38.33,52.97,1
66.53,5.43,1120.53,2.81,56.32,3.36,50.34,73.83,0
83.9,6.45,1663.95,1.86,55.46,3.92,47.29,24.49,0
80.92,5.97,1413.78,2.54,48.21,4.04,37.78,33.93,0
79.24,4.79,1799.55,2.27,48.41,4.25,49.4,48.7,0
67.52,5.8,1312.86,2.2,48.88,3.71,36.88,20.78,0
74.55,4.88,1452.48,1.79,74.34,4.07,45.08,37.18,0
80.33,4.9,1406.1,1.43,74.28,4.17,59.42,57.64,1
81.87,4.93,1516.39,1.66,69.2,3.82,41.82,35.51,1
81.69,4.88,1559.03,2.51,26.29,4.35,45.66,16.79,0
66.31,5.8,1160.78,2.77,45.32,3.42,49.45,35.96,0
64.92,4.65,1182.07,2.13,37.7,3.78,58.66,48.95,0
66.05,5.18,1454.4,2.3,72.64,3.92,41.93,30.65,0
87.12,4.91,1356.29,4.0,51.67,4.16,40.62,41.69,0
73.05,5.81,1330.02,2.03,56.99,4.54,55.03,52.67,0
66.72,4.74,1236.26,2.25,63.12,3.92,46.29,15.94,0
63.34,5.36,1793.19,3.28,70.5,4.32,42.76,0.0,0
67.98,4.13,1361.99,2.57,65.04,4.41,48.62,12.73,1
70.04,4.97,1420.86,3.39,54.12,4.22,50.57,45.86,0
58.11,5.65,1451.81,3.76,46.3,3.87,43.99,29.92,0
60.56,4.72,1838.25,2.24,57.63,3.9,49.2,34.93,0
69.26,4.26,1612.08,2.54,75.42,4.57,50.45,23.98,0
68.11,5.21,1644.26,2.51,69.56,4.43,36.84,45.07,0
67.05,4.35,1396.58,1.99,45.59,3.79,48.76,28.95,0
57.19,6.19,1100.05,2.09,36.29,4.03,30.0,27.76,0
56.37,4.76,1737.43,1.9,43.07,3.88,49.34,27.78,0
73.03,4.52,1040.34,1.64,72.95,3.82,47.09,20.59,0
71.83,4.99,1335.08,2.22,51.62,4.02,44.0,40.03,0
76.79,3.79,1559.14,2.26,53.55,4.24,47.97,55.5,0
63.15,4.5,1632.68,2.75,66.78,4.22,52.52,41.1,0
75.52,5.92,1524.62,2.12,43.54,4.29,53.91,41.17,0
67.66,5.44,1545.61,2.8,71.78,3.99,39.65,0.0,0
64.62,4.57,1316.04,2.27,52.63,4.23,50.27,28.87,0
57.4,5.11,1227.41,2.12,75.93,4.02,52.63,37.01,0
78.94,4.4,1349.61,2.82,49.72,4.3,52.6,46.87,0
79.63,5.64,1158.56,2.53,35.46,4.09,62.14,25.11,0
74.11,5.5,1674.55,2.83,51.79,3.42,44.18,24.75,1
62.13,5.51,1335.08,1.63,44.28,3.96,52.21,50.47,0
73.06,5.16,1542.92,2.61,61.77,3.63,62.13,17.63,0
75.76,4.3,1808.63,2.94,88.0,4.16,57.1,24.02,0
67.79,5.36,1477.75,2.6,38.25,4.69,43.43,21.99,0
76.03,5.12,1810.49,3.49,66.42,4.32,44.4,11.56,1
78.64,5.1,1671.86,2.54,57.83,3.65,47.91,40.23,0
74.14,5.94,1632.18,1.91,66.43,3.79,53.9,31.94,0
74.11,5.04,1701.62,2.2,73.97,3.75,48.93,31.76,0
81.78,5.98,1286.73,2.48,60.09,4.5,45.48,54.93,0
76.73,4.51,1584.51,2.41,64.27,4.23,57.05,37.78,0
78.18,5.71,1667.99,1.67,50.39,3.68,51.7,28.19,0
67.94,5.16,1705.84,1.93,61.74,4.38,48.63,27.8,0
72.62,4.9,1356.89,2.53,73.76,3.59,48.73,29.1,0
71.32,4.83,1343.85,2.42,60.43,3.18,43.39,50.13,0
77.67,3.73,1421.72,1.72,52.0,3.83,40.44,36.31,0
68.67,6.55,1268.22,2.49,65.51,4.09,51.23,57.9,0
65.22,4.89,1283.81,2.49,39.13,3.98,48.78,69.15,0
69.22,5.69,1283.67,2.6,50.98,3.48,42.35,35.78,0
65.67,4.8,1613.69,3.0,46.27,4.13,45.22,31.49,0
87.33,3.93,1294.62,2.48,72.64,3.86,49.58,58.62,0
64.42,5.43,1705.68,1.81,36.15,3.53,42.88,42.76,1
89.53,3.49,1588.18,2.33,73.7,4.16,48.8,30.8,0
76.92,5.14,1535.08,1.01,60.27,3.87,56.01,20.21,0
77.34,5.89,1525.69,2.13,71.23,3.79,51.54,58.88,0
65.8,5.07,1570.54,2.11,75.92,3.37,39.05,44.32,0
79.03,4.98,1269.29,3.2,45.3,3.52,42.3,13.19,0
75.33,4.51,1318.94,2.7,63.61,4.06,47.01,9.66,0
71.23,4.7,1660.76,0.95,50.62,4.84,46.14,52.86,0
78.18,4.9,2000.0,1.94,80.45,3.99,48.64,26.79,1
78.04,4.83,1616.65,1.67,52.49,3.45,46.52,45.11,1
66.31,5.7,1391.8,2.56,53.79,4.08,53.57,25.63,0
58.29,5.09,1478.83,2.1,47.28,3.86,40.04,41.95,1
52.61,4.82,1397.02,2.0,61.0,4.18,57.68,16.01,0
75.72,5.08,1643.91,4.69,57.01,4.29,52.52,21.77,1
67.41,5.68,1349.18,2.15,57.28,4.44,55.71,24.39,0
67.32,4.82,1614.1,1.57,64.48,3.77,52.25,45.96,0
78.03,5.88,1423.07,1.82,59.78,3.84,41.85,49.27,0
72.41,5.07,1343.85,2.65,49.29,4.01,55.68,49.61,0
65.03,4.51,1577.06,1.74,35.53,4.27,51.17,40.4,0
65.08,5.31,1704.32,2.42,52.92,4.39,55.96,16.84,0
48.62,4.86,1560.44,2.6,54.61,4.07,44.82,25.23,0
77.14,5.17,1299.92,2.6,57.95,3.74,54.0,12.45,0
72.22,5.46,1433.44,3.56,52.91,4.0,47.97,20.4,0
76.52,4.89,1485.02,2.13,67.03,4.27,35.82,49.41,0
67.97,4.28,1386.53,1.93,40.62,4.53,45.38,11.53,0
73.64,5.74,1430.94,1.79,55.29,3.56,48.78,45.91,0
79.31,5.55,1494.4,2.34,51.01,3.73,44.75,39.49,0
67.19,4.36,1412.09,2.5,27.39,4.32,34.25,49.77,0
77.56,5.56,1648.01,3.16,63.8,3.42,48.66,19.02,0
68.24,5.0,1206.66,3.35,66.63,4.31,47.19,45.51,1
65.89,4.95,1533.52,2.94,59.46,4.01,36.88,34.72,0
75.66,4.98,1525.44,2.81,56.54,3.81,58.22,27.08,0
72.27,7.19,1498.63,2.08,55.32,3.86,43.47,38.39,0
77.94,5.78,1048.93,3.87,43.34,3.62,51.88,41.22,0
69.67,5.05,1064.9,3.16,56.17,3.51,43.35,15.8,1
72.02,4.36,1454.48,2.46,53.75,4.15,46.77,18.9,0
72.61,6.38,1513.96,2.32,71.42,3.69,52.32,22.38,0
71.95,5.54,1350.06,3.24,71.61,4.17,48.52,65.1,0
64.39,5.64,1232.41,2.38,59.01,3.95,36.44,41.74,0
74.17,6.54,1212.4,2.1,58.54,3.87,46.73,31.34,1
65.18,4.12,1560.57,2.51,52.06,4.32,48.02,42.01,1
72.33,6.03,1809.86,3.66,36.97,4.07,44.1,39.37,1
62.36,4.5,1081.52,2.52,50.03,4.8,41.54,64.42,0
82.45,5.65,1627.26,1.79,52.76,3.62,54.7,66.1,1
73.89,5.72,1234.97,2.18,46.55,3.95,43.54,75.66,0
64.31,6.02,1380.28,2.47,51.42,4.06,54.35,49.19,0
75.01,3.79,1669.88,3.07,54.9,3.7,44.43,29.18,1
74.22,4.42,1155.48,2.48,50.41,3.55,44.95,20.92,1
67.96,5.45,1274.44,2.41,49.13,3.81,45.68,58.55,0
60.18,5.03,1361.12,1.04,58.08,3.69,56.08,35.41,0
66.04,4.31,1713.11,2.72,47.01,3.69,43.68,33.76,0
69.52,6.74,1570.68,2.75,73.37,3.86,53.47,4.91,0
65.8,5.38,1251.4,2.79,49.32,4.68,59.47,33.78,0
67.2,4.79,1212.33,2.37,37.88,4.24,47.91,18.19,0
72.7,4.53,1390.99,2.5,65.48,4.55,44.11,28.27,1
69.85,5.37,1420.06,3.4,41.2,3.7,46.97,42.58,0
70.21,6.0,1569.82,2.37,57.47,4.32,45.69,54.15,0
67.74,5.42,1130.02,2.07,59.29,3.86,35.76,21.04,0
86.04,5.61,1675.7,2.73,51.48,3.96,52.82,53.39,0
69.62,4.69,1324.17,2.33,65.41,3.99,41.23,42.56,0
66.71,4.81,1663.88,1.52,43.07,3.71,42.96,48.61,0
74.01,5.19,1244.79,1.7,55.72,4.29,47.87,0.0,0
73.75,4.13,1352.91,1.52,55.31,4.41,47.54,17.1,0
69.66,5.45,1406.2,1.22,59.04,4.23,37.31,18.95,0
77.55,5.04,1413.96,3.84,45.49,3.73,45.85,53.38,1
81.75,4.55,1226.36,1.82,67.51,3.89,41.57,25.03,0
58.63,5.08,1702.79,2.64,47.06,3.3,46.88,19.81,0
71.8,5.17,1712.7,2.0,59.82,4.14,47.92,54.81,0
74.6,6.6,1438.42,1.81,48.66,3.77,52.9,33.32,0
73.14,6.21,1356.62,1.84,49.57,4.03,39.54,13.15,0
82.04,4.83,1574.21,2.31,46.68,4.0,45.39,36.0,0
61.85,5.13,1498.94,2.8,58.61,3.99,53.32,12.71,0
84.62,4.99,1308.96,3.09,46.57,3.47,47.42,28.4,0
66.79,6.25,1540.19,2.38,52.69,4.17,44.77,34.84,0
60.71,4.15,1398.33,3.37,59.87,3.85,34.44,31.9,0
78.22,5.46,1384.48,3.08,59.19,3.33,38.07,52.1,0
67.09,5.42,1426.66,2.7,64.46,3.33,51.32,54.97,0
70.91,5.34,1636.89,2.42,53.79,3.65,45.34,47.02,1
68.6,4.92,1153.69,2.83,53.51,4.27,36.15,18.06,0
78.98,4.88,1458.64,1.32,51.67,4.11,35.99,44.32,0
74.32,4.25,1278.77,2.5,58.18,4.11,50.94,36.84,1
72.33,4.44,1489.23,1.96,62.16,4.1,49.33,28.44,0
79.4,5.24,1357.67,2.74,69.19,4.2,51.57,48.0,0
73.22,5.17,1271.72,2.65,57.94,3.61,50.31,49.31,0
73.13,6.37,1088.6,2.4,61.52,3.83,52.95,38.23,0
78.35,5.51,1439.48,3.34,55.37,4.86,55.14,45.06,0
84.0,5.95,1240.59,2.19,65.04,3.67,42.84,16.18,0
73.25,4.72,1099.18,2.62,49.44,3.91,51.65,56.58,0
68.5,5.3,1051.34,2.12,55.06,4.07,48.64,30.17,0
72.35,5.75,1279.67,3.53,71.3,3.88,42.15,26.83,0
71.59,6.32,1571.43,1.69,50.82,4.7,52.32,13.64,0
65.98,5.58,1541.22,2.54,51.99,4.27,44.88,48.8,0
73.05,4.43,1504.24,2.08,62.92,4.11,45.69,52.72,0
71.38,5.19,1506.24,3.29,59.95,4.04,49.54,43.24,0
67.65,5.5,1396.05,2.49,55.27,4.12,44.97,0.0,0
68.51,7.25,1586.66,2.47,66.41,3.6,36.35,60.74,1
78.9,6.18,1567.3,3.02,58.35,4.38,49.69,37.7,0
70.88,4.11,1065.91,3.49,44.53,4.01,40.57,45.54,1
74.31,4.94,1452.08,1.99,35.38,4.04,55.45,53.19,0
77.38,6.38,1505.19,3.17,41.79,3.46,48.93,25.23,0
75.98,5.31,1765.67,2.35,57.84,4.83,52.02,44.17,0
64.69,6.13,1590.39,0.97,65.61,4.14,42.45,41.45,0
57.38,4.58,1345.74,2.33,41.14,3.32,51.32,39.15,0
84.23,5.21,1373.45,2.46,53.94,3.74,47.42,44.87,0
73.89,5.04,1318.38,2.29,50.42,4.08,52.65,20.44,1
67.95,6.12,1661.72,3.12,61.13,3.52,52.4,30.01,0
71.03,4.75,1320.24,2.94,40.22,4.07,42.57,47.99,0
86.2,4.79,1616.29,3.22,73.21,4.53,49.94,46.52,0
74.46,3.74,1960.78,2.25,71.49,4.16,55.49,5.77,0
77.47,4.85,1457.96,1.43,44.35,4.43,49.73,23.01,0
78.13,6.07,1333.32,2.12,67.58,3.69,45.29,21.21,0
72.01,5.44,1125.77,1.47,49.21,3.93,43.19,78.45,0
63.53,5.11,1311.18,2.21,53.18,3.77,58.82,49.31,0
74.76,5.69,1751.39,2.42,52.76,3.77,47.73,37.16,0
57.32,5.97,1646.57,2.54,60.28,4.86,51.57,31.95,1
76.73,5.45,1547.01,2.46,58.41,3.93,53.68,22.77,0
79.73,5.56,1497.89,2.13,63.65,4.3,53.96,63.08,0
72.17,6.14,1157.72,2.07,55.73,3.98,52.52,69.63,0
76.88,4.83,1479.9,3.35,60.54,4.24,39.65,49.01,0
67.37,3.92,1390.74,2.14,64.03,3.87,53.93,53.38,0
61.82,6.15,1415.51,3.18,67.99,4.43,49.11,5.53,0
65.86,5.45,1354.88,2.43,63.92,3.68,49.34,28.03,0
75.22,4.58,1087.8,2.5,54.77,4.64,51.28,13.99,0
75.57,5.52,1702.24,2.2,56.07,3.26,49.4,9.59,0
65.27,5.24,1460.4,2.68,74.43,4.11,53.23,41.89,0
60.09,4.71,1590.44,2.48,79.51,3.82,56.82,44.78,0
77.54,4.49,1524.56,3.15,51.8,3.81,61.66,29.73,0
76.09,5.65,1423.4,1.87,53.76,3.84,55.91,47.15,0
60.92,5.56,1343.96,3.09,76.3,4.45,42.43,35.41,1
68.03,5.35,1459.65,2.43,48.83,4.09,47.76,32.28,0
77.86,5.17,1516.52,1.48,64.99,3.52,45.53,39.28,0
68.35,4.39,1432.92,1.55,56.5,4.11,40.78,36.94,0
62.32,5.38,1538.07,2.78,66.77,4.18,42.02,21.22,0
69.47,5.49,1365.87,2.87,61.38,3.99,56.38,0.0,0
70.5,3.93,1579.83,2.47,63.65,3.99,51.42,27.21,0
85.61,5.37,1391.45,3.45,73.88,3.33,46.58,24.72,0
60.08,4.44,1672.73,2.49,46.44,4.12,56.83,39.41,0
80.65,4.31,1297.1,1.75,64.53,3.81,51.39,37.12,0
74.2,5.65,1097.53,1.89,44.23,4.54,47.39,50.65,0
68.86,5.05,1494.63,2.87,52.66,4.2,44.64,26.7,0
76.83,4.68,1619.55,1.78,64.79,4.84,44.09,43.64,0
87.48,4.09,1495.61,2.24,56.9,4.1,45.55,34.4,1
71.82,4.94,1360.36,2.84,55.83,3.76,54.08,32.17,0
69.4,4.47,1371.31,2.94,44.64,4.46,61.27,42.09,0
77.52,4.35,1551.73,3.17,42.35,3.97,36.16,42.28,0
62.43,4.16,1316.95,2.89,60.56,3.63,49.4,30.39,0
66.41,5.28,1394.13,3.25,44.04,4.12,50.2,50.94,0
60.35,5.05,1549.75,2.26,52.53,3.98,47.19,49.47,0
67.76,4.04,1479.27,3.15,67.52,3.74,42.42,28.51,0
65.75,5.05,1751.78,2.14,49.48,4.15,46.11,50.66,0
77.38,4.92,1070.52,2.61,65.89,3.61,52.0,20.69,1
62.15,5.11,1447.38,1.95,53.66,3.43,53.27,34.37,0
68.85,4.95,1191.78,3.22,47.25,4.01,51.62,27.05,0
74.13,5.16,1719.53,2.17,60.58,3.92,53.23,51.18,0
73.04,4.31,1492.72,1.73,58.34,4.42,37.43,65.55,0
78.65,5.4,1497.13,2.2,45.99,3.9,46.85,57.46,0
72.43,5.46,1269.65,2.18,72.02,3.61,45.78,31.81,0
58.96,6.09,1413.09,3.1,55.04,3.8,45.28,47.03,0
71.8,5.72,1101.18,1.85,57.18,4.95,51.61,19.11,1
67.12,4.89,1465.23,2.82,70.68,3.95,35.04,40.26,0
85.62,4.3,1585.5,1.69,59.3,4.07,35.18,29.29,0
75.64,4.36,1759.3,0.75,60.64,4.17,61.99,36.48,0
69.76,4.77,1270.8,1.66,46.18,3.98,54.95,49.26,0
63.75,5.35,1729.54,2.89,75.08,3.55,38.46,24.09,0
85.62,4.76,1910.02,2.48,63.59,3.68,44.73,45.83,0
68.02,5.51,1728.47,3.56,49.57,2.85,49.47,16.27,1
71.35,3.75,1600.27,3.32,56.25,3.54,42.86,36.8,0
67.33,6.57,1065.47,3.89,36.81,4.08,37.07,13.56,1
69.81,6.21,1489.56,1.85,41.2,4.33,45.09,32.63,0
66.89,4.96,1556.96,1.11,53.18,4.26,47.2,27.13,0
67.81,4.52,1612.15,3.32,67.74,3.78,46.98,56.8,0
74.28,4.39,1555.05,2.52,37.12,4.1,53.72,44.44,0
71.39,5.19,1314.64,2.42,56.29,3.88,45.22,44.92,0
65.93,5.1,1539.36,1.84,47.63,3.93,49.11,15.63,0
66.26,5.06,933.78,1.74,29.94,4.17,49.83,31.78,0
70.43,5.68,1520.84,2.27,37.66,3.98,56.79,45.38,0
82.96,5.52,1319.81,3.78,42.05,3.74,47.24,19.66,0
70.15,4.86,1772.81,2.38,51.41,4.11,52.08,21.16,0
69.91,4.83,1445.66,3.34,49.46,3.99,41.09,27.41,0
73.58,5.32,1436.92,2.06,42.66,3.66,55.2,8.35,0
80.08,5.09,1744.22,2.72,57.61,4.35,55.32,42.12,1
61.22,5.3,1739.61,2.6,54.55,4.05,46.74,28.26,0
74.61,5.3,1183.24,3.15,60.1,4.0,51.58,51.54,0
68.84,4.53,1943.61,3.11,55.91,3.92,48.48,16.56,1
67.92,4.98,1815.27,3.05,66.14,4.22,38.89,20.78,0
67.59,5.28,1285.05,2.5,57.34,4.42,48.59,39.34,0
79.17,5.52,1716.92,1.91,73.19,4.49,40.12,27.58,1
72.22,6.05,1412.57,3.03,51.86,4.0,53.61,44.89,0
64.96,5.67,1668.47,2.37,50.71,3.86,52.42,25.57,0
73.93,5.07,1069.21,3.56,61.34,3.87,46.53,22.04,1
59.81,5.17,1588.39,2.31,56.24,3.94,53.39,57.82,0
90.2,4.92,1399.27,3.5,43.64,3.81,48.39,21.01,1
74.04,5.05,1179.23,3.22,45.65,3.83,56.75,42.94,1
70.65,5.31,1507.49,2.51,65.87,3.78,46.81,18.8,0
79.0,5.88,1504.25,2.49,46.87,3.38,53.14,34.14,1
77.41,5.36,1395.46,2.48,55.77,3.36,57.02,32.4,0
67.93,5.03,1447.42,2.4,55.51,4.65,52.33,40.32,1
76.92,4.41,1457.63,1.31,61.73,3.96,47.79,57.19,0
67.58,4.59,1516.4,3.07,63.01,3.94,48.39,43.59,0
67.39,5.09,1676.28,2.18,52.38,4.61,52.13,41.79,0
76.66,4.79,1139.98,2.54,59.96,3.23,42.74,51.46,1
87.61,6.6,1353.43,2.83,61.86,3.7,56.81,39.34,0
77.98,3.9,1304.91,1.81,51.33,3.83,50.82,49.34,0
78.38,4.42,1362.72,2.49,34.57,4.66,55.38,54.83,0
69.58,5.97,1337.5,1.94,41.3,3.67,54.76,19.47,1
76.96,6.3,1577.89,3.23,53.1,4.19,36.67,36.5,0
69.79,5.68,1377.61,2.77,61.24,3.33,55.72,58.53,0
73.21,4.13,1383.59,1.62,45.17,4.05,39.13,42.42,1
80.52,5.87,1686.07,2.32,57.48,3.39,48.77,22.06,0
80.0,4.53,1164.12,2.18,50.81,4.13,53.53,32.79,0
70.27,5.15,1498.52,2.66,34.35,3.75,46.59,27.78,0
67.16,5.3,1219.14,1.93,51.49,4.03,51.25,44.1,0
81.81,4.67,1400.41,2.93,51.13,3.96,58.86,12.04,0
71.72,5.26,1404.72,1.61,49.08,4.21,53.71,49.87,1
80.86,5.33,1326.71,2.16,47.7,4.16,42.36,45.8,0
73.63,5.14,1516.78,1.93,67.37,3.89,48.23,33.83,0
65.42,5.52,1611.75,1.47,68.38,3.99,42.77,12.42,0
76.97,4.61,1514.94,2.83,48.83,4.26,39.68,39.33,0
76.38,6.51,1313.85,2.53,42.04,4.02,61.55,35.28,0
81.02,5.47,1139.63,4.09,45.06,3.7,44.93,30.04,1
70.56,4.73,1319.46,2.42,57.4,4.07,53.2,34.88,0
63.56,4.74,1096.82,2.81,62.23,3.61,48.55,32.81,0
77.39,6.04,1369.64,2.68,69.55,3.37,35.94,18.97,0
76.92,3.85,1203.8,3.24,62.55,3.48,59.81,54.71,1
84.82,5.49,1228.65,2.39,38.28,4.03,47.57,23.67,0
75.01,5.31,1372.58,2.9,64.65,4.02,47.61,27.3,0
78.7,5.33,1196.18,0.97,66.52,3.32,54.23,28.06,1
66.86,6.05,1031.66,1.03,61.3,3.76,47.82,22.21,0
69.25,5.49,1433.66,2.91,61.17,4.44,49.04,21.49,0
67.23,5.29,1252.16,3.53,40.97,4.64,45.57,13.57,1
76.67,5.99,1439.36,3.01,64.84,3.21,51.83,38.67,0
72.56,5.58,1584.57,2.08,47.11,3.48,38.81,59.82,1
74.21,4.42,1813.85,3.46,42.27,3.79,50.58,37.28,0
79.67,4.81,1327.8,2.89,60.18,4.44,54.82,32.15,0
69.0,4.95,1603.8,2.6,74.24,3.96,41.46,43.2,0
73.56,6.22,1377.99,2.74,70.68,3.49,60.44,37.53,1
68.25,5.34,1460.34,2.81,48.44,4.19,38.78,58.55,0
72.52,4.88,1456.77,2.05,45.38,4.14,56.03,33.36,0
84.01,4.99,1148.04,2.23,50.52,3.67,49.18,40.46,1
66.5,5.29,1461.02,1.61,56.8,3.99,41.32,13.31,0
77.04,4.78,1568.96,2.83,65.78,3.97,43.95,37.69,0
72.98,4.65,1317.09,2.09,56.49,4.53,46.86,38.12,0
69.16,5.29,1436.12,1.39,53.63,3.76,41.02,19.99,0
58.87,4.49,1456.1,1.91,47.04,4.51,49.64,31.15,1
73.52,5.07,1629.96,2.79,49.55,4.01,51.32,40.14,1
61.13,4.57,1171.6,2.06,60.43,3.83,40.8,65.2,0
64.72,5.08,1477.0,2.75,63.57,3.97,43.49,44.1,0
79.07,6.2,1450.17,1.52,53.37,4.18,56.17,35.43,0
77.58,4.83,1196.83,2.8,56.74,4.45,38.74,34.07,0
68.86,5.9,1575.92,2.99,53.76,4.04,58.2,40.68,0
63.73,5.31,1682.55,3.48,37.69,3.67,46.58,37.37,0
58.38,5.29,1282.62,2.08,62.51,4.4,45.65,16.28,1
73.27,5.03,1369.77,2.31,64.42,4.04,54.58,8.7,0
85.6,4.4,1410.34,1.46,63.79,4.21,48.16,23.89,1
79.86,4.96,1264.57,2.58,58.72,3.94,48.59,41.19,0
72.53,4.12,1710.71,2.31,56.81,4.04,50.6,31.78,0
69.45,5.64,1720.05,2.74,37.2,4.19,54.41,59.8,0
66.35,6.15,1324.97,2.99,54.08,3.96,45.56,33.6,0
73.91,4.73,1410.26,3.02,58.73,4.57,46.92,46.59,0
78.66,5.45,1446.39,2.19,68.88,4.23,54.88,24.85,0
67.29,5.32,1295.55,2.27,67.38,4.35,52.5,13.34,0
70.05,5.71,1238.74,1.71,44.67,3.79,45.75,35.36,1
81.06,5.53,1499.04,2.7,51.21,3.94,50.31,34.19,0
76.92,4.93,1955.29,2.91,67.54,3.42,38.81,36.99,1
71.93,4.65,1612.03,1.39,49.17,3.63,47.53,40.05,0
71.27,5.39,1505.21,2.68,62.91,3.54,42.13,50.07,0
75.52,5.2,1366.91,2.16,58.62,3.99,51.44,35.87,0
74.63,4.71,1297.07,1.53,69.91,3.84,57.82,25.22,0
68.9,5.15,1546.41,1.27,38.79,3.85,44.37,48.61,0
77.42,6.02,1460.32,0.82,71.79,3.42,43.49,50.67,0
70.13,6.32,1489.48,3.62,59.11,3.86,46.02,49.11,0
68.97,4.62,1162.0,3.43,64.46,4.13,47.43,46.42,1
74.17,5.09,1325.11,2.74,58.01,3.88,47.77,36.88,0
62.6,5.11,1333.49,2.54,52.14,4.09,50.35,28.03,0
81.3,4.69,1428.29,3.43,55.62,4.0,51.46,42.7,0
76.58,5.46,1677.86,3.04,58.68,3.73,53.52,30.77,1
74.94,5.05,1404.72,2.03,45.67,3.6,45.1,30.32,0
65.55,3.97,1709.56,2.59,58.88,3.81,46.83,31.07,0
77.89,4.56,1456.38,2.2,47.46,4.13,50.06,42.73,0
70.65,4.71,1285.74,1.78,63.92,3.99,52.98,31.43,0
85.06,4.59,1858.2,1.97,56.6,3.43,46.62,13.61,0
77.47,4.68,1534.15,2.49,58.44,3.99,55.83,25.89,0
68.77,5.67,1883.24,2.47,41.24,4.0,38.09,52.1,0
76.04,5.78,1477.36,2.05,60.86,4.21,52.82,0.0,0
66.17,5.72,1204.03,1.34,48.52,4.98,47.02,45.88,1
70.58,3.94,1225.73,3.33,50.16,4.69,51.27,49.47,1
73.36,4.51,1403.47,3.26,71.31,3.83,38.16,53.96,0
69.8,5.19,1291.77,3.1,32.24,4.49,60.78,40.19,1
68.06,4.65,1786.2,1.45,65.9,4.18,50.81,42.1,0
72.67,4.74,1864.31,1.62,51.21,3.77,47.47,37.17,0
75.16,5.0,1604.79,2.35,65.16,4.06,53.73,32.22,0
66.2,6.0,1234.51,2.69,46.45,3.88,42.34,26.65,0
63.69,5.18,1458.79,2.44,44.31,3.93,57.35,31.35,0
71.86,4.48,1792.16,2.87,46.83,3.72,42.4,20.47,0
72.99,5.14,1520.16,1.75,74.92,3.96,48.39,34.46,0
80.48,4.26,1759.11,2.79,50.92,4.1,53.05,58.43,0
67.44,4.38,1488.62,3.16,50.31,3.83,54.97,36.44,0
62.0,5.69,1492.09,1.72,57.33,3.49,49.23,51.06,0
80.04,5.34,1392.82,3.35,57.06,4.38,40.47,22.29,0
72.21,5.73,1592.47,2.27,54.36,4.17,53.89,21.03,0
69.34,4.82,1510.71,2.86,58.37,4.24,46.07,60.93,0
64.99,5.09,1581.86,2.31,60.83,4.02,48.01,53.61,1
73.52,4.31,1419.5,3.02,57.61,3.8,45.01,23.06,0
66.21,4.6,1378.83,1.99,51.44,3.63,42.99,42.56,0
67.6,5.69,1319.9,2.73,67.45,3.79,46.14,42.21,0
78.4,6.18,1376.45,2.69,44.79,3.78,43.47,38.83,0
65.01,4.01,1441.21,2.02,54.93,4.09,52.13,1.49,0
65.29,7.11,1429.64,2.33,40.24,4.04,46.4,33.76,0
64.55,5.0,1458.04,1.65,38.75,4.21,50.67,6.97,0
68.03,5.11,1505.77,1.53,56.13,3.98,48.25,62.33,0
86.67,5.45,1399.08,3.49,75.56,4.16,47.19,25.9,0
64.83,4.49,1414.06,1.91,39.97,3.73,47.64,44.01,0
80.82,5.69,1466.93,2.65,70.36,3.8,44.71,13.9,0
78.35,4.17,1271.66,1.89,44.13,4.3,46.17,32.43,0
83.6,4.96,1231.4,2.33,67.4,3.39,47.4,31.18,0
77.81,4.73,1395.98,2.61,48.46,4.06,53.4,11.04,0
67.84,5.25,1440.17,3.14,46.11,4.09,46.43,25.45,0
73.65,5.43,1424.34,2.51,50.61,4.08,58.36,18.31,0
77.74,5.07,1274.61,3.5,34.15,3.81,54.27,59.44,0
79.49,4.98,1539.96,2.6,36.26,4.2,50.58,27.96,0
62.06,4.35,1266.86,2.7,53.72,3.56,43.45,27.84,0
83.19,4.59,1390.41,2.5,62.39,3.89,39.4,30.88,0
75.41,5.2,1125.73,2.56,42.27,4.15,43.78,22.56,0
66.99,3.23,1609.22,2.27,53.93,3.97,42.82,38.05,0
67.96,5.88,1746.36,1.82,47.32,4.32,54.16,58.08,1
73.74,5.76,1166.9,2.19,68.5,4.29,47.57,34.35,0
67.72,6.26,1287.59,2.9,60.87,3.62,54.44,16.1,0
72.19,6.53,1655.34,3.05,44.99,3.81,46.33,43.79,0
85.42,4.1,1502.38,1.17,54.87,3.76,45.69,48.25,0
67.12,5.49,1629.8,2.26,59.99,3.99,44.27,28.95,0
77.38,4.69,1641.83,2.39,65.23,4.36,52.06,55.76,0
61.44,5.68,1352.91,3.14,54.01,3.86,42.15,46.92,1
73.62,5.74,1198.0,2.2,51.21,4.02,55.29,40.74,0
60.63,5.89,1346.52,2.59,54.86,4.03,42.99,57.76,1
59.24,5.51,1430.59,1.76,66.71,4.1,31.89,32.72,0
73.24,4.74,1306.41,2.82,71.57,3.86,57.82,45.36,0
70.93,5.82,1207.38,1.76,53.07,3.4,45.62,25.67,0
80.36,5.42,1508.77,2.66,56.19,4.4,56.66,55.47,0
75.35,5.29,1332.24,2.35,73.43,3.87,50.14,72.21,0
69.84,5.9,1745.12,2.68,61.29,3.59,48.83,42.35,0
71.3,5.9,1310.39,2.15,62.79,3.82,50.0,25.06,0
70.64,4.46,1369.11,2.87,51.41,4.03,43.65,40.38,0
69.29,5.77,1447.69,1.73,60.86,3.53,36.63,29.34,0
70.27,5.16,1342.83,1.97,60.88,4.17,54.5,25.01,1
77.95,3.97,1498.35,3.18,58.79,3.77,46.24,31.9,1
62.61,5.55,1380.68,1.05,66.2,3.95,40.14,35.41,0
80.77,5.37,1303.49,2.35,60.95,4.69,51.45,12.05,0
64.24,5.92,1062.67,1.56,73.78,4.33,54.39,58.12,0
77.89,4.33,1199.26,1.98,56.37,3.83,50.88,48.26,0
63.25,6.06,1622.84,2.27,60.76,3.84,45.43,39.23,0
67.12,4.64,1553.28,3.17,43.33,3.84,45.67,49.98,0
82.04,6.55,1706.35,2.26,70.5,3.41,50.58,37.74,1
64.1,4.82,1589.22,2.92,54.14,3.7,46.17,65.32,0
81.75,5.42,1471.74,2.89,46.29,4.04,48.1,47.59,0
74.81,4.72,1830.04,1.05,59.73,3.58,44.23,38.02,0
60.06,5.88,1612.49,3.32,39.9,3.73,48.44,33.61,0
73.81,4.28,1524.12,2.58,34.35,4.37,52.47,1.61,1
78.22,5.22,1580.84,1.87,63.14,3.84,45.73,37.8,1
64.83,5.19,1494.36,0.85,61.27,3.68,40.02,43.38,0
72.98,5.53,1396.24,1.83,54.12,3.9,44.74,45.88,0
62.32,4.74,1567.09,1.14,50.58,4.19,38.14,39.74,0
78.38,5.48,1469.24,1.95,61.36,4.44,38.54,34.95,0
78.49,5.31,1555.13,1.79,54.0,3.89,44.91,36.88,0
59.52,4.61,1366.51,2.95,52.03,3.77,47.3,42.76,0
70.45,4.48,1424.93,1.83,77.41,4.29,44.98,48.64,0
66.53,4.54,1419.92,2.99,46.08,4.02,36.22,26.59,0
74.07,5.29,1401.07,1.3,45.55,4.65,50.04,32.53,0
73.23,4.28,1691.44,3.19,68.09,3.38,41.26,55.63,0
75.79,5.51,1323.59,1.7,44.22,4.14,34.14,20.52,0
66.83,5.38,1574.91,2.14,54.34,3.79,49.42,57.69,0
70.44,3.73,1843.73,3.1,53.63,4.21,50.43,50.36,1
61.32,6.19,1310.5,3.39,43.13,3.51,49.79,26.4,0
62.17,6.1,1387.82,2.42,52.41,4.0,39.16,11.44,0
74.67,5.31,1478.21,2.7,52.69,3.46,47.96,19.77,0
68.0,5.02,1695.47,1.74,51.55,3.92,44.78,52.18,0
63.76,5.95,1461.71,2.92,44.63,4.19,40.53,57.42,0
69.74,6.08,1577.78,2.83,40.07,3.78,43.21,24.02,0
67.4,4.03,1456.6,3.49,49.43,4.06,43.62,27.01,0
74.05,4.94,1463.46,1.77,51.81,4.31,49.1,62.64,0
64.16,6.66,1667.44,3.4,43.93,4.51,52.96,20.2,1
64.6,5.69,1288.41,1.0,50.4,4.06,51.7,2.91,0
74.55,5.08,1436.72,2.45,47.31,4.02,42.21,23.8,0
82.07,5.53,1387.97,1.34,67.24,3.8,56.22,0.0,0
64.65,5.49,1499.52,3.51,54.62,3.49,43.93,36.66,1
77.71,4.92,1696.28,2.63,67.22,3.67,48.35,50.94,0
75.52,4.93,1384.46,3.29,51.19,4.34,47.32,18.16,0
78.5,4.85,1219.42,2.73,52.8,3.72,48.53,48.19,0
74.75,5.95,1157.28,2.2,71.61,3.62,59.77,23.06,0
72.0,4.96,1280.95,3.07,64.27,3.65,45.25,35.37,0
66.34,4.9,1389.4,2.1,42.8,4.18,50.33,28.81,0
70.28,4.26,1246.67,2.75,57.23,4.38,49.54,54.95,1
64.57,6.28,1524.03,2.2,57.32,3.85,44.19,39.94,0
82.5,5.0,1731.62,2.3,43.02,4.33,39.0,14.29,0
81.31,5.57,1520.8,2.13,59.93,3.41,52.5,39.57,0
83.0,4.58,1397.87,2.8,76.73,4.33,45.91,9.4,0
67.27,4.79,1666.06,3.37,60.23,4.28,51.49,43.58,0
76.1,5.05,1251.98,2.95,39.93,3.81,45.98,49.88,0
72.57,4.55,1383.41,3.25,51.77,4.37,47.62,0.0,0
66.75,5.21,1253.81,2.65,24.41,4.0,46.98,12.6,1
71.46,5.05,1273.62,1.61,39.46,4.01,50.86,27.12,0
89.46,5.51,1440.93,2.13,53.04,4.42,50.73,49.32,1
76.77,5.57,1332.61,2.26,46.21,4.57,62.1,36.79,1
70.47,5.08,1485.82,1.21,44.94,3.68,48.49,27.48,0
67.86,6.39,1346.13,1.9,60.52,3.91,40.37,0.0,0
69.62,4.06,1058.51,2.85,59.0,4.07,47.16,27.82,0
71.67,4.73,1815.48,1.86,62.83,3.59,55.7,54.56,1
77.95,4.93,1655.67,2.78,60.4,3.97,52.79,29.87,0
79.32,6.31,1429.17,2.3,51.33,3.78,51.3,44.4,0
69.45,4.44,1200.04,1.49,68.16,4.28,44.98,15.0,0
64.43,5.59,1484.26,2.04,57.56,4.19,52.83,38.92,0
70.97,5.37,1354.44,2.49,63.63,3.89,43.59,48.52,0
85.37,5.12,1448.67,2.38,53.29,4.41,52.18,29.33,0
69.95,5.25,1441.6,2.35,47.67,3.9,54.35,33.83,1
70.81,6.29,1400.84,2.18,32.1,3.95,48.21,62.21,0
75.34,5.92,1600.89,1.57,58.05,3.86,52.62,17.9,0
70.53,5.73,1515.93,1.93,49.26,3.74,49.61,67.83,0
65.17,5.24,1531.16,3.28,41.89,4.14,36.97,53.87,0
74.76,5.44,1608.46,1.11,60.86,4.07,46.06,30.79,0
74.94,5.08,1262.68,1.7,58.0,3.73,50.57,15.57,0
78.32,5.01,1024.43,2.0,55.13,3.97,47.3,37.98,0
72.13,4.25,1619.31,2.36,78.99,3.32,40.78,55.71,0
81.0,4.24,1598.88,2.38,45.56,3.95,49.38,42.16,0
80.39,4.94,1200.39,2.69,53.13,3.9,33.06,16.54,0
84.37,5.59,1626.33,2.22,68.47,4.6,39.28,18.58,1
69.71,4.46,1161.19,3.59,54.81,3.62,37.81,19.19,0
71.57,5.6,1202.16,2.97,62.29,4.23,48.19,57.36,0
83.51,5.44,1623.42,2.42,62.94,3.82,42.13,17.7,0
73.71,5.13,1524.29,2.99,69.37,4.22,42.98,34.06,0
65.56,5.62,1426.64,2.72,51.08,4.28,47.77,55.72,1
81.3,6.43,1566.71,1.55,52.68,4.37,51.18,40.09,0
82.46,5.0,1307.68,2.93,57.38,3.5,43.33,34.78,0
55.65,5.75,1212.21,2.49,53.6,4.02,48.46,45.7,0
66.46,5.16,1372.85,3.47,61.0,3.86,41.11,12.53,0
71.63,5.46,1477.24,1.84,66.39,3.86,51.58,38.68,0
82.18,5.43,1431.18,2.33,48.07,3.85,47.94,29.99,0
78.93,5.3,1568.66,3.02,50.09,3.67,38.91,51.54,0
72.17,5.56,1162.69,2.91,45.52,3.46,42.82,49.97,0
82.42,5.11,1424.58,2.12,48.69,3.54,48.25,39.8,1
78.37,6.15,1320.2,1.84,54.32,4.0,47.07,49.29,0
66.46,4.84,1316.0,2.21,44.52,4.21,48.84,12.74,0
65.75,3.44,1511.31,2.6,76.21,3.93,42.72,28.73,0
69.87,5.51,1289.08,2.55,61.83,4.18,39.67,53.19,0
71.1,4.86,1558.32,1.27,67.04,3.53,44.25,49.08,0
70.32,5.42,1438.1,1.94,41.8,4.6,36.96,50.45,0
76.59,5.23,1617.2,1.96,63.23,3.16,50.51,58.35,0
70.9,5.39,1618.39,3.58,38.59,4.24,46.6,28.48,1
62.88,5.75,1260.48,1.56,49.83,4.04,43.57,15.95,0
76.03,6.86,1087.67,1.77,50.64,4.38,43.97,67.77,0
84.43,5.42,1399.55,3.17,67.66,3.76,43.43,49.01,0
71.89,5.52,1520.26,2.68,59.19,3.39,43.09,39.31,0
78.66,5.07,1635.0,2.68,72.17,4.45,43.57,8.43,0
75.24,5.01,1570.27,1.89,75.37,4.49,41.14,49.67,0
60.28,5.22,1333.65,2.62,47.18,3.48,46.55,36.61,0
75.91,5.23,1294.66,1.59,52.92,3.91,50.45,35.63,0
59.25,5.11,1224.47,2.78,62.82,4.0,40.94,51.75,0
75.28,5.33,1550.71,2.2,49.15,4.14,52.41,17.19,0
63.76,4.76,1232.37,2.27,42.89,3.94,58.19,57.83,0
76.43,5.9,1595.38,2.0,52.38,3.99,49.33,25.59,0
75.24,4.91,1111.77,1.84,59.58,4.04,54.32,30.52,0
67.88,5.48,1401.17,2.73,63.93,3.73,47.72,38.05,0
69.44,5.72,1216.59,2.85,55.64,3.69,41.08,40.07,0
66.84,5.54,1400.25,1.85,57.29,4.36,36.09,3.76,0
68.56,4.15,1228.49,3.3,46.24,4.39,48.29,41.89,0
78.04,5.15,1470.61,2.96,62.65,4.22,46.93,46.64,0
74.9,5.68,1455.89,2.25,59.07,3.98,54.17,79.63,0
70.28,5.07,1531.35,3.17,58.26,4.45,45.83,42.15,0
72.0,5.23,1239.09,1.33,49.19,3.97,53.37,39.42,0
76.85,5.69,1453.49,2.97,74.77,4.89,54.45,35.94,0
78.57,5.19,1488.1,2.05,46.79,3.74,46.43,34.44,0
70.69,6.13,1510.38,1.28,54.4,4.12,40.05,6.43,0
63.67,5.07,1113.84,2.85,61.3,3.63,47.17,15.09,0
85.83,4.45,1149.5,2.1,48.01,4.49,42.17,40.29,0
71.32,5.21,1659.38,2.6,48.29,4.14,50.73,41.91,0
64.98,4.82,1322.13,2.64,67.09,4.4,54.97,26.13,0
80.78,5.38,1323.21,1.8,63.46,4.1,60.15,24.39,0
63.51,5.16,1390.96,1.8,72.9,4.43,52.03,38.17,1
68.45,4.42,1489.81,1.42,52.89,3.21,51.2,13.69,0
72.91,4.3,1427.66,1.49,64.69,3.93,35.05,20.14,0
75.19,4.85,1172.92,2.57,63.39,3.8,50.9,41.87,0
77.41,5.61,1027.08,2.43,81.7,4.53,54.34,34.77,0
70.11,4.6,1437.99,1.08,52.51,3.87,42.21,21.22,0
77.94,4.48,1475.28,2.89,32.3,3.57,36.67,13.47,0
70.05,5.4,1541.09,2.24,51.83,4.15,54.19,22.64,0
64.79,6.15,1593.32,1.72,41.14,4.4,44.04,58.88,0
71.84,6.29,1434.41,2.83,49.46,3.97,38.07,21.64,0
63.06,6.48,1221.52,2.53,57.97,4.67,62.98,27.65,1
69.87,5.73,1236.12,3.43,37.83,3.72,51.63,35.83,0
74.47,3.66,1368.37,2.87,52.22,4.17,45.9,24.25,0
76.95,5.32,1539.41,2.51,40.83,4.22,40.6,51.06,0
69.61,6.37,1441.39,2.9,40.89,3.99,44.37,53.99,0
72.42,5.11,1483.74,1.29,72.26,3.66,42.72,29.66,0
73.61,5.35,1132.94,2.74,67.56,4.0,47.24,14.92,0
75.54,5.22,1394.54,2.77,60.33,4.04,40.37,22.98,0
87.36,5.47,1559.75,2.73,44.34,3.82,56.88,57.86,0
66.77,5.01,1376.61,2.68,51.43,4.34,37.88,20.37,0
65.22,5.84,1420.32,1.94,50.4,4.21,47.24,25.14,0
75.27,4.39,1348.01,3.42,52.57,4.53,43.41,38.34,1
71.64,6.01,1403.99,1.98,46.24,4.1,43.11,57.06,0
80.76,4.3,1215.84,3.0,46.13,4.24,44.41,32.92,0
59.51,6.31,1761.24,3.01,40.14,3.34,44.28,45.88,1
70.37,5.41,1729.95,1.65,61.66,3.76,61.04,0.0,0
70.94,4.24,1611.68,1.65,62.78,4.41,50.89,37.95,0
69.9,4.49,1575.11,3.45,47.4,3.64,42.55,29.97,0
76.05,4.14,1590.12,2.4,48.44,4.11,43.86,45.85,0
77.62,6.85,1601.94,2.44,45.95,4.11,46.71,22.12,1
67.67,5.54,1749.46,2.24,43.82,3.73,50.1,34.69,0
82.28,5.27,1720.61,1.04,54.24,3.6,44.55,64.47,0
68.11,6.12,1229.08,1.91,53.13,4.26,47.73,30.32,0
70.32,4.92,1500.71,2.32,62.61,4.19,48.28,26.17,0
64.69,5.66,1503.5,2.25,55.4,4.09,49.03,25.93,1
72.63,5.73,1405.0,2.44,66.33,3.69,48.17,36.57,0
59.15,4.86,1665.33,1.96,71.44,4.25,40.66,35.24,0
74.7,4.31,1188.85,2.43,45.67,3.56,41.94,47.64,1
78.98,5.33,1402.4,1.39,53.02,3.02,45.13,38.53,0
67.12,5.46,1417.62,4.18,55.26,4.06,47.09,6.59,1
81.92,5.47,1493.05,3.51,45.02,3.92,46.23,32.1,0
77.76,5.26,1438.35,2.05,61.37,4.41,43.84,8.81,0
72.38,5.27,1646.91,1.89,59.39,3.27,42.79,41.88,0
73.48,4.7,1807.86,2.03,60.86,4.49,40.41,33.31,1
71.49,4.64,1497.42,2.75,54.78,4.06,52.67,43.35,0
74.69,5.43,1168.84,2.11,51.62,3.87,41.71,5.96,0
75.72,5.22,1528.4,1.79,55.29,3.93,50.14,33.88,1
75.26,4.74,1585.92,2.09,65.54,4.29,46.11,24.34,0
68.85,4.72,1848.99,2.82,62.44,3.45,43.43,33.43,0
77.88,5.71,1426.38,3.32,70.33,4.15,46.66,38.4,0
71.51,4.53,1209.1,2.18,59.26,4.03,38.63,26.11,0
73.1,5.14,1732.76,1.51,52.75,4.42,42.26,48.03,0
49.34,5.53,1619.77,2.45,61.27,3.78,39.36,8.66,0
74.89,5.7,1344.77,2.36,40.77,4.4,49.65,32.95,1
81.77,5.73,1320.77,2.77,52.26,3.24,57.44,60.63,1
65.47,6.51,1346.84,1.92,67.57,4.28,42.66,44.59,0
81.68,5.7,1196.77,2.42,41.28,4.22,45.45,27.56,0
70.34,4.78,1377.12,1.78,65.95,4.86,54.83,32.77,1
78.24,4.92,1046.36,2.53,36.4,3.85,45.7,44.62,0
61.98,5.84,1773.26,1.62,37.68,4.07,53.69,25.49,1
63.76,4.5,1543.12,1.38,64.7,3.63,47.79,28.8,0
79.75,6.01,1149.18,2.66,50.04,4.06,48.1,35.12,0
62.73,3.8,1520.07,2.65,62.52,3.46,41.28,42.57,0
59.91,4.8,1832.03,2.02,60.86,4.04,52.69,48.14,0
66.1,5.54,1861.95,2.93,36.13,3.7,49.28,46.46,0
66.12,5.81,1503.12,3.08,49.5,3.96,50.34,35.96,0
73.65,4.68,1433.13,2.3,54.91,4.06,38.62,27.09,1
71.73,4.75,1232.44,3.31,49.43,3.94,51.36,47.77,0
82.25,5.42,1446.21,2.77,43.64,3.69,47.59,32.84,0
80.57,4.86,1471.27,0.9,55.8,4.43,49.21,56.3,0
71.58,5.32,1768.4,2.43,53.51,4.17,55.79,20.92,0
67.31,4.91,1537.93,1.48,53.63,3.72,38.37,60.12,0
78.45,4.86,1299.26,1.39,73.98,4.06,56.95,47.25,0
83.49,5.55,1420.24,2.91,41.53,4.64,47.29,39.37,0
73.51,5.56,1755.13,2.99,43.83,3.85,41.58,35.74,0
68.1,5.81,1431.77,1.9,80.62,3.85,53.61,43.87,0
78.97,5.18,1250.03,2.14,59.28,4.68,49.85,54.03,0
76.51,5.53,1378.83,1.8,67.24,4.28,44.63,74.03,0
64.72,5.87,1572.95,2.44,63.26,4.16,52.85,13.76,0
66.3,4.45,1500.56,1.71,49.85,3.83,43.75,35.13,0
65.73,4.83,1417.22,2.05,50.74,3.93,50.75,18.45,0
57.91,5.52,1626.82,3.5,55.02,4.41,43.65,28.45,1
67.34,6.04,1682.97,3.57,68.33,4.56,54.21,4.13,0
68.54,5.56,1129.88,2.95,43.06,4.19,50.66,54.07,0
82.33,4.67,1451.37,3.26,69.76,3.78,53.79,20.39,1
71.68,3.81,1320.66,2.93,77.97,3.35,41.47,30.54,1
72.58,5.38,1152.07,1.81,48.0,4.3,53.83,26.87,0
70.03,5.91,1270.63,2.2,55.76,4.16,46.43,24.13,0
68.19,5.29,1308.07,1.93,46.98,4.13,51.27,35.56,0
72.25,6.81,1609.21,2.31,75.41,4.58,38.06,56.67,0
79.09,5.34,1800.14,2.26,59.67,4.11,52.82,40.24,0
71.31,5.99,1556.69,3.73,34.89,4.19,38.89,0.13,0
68.49,6.19,1228.47,2.98,38.83,4.36,44.5,15.14,1
66.71,5.37,1790.67,0.5,52.43,4.23,53.78,24.1,0
63.59,5.62,1435.48,2.33,43.21,3.99,48.03,43.99,0
73.92,6.25,1712.49,3.81,62.32,4.11,50.74,47.26,1
73.33,6.02,1446.85,1.88,56.97,3.75,47.19,46.73,0
73.89,6.13,1557.84,3.0,60.91,3.94,47.83,32.23,0
72.42,5.15,1386.51,2.43,67.0,3.68,52.25,10.95,0
65.26,4.7,1099.11,2.44,64.87,3.6,55.38,20.6,0
65.06,5.71,1438.15,2.43,42.61,4.12,43.35,39.83,0
72.14,6.36,1516.91,2.43,38.98,4.41,49.52,35.16,0
82.25,5.54,1524.21,2.99,70.45,4.29,45.35,53.72,0
82.81,4.5,1294.98,2.81,51.01,3.31,45.57,56.47,0
70.03,4.99,1418.75,2.34,49.11,4.28,44.13,43.89,0
63.77,4.38,1530.65,1.43,66.73,3.93,37.77,21.47,0
69.29,5.29,1486.57,1.99,58.39,3.9,43.47,45.3,0
87.16,5.7,1349.82,2.58,64.43,3.84,38.45,52.56,0
60.66,4.68,1420.6,3.28,54.55,3.87,41.9,30.75,0
56.64,5.26,1670.95,2.08,56.59,5.02,53.55,40.35,1
73.62,4.98,1521.89,2.99,36.24,3.97,50.29,38.8,0
77.11,5.19,1499.3,2.35,56.78,4.17,50.81,7.87,0
67.25,4.62,1624.95,2.06,42.28,3.79,47.83,42.78,0
72.35,5.75,1345.97,2.3,57.7,4.16,33.62,56.83,0
72.64,5.04,1328.74,1.66,44.56,4.41,43.03,34.67,0
75.93,4.59,1346.11,2.44,47.39,3.98,54.33,30.95,0
64.19,6.79,1309.67,1.77,39.24,3.63,47.22,48.27,0
69.0,5.19,1196.01,3.49,29.35,4.31,52.31,55.79,0
65.64,5.69,1243.62,2.73,49.35,3.86,42.33,13.98,0
66.07,5.63,1262.24,3.07,62.8,3.56,49.61,32.87,0
67.98,5.04,1405.24,2.57,68.02,3.87,56.86,36.95,0
81.22,5.79,1507.49,1.81,63.75,4.21,54.42,34.63,0
79.33,5.31,1601.02,2.51,48.33,3.89,46.13,43.29,0
66.17,5.77,1651.09,2.6,52.02,4.14,46.03,0.36,1
76.23,4.36,1388.75,1.71,69.62,4.23,44.05,49.53,0
75.01,5.55,1503.78,1.5,28.18,4.32,40.75,21.58,0
74.84,5.6,1693.94,2.91,48.88,4.15,41.43,45.09,0
77.67,4.87,1610.88,2.82,61.8,4.38,50.27,47.46,0
71.12,4.43,1476.9,2.74,46.37,4.3,33.1,16.99,0
76.87,5.4,1353.49,1.13,49.89,4.31,43.29,50.3,1
64.51,5.17,1586.44,2.64,47.27,3.28,34.03,44.32,0
69.69,3.64,1384.12,2.53,56.29,4.3,46.76,26.55,1
86.45,5.94,1180.47,2.29,58.06,4.29,49.85,46.47,0
87.59,6.34,1560.17,1.72,62.9,3.28,58.11,28.88,1
80.73,3.39,1348.43,3.25,56.4,3.77,47.78,10.85,1
66.06,5.77,1470.32,2.47,77.78,3.88,45.38,42.66,0
65.98,5.55,1256.94,2.02,44.15,3.66,40.97,46.52,0
67.1,5.61,1401.84,3.17,54.1,3.73,52.61,38.94,0
78.35,6.04,1704.03,2.28,49.08,3.6,56.91,30.43,0
65.01,5.09,1092.45,2.63,49.64,3.96,48.14,21.13,0
75.88,5.72,1509.51,2.72,53.53,4.14,48.91,6.15,0
61.0,6.01,1509.98,2.06,65.94,4.07,49.06,59.49,0
78.76,5.24,1473.11,1.62,54.33,3.69,35.07,41.9,0
72.39,4.88,1568.98,2.43,56.2,3.67,47.76,49.44,0
64.41,5.23,1879.74,2.23,53.4,4.19,37.82,41.52,0
80.49,5.67,1319.0,2.15,57.19,3.91,48.26,47.81,0
64.73,4.61,1577.97,2.88,63.1,3.93,38.52,43.73,0
70.82,5.65,1984.43,3.54,73.95,4.02,50.45,11.39,0
69.72,5.31,1359.05,1.7,61.85,4.69,51.6,64.83,0
71.65,4.61,1416.55,2.14,36.22,4.31,51.88,12.03,0
71.02,5.56,1482.97,1.78,63.9,3.79,58.04,45.19,0
77.68,4.82,1331.83,2.5,62.17,4.13,52.76,27.09,0
69.14,5.46,1125.55,2.09,32.5,4.14,51.82,45.86,0
61.34,4.81,1507.01,3.48,52.8,4.22,48.06,13.49,1
74.37,5.55,1154.45,2.85,57.99,4.75,43.73,35.63,0
62.16,4.65,1370.58,1.05,33.65,4.05,47.6,56.34,0
72.15,5.83,1510.08,1.36,55.83,3.71,46.52,35.15,0
67.0,5.16,1318.88,2.22,48.22,4.09,48.72,51.75,0
71.8,5.21,1579.3,2.18,53.1,3.6,43.64,23.89,0
75.7,5.04,1292.45,1.04,56.57,4.51,33.09,6.9,1
81.91,4.86,1589.44,3.42,63.22,3.92,35.24,45.85,0
64.3,5.93,1382.38,1.83,69.83,3.7,54.42,45.68,0
70.92,6.23,1362.28,2.4,53.88,3.83,43.15,24.83,0
70.66,5.63,1377.17,0.51,65.74,3.89,44.96,34.1,0
71.29,4.65,1304.35,2.85,54.58,4.2,46.02,61.17,0
73.95,4.63,1530.31,1.61,69.47,4.46,36.98,26.38,0
74.43,4.53,1505.0,3.82,43.42,4.55,46.93,45.59,0
80.66,5.55,1322.39,1.54,33.71,4.44,45.53,25.45,0
73.92,6.33,1680.57,2.32,50.59,3.58,38.2,0.0,0
86.17,6.52,1268.47,2.99,60.57,4.82,46.25,39.4,1
69.21,5.38,1239.17,2.42,36.03,3.22,42.03,50.59,0
67.89,5.98,1384.73,1.87,61.39,3.99,51.91,43.03,0
73.49,5.98,1430.47,1.9,51.01,4.25,32.66,43.79,0
71.24,5.0,1507.53,2.55,44.28,4.31,57.05,66.86,0
75.85,4.13,1509.73,2.22,51.81,4.66,54.09,18.64,0
68.58,6.5,1437.17,0.6,68.64,3.74,34.85,33.65,0
84.99,5.91,1366.91,1.39,46.88,3.55,44.43,38.51,0
75.52,3.57,1386.27,1.76,53.67,4.22,39.47,0.0,0
80.42,4.38,1349.67,2.78,71.83,4.12,52.03,41.35,0
58.35,4.36,1791.49,2.54,74.82,4.24,56.96,34.43,0
62.05,5.54,1125.95,1.8,43.22,3.59,43.25,42.26,1
62.15,4.96,1004.76,1.31,54.98,4.27,43.06,76.14,0
65.51,5.77,1484.68,1.64,67.23,3.86,57.32,28.58,0
67.84,5.21,1459.2,2.42,77.21,3.96,51.37,56.38,0
72.18,5.67,1445.18,1.67,56.18,4.12,42.51,24.18,0
76.48,5.45,1505.59,2.31,58.82,4.13,61.39,27.35,0
85.55,5.03,1311.15,2.41,65.12,3.48,44.03,22.43,0
69.27,5.25,1046.91,2.68,68.1,3.65,50.02,23.46,0
57.91,5.23,1165.52,2.71,57.42,3.91,54.42,40.92,0
70.36,5.66,1639.41,2.47,46.19,3.8,50.27,44.61,0
75.84,4.33,1649.49,2.32,57.8,4.01,51.04,41.83,0
65.53,5.55,1538.17,2.33,40.57,3.75,49.04,42.84,0
69.3,5.13,1354.37,2.79,27.84,4.49,48.87,0.0,0
72.87,4.78,1151.61,3.37,63.56,4.08,43.55,39.45,0
77.56,5.66,1345.46,2.62,65.07,3.26,48.91,32.7,0
74.6,6.03,1346.03,1.47,49.36,3.99,39.41,29.46,0
68.94,4.74,1267.62,1.51,57.07,3.53,49.06,19.32,0
93.27,5.03,1439.24,2.69,66.8,3.45,44.92,26.35,0
67.51,5.53,1410.06,2.13,60.57,3.99,49.55,38.33,0
56.88,5.86,1439.75,3.04,40.77,3.79,51.78,53.33,1
76.3,5.14,1645.44,2.21,48.03,3.79,38.86,44.64,0
77.01,5.66,1303.91,1.43,44.52,4.01,39.58,32.51,0
76.29,5.36,1485.28,1.86,67.99,3.5,51.31,60.74,0
78.98,4.74,1489.47,1.62,63.69,3.92,43.75,21.41,0
76.83,4.21,1114.21,3.27,69.51,4.27,49.11,35.88,1
82.21,4.95,1510.01,4.51,43.72,3.46,50.02,31.68,1
71.81,5.66,1452.75,1.68,65.56,3.26,41.41,26.01,0
75.41,5.56,1597.52,1.85,48.63,4.01,41.25,41.47,0
66.0,4.93,1312.65,3.56,54.18,3.52,46.26,51.1,1
71.36,4.3,1588.07,3.06,67.01,4.44,51.22,19.13,1
78.42,3.93,1739.93,3.12,56.34,3.34,48.54,31.46,1
64.62,4.66,1361.36,2.66,48.08,3.62,62.09,20.95,0
75.36,5.05,1197.29,2.43,41.71,4.06,45.47,57.66,0
68.28,6.36,1289.74,2.02,64.66,4.45,43.67,32.85,0
66.58,5.55,1614.93,2.28,47.58,3.78,50.37,43.22,0
64.93,4.2,1343.9,3.29,41.13,3.85,40.38,23.61,0
75.74,5.31,1363.85,2.0,64.52,4.11,49.6,27.29,0
75.81,5.15,1605.18,2.57,58.23,3.8,48.8,39.62,0
70.7,4.91,1590.47,2.0,75.16,4.18,54.66,43.61,0
75.76,5.8,1318.88,2.98,40.41,3.77,47.01,58.18,1
71.7,4.74,1451.27,2.72,59.41,3.92,51.5,58.45,0
61.47,3.95,1596.5,2.96,72.89,4.41,41.94,38.81,0
67.55,5.06,1276.02,2.75,59.63,3.47,44.01,48.48,1
82.11,6.07,1158.04,0.5,62.45,4.03,52.0,32.05,0
75.14,6.48,1474.07,2.79,52.73,3.82,47.25,30.34,0
75.36,5.11,1446.21,3.35,63.32,4.18,47.64,28.54,0
64.41,5.73,1218.67,2.78,53.08,4.16,31.96,39.14,0
78.01,5.51,1497.74,1.97,79.95,3.93,46.54,41.38,0
74.38,5.48,1527.97,2.11,63.51,3.76,52.96,36.2,0
61.06,4.31,1338.47,1.62,57.69,4.11,44.28,20.66,0
65.71,5.23,1500.59,3.3,47.03,3.89,54.04,60.76,0
80.93,5.14,1477.66,1.08,60.75,3.68,41.91,20.15,0
74.44,6.11,1889.1,2.07,47.98,4.09,54.26,59.37,0
62.19,4.72,1531.41,1.88,49.82,3.55,37.62,53.7,0
81.63,5.92,1426.82,3.35,50.81,3.39,48.85,64.06,0
68.68,5.74,1538.6,1.73,60.94,4.26,60.1,32.31,0
80.34,5.0,1672.91,1.95,54.06,3.7,50.98,0.66,0
64.43,5.48,1663.71,1.95,69.07,4.51,40.28,40.14,0
64.69,4.49,1492.63,1.71,47.1,4.06,45.77,48.5,0
69.52,4.44,1060.09,2.78,57.41,3.84,56.12,27.27,0
75.62,5.06,1656.89,2.48,55.04,4.18,50.61,41.7,0
75.32,5.23,1978.32,3.11,64.83,4.29,53.76,39.49,0
65.98,5.43,1622.52,1.9,64.61,3.74,38.65,37.18,1
64.27,4.45,1263.71,1.99,60.72,3.57,48.81,17.94,0
69.91,4.94,1431.9,2.5,30.32,3.88,52.08,30.08,0
71.2,4.98,1169.53,1.69,50.22,4.1,47.5,44.29,0
65.75,5.51,1676.52,2.56,55.84,4.44,42.36,17.33,0
69.02,5.42,1542.43,2.27,55.7,3.86,55.19,39.02,0
79.14,5.51,1501.94,2.21,64.63,4.05,60.87,37.94,0
74.9,4.66,1459.3,3.39,64.89,3.96,48.73,37.51,0
70.64,5.85,1541.61,1.71,46.39,4.19,41.96,44.37,0
81.91,6.09,1445.17,2.38,55.57,3.86,42.89,30.45,0
75.27,4.95,1412.44,1.2,52.38,4.18,51.45,31.95,0
69.12,5.2,1513.77,3.12,59.91,4.74,52.36,4.83,1
75.96,5.37,1521.28,3.29,63.45,4.46,48.31,44.57,0
72.06,6.45,1727.99,2.17,45.98,4.41,47.86,3.0,0
67.29,5.97,1859.99,2.73,42.65,3.97,52.08,32.72,0
63.81,4.8,1464.4,2.53,51.19,3.55,41.86,36.57,0
77.78,4.9,1480.85,1.89,45.97,3.81,46.58,57.99,0
69.86,4.75,997.34,1.67,44.2,4.28,41.73,48.49,1
84.61,4.87,1284.51,2.38,41.9,4.8,57.17,11.71,0
61.6,4.63,1432.51,2.3,48.47,3.55,48.93,55.53,0
80.7,4.49,1336.68,2.25,51.51,4.02,48.67,60.19,0
70.78,4.88,1576.65,3.0,65.07,3.9,37.43,33.69,0
69.47,5.33,1389.21,3.25,53.12,3.48,58.49,30.12,0
65.94,5.72,1455.58,2.53,33.14,3.81,42.58,44.13,0
64.19,6.22,1363.63,1.82,58.2,4.39,47.41,16.67,0
79.44,5.82,1332.8,1.3,58.51,3.89,47.35,60.24,1
76.66,5.22,1563.1,2.41,59.42,4.49,53.23,21.91,0
66.4,5.09,1601.26,2.41,74.15,4.35,47.74,0.0,0
74.21,5.52,1590.9,2.75,66.41,4.82,50.96,56.79,0
84.31,4.48,1348.66,2.09,70.75,4.4,44.88,35.16,0
89.06,4.17,1414.64,2.18,42.18,4.42,60.35,24.99,1
73.11,4.85,1200.34,2.18,52.04,4.67,55.94,53.51,1
70.46,5.19,1244.69,2.2,53.97,3.91,50.14,20.84,0
73.51,6.15,1623.09,2.68,58.07,4.16,44.87,24.83,1
62.69,5.15,1310.91,2.07,40.16,3.93,51.86,61.77,0
73.44,5.0,1258.12,2.85,42.42,4.08,44.26,42.19,0
65.96,6.31,1576.38,3.06,60.26,4.11,45.54,20.1,0
63.02,5.12,1546.4,2.84,67.64,3.42,47.41,25.96,0
87.83,4.91,1412.55,2.33,50.33,4.28,44.76,9.9,0
62.07,4.86,1381.13,2.71,29.74,3.9,53.48,53.26,0
70.42,4.56,1754.92,3.0,66.86,3.95,50.17,7.65,1
77.08,5.56,1347.12,1.87,69.62,3.93,44.88,49.51,0
69.85,4.94,1236.92,3.46,49.3,3.54,50.09,25.58,0
61.95,5.48,1708.29,2.89,34.5,3.53,50.06,50.21,1
61.15,6.0,1476.74,2.76,46.24,3.86,53.46,28.11,0
72.75,4.52,1434.75,2.81,53.53,4.55,52.93,7.36,0
70.29,4.46,1860.77,2.29,71.48,4.48,39.65,46.98,0
72.51,4.87,1508.05,1.36,59.77,3.5,42.81,31.21,0
68.86,4.66,1609.64,2.56,41.02,4.23,63.42,63.33,1
75.41,6.68,1878.69,2.29,61.47,3.67,54.91,34.01,0
70.49,5.19,1410.79,2.22,55.54,3.95,45.68,8.13,0
70.77,5.01,1526.44,1.94,66.04,4.33,49.02,54.47,0
62.75,4.43,1515.1,2.57,62.82,3.2,53.24,42.0,0
66.54,4.39,1288.29,1.86,56.59,4.06,52.62,56.66,0
72.3,5.11,1097.06,2.26,56.18,3.71,43.99,36.03,0
87.52,5.81,1613.51,2.25,50.68,4.15,47.93,14.03,0
68.59,5.88,1245.5,2.44,59.3,4.29,53.73,23.42,1
66.09,4.58,1755.23,1.92,53.12,3.32,42.27,34.76,0
71.44,6.14,1419.94,3.12,60.63,3.93,49.94,26.6,1
75.4,5.33,1338.51,2.4,63.08,4.18,57.36,31.1,0
68.31,5.47,1176.91,1.56,45.55,4.55,61.25,29.56,0
79.98,4.59,1443.95,2.81,61.98,3.87,43.95,24.03,0
67.86,4.3,1402.54,2.58,40.54,3.88,53.01,34.53,1
84.22,5.37,1893.35,2.36,62.93,3.76,56.87,31.08,0
76.61,5.05,1582.58,1.75,58.28,4.03,51.67,26.69,0
82.07,5.23,1490.98,1.58,50.4,3.84,31.87,41.01,0
78.81,5.65,1235.61,2.98,49.84,4.32,50.15,49.04,0
76.5,4.67,1639.02,2.43,56.11,3.9,54.63,43.33,0
66.57,5.61,1530.61,1.6,42.34,3.73,43.03,55.47,0
80.86,4.71,1353.33,2.18,59.61,3.95,34.11,10.79,1
59.66,3.9,1477.73,2.62,52.78,4.44,36.56,61.08,1
81.5,4.97,1469.39,3.39,62.24,4.29,45.36,18.41,0
74.99,5.3,1415.27,3.36,47.89,3.89,47.33,32.87,0
70.41,4.29,1525.08,2.79,51.36,3.77,48.83,21.18,1
77.38,5.56,1459.78,3.25,60.03,3.89,55.94,50.88,0
74.23,6.8,1664.21,2.86,42.19,4.25,53.79,25.65,1
68.67,6.34,1224.25,3.6,52.96,3.81,39.48,47.03,0
74.82,5.74,1184.11,1.71,68.19,4.09,48.93,37.88,0
71.36,4.7,1424.71,3.54,62.23,4.25,47.69,34.64,0
83.79,5.46,1475.36,1.8,55.59,4.24,53.07,28.51,0
67.68,4.84,1531.67,3.03,37.14,4.18,44.69,47.1,0
75.67,5.27,1261.02,2.32,77.26,4.0,47.14,21.95,0
69.83,6.82,1673.61,1.86,36.77,4.37,39.26,42.04,1
68.5,4.74,1663.39,3.53,58.96,3.78,40.39,0.0,1
72.94,5.45,1466.57,2.76,47.41,3.76,44.73,45.35,0
88.04,5.34,1181.42,3.17,43.12,4.1,51.18,47.82,1
58.15,5.74,1598.99,2.09,66.83,4.66,48.49,50.01,0
64.83,5.28,1636.92,1.38,58.33,3.87,49.49,8.04,0
74.85,4.81,1162.79,2.45,63.65,3.75,46.64,46.27,1
62.47,5.6,1458.32,2.64,58.77,4.29,43.59,25.28,1
64.58,4.61,1629.85,1.74,35.82,3.89,59.22,45.37,0
74.3,5.58,1175.48,2.14,48.98,4.49,39.16,51.93,0
81.63,5.74,1181.24,2.02,46.48,3.7,48.09,33.06,0
67.29,5.01,1615.14,2.3,41.21,4.31,46.03,26.78,0
68.66,4.41,1194.06,2.86,28.05,4.11,50.48,58.28,0
64.36,5.66,1581.5,2.63,58.88,3.67,62.05,33.9,0
68.0,6.51,1459.32,0.99,50.73,3.69,40.12,22.28,0
74.39,5.45,1360.28,1.07,52.22,4.29,46.91,39.98,0
74.04,5.8,1315.11,1.87,34.94,3.89,45.67,51.54,0
78.12,5.78,1274.73,2.48,53.98,3.6,47.37,0.0,1
73.53,5.73,1457.34,2.0,58.96,3.97,45.86,25.31,1
63.8,5.46,1591.1,3.49,50.51,3.75,51.61,35.63,0
69.53,5.56,1491.66,2.39,52.57,3.96,45.11,35.62,0
77.61,4.78,1456.32,2.04,56.78,4.3,53.26,44.37,0
85.62,5.54,1537.59,2.08,57.05,3.8,53.63,43.68,0
68.42,5.18,1219.08,1.89,56.84,3.71,48.3,41.37,0
73.42,6.2,1336.68,2.77,67.88,4.3,38.05,18.38,1
77.0,4.6,1624.72,2.23,75.72,4.1,44.34,12.01,0
75.07,4.56,1639.47,2.01,56.1,3.02,38.12,35.13,0
80.92,5.22,1432.07,3.08,56.97,4.54,43.57,32.33,0
86.49,6.74,1494.7,1.93,38.74,4.19,43.09,25.06,0
78.35,6.01,1429.83,1.13,60.36,3.14,42.99,16.19,0
79.0,4.97,1479.17,3.42,43.41,3.84,46.38,1.74,0
70.18,5.19,1203.34,2.83,54.23,3.81,49.87,57.67,0
72.64,5.32,1449.45,2.14,55.21,4.27,45.78,34.46,0
80.24,5.15,1600.81,0.9,43.1,3.39,45.49,37.02,0
80.74,6.18,1507.15,1.93,47.12,3.89,49.61,30.17,1
70.72,6.02,1651.77,2.63,51.1,3.38,52.04,49.17,0
72.46,5.28,1765.58,2.4,52.65,4.12,42.2,51.78,1
65.34,6.0,1506.07,2.45,60.36,3.81,53.72,32.37,0
78.44,4.72,1329.51,1.83,73.46,4.03,52.14,30.87,0
75.03,5.16,1666.34,1.44,52.0,4.39,53.81,36.61,0
67.24,5.38,1175.43,1.02,47.44,3.74,42.37,21.55,0
77.83,6.27,1183.94,1.54,72.97,4.38,61.23,18.67,1
74.74,5.29,1474.6,1.55,55.64,3.07,44.3,24.92,0
76.35,6.18,1212.46,2.2,67.71,3.79,52.69,45.63,0
72.42,4.97,1555.53,3.04,52.47,3.49,45.75,22.34,1
67.64,4.71,1308.5,3.34,51.84,3.77,42.45,16.85,0
69.89,5.75,1280.17,2.32,50.61,4.31,47.34,37.75,0
81.33,4.74,1458.59,2.5,65.76,3.96,52.13,17.54,0
57.07,6.01,1261.47,1.58,56.04,3.25,51.22,35.51,0
67.92,4.85,1209.77,1.82,62.37,3.55,58.2,20.09,0
63.35,3.93,1562.85,1.93,57.97,3.9,45.08,57.58,0
82.32,5.85,1600.3,1.75,74.38,4.33,44.32,25.89,0
72.0,5.73,1578.96,3.47,48.22,4.07,48.76,49.78,0
66.84,5.76,1587.66,1.76,49.91,4.66,52.34,14.93,0
64.58,4.75,1500.64,2.81,68.23,4.14,48.35,60.72,0
62.25,5.76,1252.84,2.47,45.05,4.17,47.67,38.72,0
69.6,5.82,1533.91,2.89,54.46,3.94,33.04,54.69,1
79.66,6.04,1554.92,2.29,60.39,3.47,47.27,28.39,0
77.36,5.01,1381.11,1.5,47.96,3.8,44.93,37.41,0
63.21,4.02,1449.81,2.13,52.07,4.09,57.84,48.73,0
74.88,6.03,1651.05,2.7,50.74,4.62,49.68,49.94,0
70.15,5.4,1242.76,2.23,55.43,4.14,51.15,34.86,0
87.48,5.93,1518.69,2.12,64.37,4.11,41.55,32.72,1
66.44,5.36,1745.86,1.5,54.25,3.54,59.1,33.12,0
65.44,4.84,1211.14,1.77,44.23,3.87,50.75,46.7,0
56.63,5.41,1300.66,2.64,68.92,3.52,53.42,32.96,0
61.97,4.95,1258.54,2.5,63.36,4.33,47.81,55.45,0
79.59,5.07,1376.73,2.25,63.41,3.6,49.67,46.43,0
65.77,5.35,1485.43,2.81,47.69,4.45,55.44,40.89,0
77.6,5.5,1355.98,2.26,57.99,3.55,48.62,42.0,0
78.6,4.15,1225.37,3.17,54.86,4.86,36.78,31.55,0
80.56,5.68,1215.36,2.28,31.71,3.97,42.6,34.64,0
75.63,5.54,1442.04,3.4,56.87,4.46,59.75,57.26,0
83.02,6.09,1368.52,2.97,76.64,4.35,48.69,33.89,0
60.56,5.04,1494.61,2.35,57.27,3.57,39.18,50.07,0
66.96,5.76,1443.35,2.82,50.33,3.81,50.6,35.56,0
67.15,4.46,1221.64,3.39,74.69,3.85,51.76,26.3,0
70.32,5.02,1454.15,1.87,57.74,4.04,42.41,60.27,0
71.45,4.36,1418.37,1.39,52.22,4.03,44.42,46.11,0
69.84,5.95,1355.69,2.59,66.53,4.53,54.35,22.56,0
81.17,4.89,1349.77,2.3,52.24,4.02,49.51,18.68,0
72.96,4.6,1521.65,3.4,68.99,4.24,57.1,21.52,0
74.32,5.29,1584.78,2.73,55.58,3.63,53.29,36.09,0
77.23,5.66,1483.54,2.88,42.75,3.26,54.43,39.47,0
69.81,5.58,1467.76,2.2,56.18,3.9,49.05,16.56,0
82.18,5.76,1665.45,2.22,52.57,4.3,34.86,47.0,0
63.49,5.13,1384.28,2.02,40.24,3.69,45.64,11.37,0
68.2,5.94,1873.21,2.2,60.71,4.43,45.93,26.27,0
64.7,4.21,1217.5,2.23,62.61,3.86,53.08,36.24,1
75.3,5.34,1234.63,3.46,44.79,4.72,34.76,18.64,0
59.41,4.07,1496.69,1.04,43.11,4.41,44.75,24.74,0
79.36,6.32,1241.38,2.59,45.29,4.52,45.73,28.97,0
85.3,4.57,1661.8,2.18,68.12,4.31,48.86,51.83,0
78.42,4.52,1626.63,1.41,47.53,3.06,49.7,0.0,0
77.23,5.66,1437.77,2.46,53.92,4.6,40.43,66.24,1
77.76,4.9,1582.07,1.56,54.24,4.66,46.46,26.49,0
77.01,4.23,1802.6,3.23,61.66,4.64,38.98,34.21,0
71.72,6.34,1715.91,1.88,49.66,4.25,54.12,21.96,0
66.58,4.85,1649.91,2.63,39.86,4.11,47.76,29.96,0
64.99,5.78,1334.94,1.72,44.27,4.55,47.58,40.32,0
71.64,5.15,1392.87,2.06,54.06,3.5,48.02,43.12,0
64.0,6.09,1323.54,2.62,65.98,3.79,49.17,19.55,0
74.67,4.02,1268.18,2.79,49.4,3.7,59.4,77.66,0
77.51,5.58,1443.69,2.53,59.31,3.62,44.4,33.56,0
76.4,5.14,1540.43,1.78,59.7,3.96,43.56,35.62,0
68.51,5.38,1534.9,2.67,56.59,3.53,43.65,63.82,0
67.88,6.46,1342.06,2.24,58.11,4.22,42.18,27.42,0
66.25,5.74,1234.35,2.35,62.15,3.89,43.88,58.66,0
83.5,5.1,1511.34,2.38,59.33,3.74,54.3,49.19,0
69.53,4.88,1596.97,2.07,42.27,4.34,56.04,7.75,0
59.35,4.83,1551.05,2.65,59.24,3.83,60.09,45.13,0
72.13,5.11,1175.86,2.67,42.53,4.11,47.64,25.41,1
74.2,4.97,1705.35,2.63,52.69,3.72,41.24,42.45,0
84.22,5.29,1670.98,2.55,50.62,4.07,46.02,80.58,0
63.43,4.82,1425.75,3.28,55.85,3.86,57.08,21.34,0
73.84,4.91,1790.06,1.09,53.48,4.05,49.91,33.29,0
70.58,4.05,1273.57,1.64,63.25,4.21,43.83,40.51,0
68.13,5.16,1635.56,3.25,41.26,3.92,51.55,22.55,0
73.81,5.93,1562.31,2.54,75.22,3.94,39.44,35.01,0
65.72,5.94,1538.51,2.07,50.19,4.29,55.32,52.68,0
76.88,5.07,1307.13,3.05,52.63,4.55,50.92,21.81,0
85.46,5.35,1454.7,2.02,62.44,3.34,52.66,41.0,0
60.3,4.83,1495.87,1.97,45.45,4.31,50.69,7.7,0
74.47,5.14,1331.53,1.72,56.03,3.84,58.64,26.27,0
83.9,4.73,1588.57,1.56,38.36,3.46,48.05,29.61,0
76.49,4.91,1494.85,2.1,51.96,3.74,52.08,58.32,0
68.74,4.54,1682.95,2.88,45.51,3.47,45.08,34.94,0
69.25,4.1,1410.89,2.47,60.12,3.94,54.1,42.79,0
71.81,5.02,1307.38,1.31,43.15,3.66,40.39,23.92,0
61.65,5.12,1547.97,3.4,40.98,3.67,45.06,35.7,0
74.02,4.65,1285.02,4.01,48.58,4.73,44.28,59.73,0
64.69,5.69,1379.34,2.4,58.35,4.12,45.2,30.66,0
77.06,4.91,1313.29,2.54,66.76,4.15,38.03,29.04,0
67.83,5.02,1604.59,1.13,59.88,4.06,63.83,15.8,0
83.76,4.62,1958.46,1.86,56.55,3.88,42.66,23.64,0
74.55,5.16,1393.0,3.01,68.2,3.92,55.62,33.6,1
67.03,4.6,1413.77,3.73,57.33,3.77,47.59,13.25,0
70.23,4.07,1267.18,2.19,72.81,3.83,43.9,33.63,0
79.95,5.84,1328.11,1.83,66.21,3.77,49.01,35.38,0
73.98,5.84,1319.12,1.63,63.75,3.76,51.47,8.75,0
71.51,5.19,1589.96,2.48,60.07,4.34,57.06,49.61,1
65.16,5.17,1412.13,2.61,70.99,3.89,45.28,11.46,0
57.68,4.52,1555.7,2.58,48.59,3.67,60.9,26.42,1
63.96,5.69,1218.04,2.97,60.52,4.23,49.22,1.45,0
79.73,5.29,1370.4,3.06,51.98,4.5,39.67,31.96,0
78.42,5.47,1261.42,3.14,51.67,3.72,44.22,6.86,0
59.35,5.29,1267.02,2.15,60.68,3.71,48.56,33.02,0
69.3,5.07,1334.26,1.65,79.76,3.37,43.95,17.82,0
59.81,4.91,1529.64,2.41,63.53,4.3,42.14,39.42,0
66.47,3.98,1490.27,2.8,58.67,3.95,40.14,21.48,0
67.69,5.12,1355.8,2.59,62.08,4.17,49.06,52.4,0
69.12,5.16,1397.5,2.35,65.35,3.94,45.05,16.0,0
58.97,4.63,1269.96,3.98,44.36,4.4,50.54,33.59,0
66.77,4.11,1466.87,1.95,56.41,4.1,47.24,34.63,0
62.28,5.25,1471.64,2.31,51.26,3.53,46.36,31.07,0
67.69,5.42,1456.21,2.69,52.66,4.69,48.07,49.48,1
79.63,4.23,1220.3,2.48,65.32,3.78,41.64,49.15,0
71.06,5.51,1476.83,1.46,71.21,3.84,59.53,26.43,0
67.35,5.87,1323.44,2.51,54.19,4.72,39.72,32.39,0
75.81,4.68,1667.31,2.15,58.24,4.45,47.61,40.96,1
74.1,5.55,1267.45,2.5,45.05,4.01,52.64,32.2,0
77.01,4.48,1353.21,2.12,44.7,3.3,39.99,49.07,0
57.42,5.28,1446.62,3.75,43.61,4.1,53.62,26.55,1
62.14,4.56,1473.06,2.05,45.73,3.82,52.57,28.59,0
84.32,4.83,1302.66,1.34,36.3,4.4,42.64,33.37,1
69.42,6.25,1538.06,0.96,64.16,3.53,47.8,10.31,0
70.54,4.45,1286.7,3.09,55.73,4.66,40.87,48.33,0
75.68,5.58,1394.85,1.44,49.02,4.19,40.46,61.64,0
67.85,5.3,1993.61,2.17,69.32,3.76,40.25,28.43,0
76.31,4.49,1593.65,1.7,44.77,4.0,50.68,11.19,0
76.33,5.44,1352.94,2.66,69.05,4.02,44.29,78.6,0
72.64,4.64,1358.26,3.06,57.6,4.25,43.09,57.78,0
81.9,5.61,1382.16,3.73,57.83,4.09,52.1,53.63,1
82.53,5.27,1363.01,3.35,51.29,3.79,45.74,23.93,0
68.31,5.06,1859.64,1.6,64.17,3.92,49.13,32.16,1
71.63,5.28,1464.66,2.84,64.03,4.38,47.83,44.7,0
72.8,5.58,1550.83,2.35,59.19,4.07,57.43,14.44,0
76.54,6.81,1296.71,2.89,30.15,3.64,40.89,14.62,0
75.22,4.59,1422.35,2.68,65.14,4.21,48.77,32.91,0
73.82,5.59,1571.25,2.14,56.49,4.66,59.69,54.83,1
69.6,5.84,1681.35,3.03,43.55,4.54,47.34,27.6,0
72.28,4.89,1406.95,2.27,68.62,3.88,54.32,37.11,0
63.95,4.74,1086.44,2.37,50.05,3.93,46.54,10.39,0
65.69,4.32,1766.25,3.47,50.81,4.5,44.44,46.77,0
74.99,5.97,1745.41,2.63,50.48,4.39,44.25,20.2,0
65.16,4.93,1678.01,2.5,84.85,3.75,46.7,4.21,0
65.1,6.19,1274.47,2.66,69.89,4.31,44.27,49.57,0
77.53,5.57,1351.55,3.06,54.64,4.42,51.59,7.52,0
76.77,4.94,1687.34,2.79,52.13,3.87,48.2,52.66,1
72.26,4.43,1305.0,2.13,61.39,3.7,48.75,10.37,0
71.34,5.19,1361.2,2.18,73.97,3.85,50.69,39.21,0
60.04,5.51,1395.63,2.99,65.24,4.31,51.51,55.97,0
71.26,5.61,1627.29,3.01,37.91,4.35,41.32,47.2,0
73.49,5.32,1683.9,1.92,39.77,3.8,55.2,41.46,0
67.18,4.82,1236.83,2.36,54.16,4.17,49.34,33.55,1
72.85,5.42,1592.38,2.95,54.52,4.21,45.23,30.22,0
72.97,5.87,1462.1,2.3,52.73,4.21,38.26,20.39,0
65.87,6.08,1358.69,1.83,77.1,3.94,48.38,61.33,0
67.41,4.02,1204.74,3.34,48.95,4.03,42.01,60.22,0
79.25,4.89,1402.89,1.66,59.68,3.95,33.15,33.05,0
87.25,5.63,1467.24,2.69,39.13,4.43,60.4,21.38,1
71.3,5.94,1524.83,3.75,34.58,4.23,50.31,48.6,1
73.61,4.91,1439.59,1.56,35.89,4.04,48.6,23.76,0
72.95,5.83,1430.91,2.31,48.99,4.04,50.27,56.06,0
70.96,4.81,1380.96,3.14,58.46,3.98,49.98,25.59,0
61.75,4.77,1648.15,2.33,52.91,4.03,46.68,41.42,0
70.21,5.46,1523.71,3.08,47.79,3.85,44.05,44.42,0
61.59,5.57,1346.38,2.37,46.66,3.67,44.47,55.55,1
68.53,5.92,1565.22,1.83,57.39,3.97,47.83,36.31,1
72.37,4.51,1533.92,1.98,52.68,3.89,44.34,32.33,0
62.85,5.07,1555.36,2.3,57.17,3.92,52.81,14.68,0
76.61,5.46,1211.67,2.15,34.92,3.98,50.11,13.49,0
70.18,4.62,1410.25,2.81,46.78,3.79,47.27,31.12,0
70.38,4.86,1141.17,2.11,58.03,4.28,43.33,42.75,0
60.45,4.57,1488.97,2.53,45.43,3.89,47.51,28.07,0
70.45,5.66,1445.31,2.32,56.56,3.13,48.55,35.41,0
60.45,4.03,1539.66,2.26,37.31,3.4,42.85,28.3,1
70.71,6.15,1637.18,2.31,48.99,3.51,55.22,41.5,0
68.48,5.04,1558.7,3.17,53.75,3.67,37.4,32.08,0
63.86,5.69,1134.05,2.44,76.01,4.91,59.87,21.48,0
74.33,5.9,1827.0,2.86,55.81,4.22,51.06,58.85,0
72.56,5.4,1547.37,2.82,57.23,3.33,54.11,32.92,0
69.95,5.38,1530.15,2.92,56.34,4.34,46.79,33.86,0
78.97,6.18,1377.18,1.7,50.19,3.66,51.0,36.85,0
82.6,4.29,1666.91,3.02,35.31,4.58,50.33,38.05,1
73.57,5.21,1710.04,1.92,45.48,3.54,48.32,41.93,0
72.61,4.79,1424.02,2.6,50.99,3.81,48.5,38.77,1
81.2,5.66,1215.46,2.35,50.38,3.81,53.11,51.3,0
62.51,5.67,1638.5,2.0,66.19,3.57,41.56,36.6,0
71.64,4.36,1146.3,2.54,59.51,3.74,48.81,30.06,0
71.25,4.77,1714.31,1.32,54.79,4.22,40.89,54.91,0
64.97,5.02,1366.1,2.13,58.42,3.82,45.95,46.27,1
81.34,4.78,1283.78,2.01,33.29,3.98,48.91,50.91,0
67.63,4.12,1608.51,2.2,72.83,4.33,50.62,20.83,1
78.19,5.02,1649.77,3.39,45.49,4.82,48.42,21.09,0
66.66,5.05,1358.52,3.41,53.74,3.88,52.36,32.67,0
71.99,5.19,1593.83,1.62,52.33,4.22,38.79,33.1,0
77.08,4.86,1277.42,2.33,46.82,3.54,52.43,56.68,0
62.09,5.17,1439.46,2.04,44.64,3.62,59.73,39.14,0
70.46,5.1,1449.11,2.76,58.04,4.06,48.93,29.24,0
67.47,5.11,1909.95,2.45,37.76,4.02,44.83,45.38,0
65.0,6.56,1520.51,2.27,46.99,4.14,41.82,8.53,0
58.73,5.48,1506.27,2.18,45.02,4.26,50.0,36.95,0
70.95,4.75,1539.45,3.1,68.41,4.04,51.89,42.63,0
77.61,6.44,1381.86,2.62,53.19,4.19,52.69,29.96,1
54.68,5.57,1221.35,2.23,54.51,4.48,49.8,64.67,0
70.6,5.6,1435.63,2.81,44.92,4.03,48.2,31.74,0
68.01,5.45,1440.86,2.37,65.52,3.88,37.36,27.38,1
76.91,5.43,1231.7,2.1,28.35,3.89,48.57,38.48,0
68.46,4.73,1363.21,0.86,43.51,3.91,47.15,27.45,0
72.9,5.54,1422.94,2.88,42.28,4.05,41.48,27.81,0
65.17,4.22,1574.01,2.13,52.39,3.64,45.38,42.45,0
77.34,4.59,1233.61,3.19,52.22,3.88,37.26,22.95,1
72.18,5.73,1431.82,2.46,44.68,4.65,49.1,0.0,0
71.44,5.08,1482.51,3.38,57.83,4.49,65.88,51.42,1
77.08,5.27,1342.6,2.0,53.04,3.42,45.53,31.33,1
71.59,5.44,1303.73,1.83,56.88,4.07,30.77,0.04,0
68.36,5.26,1630.64,2.51,60.18,3.8,60.53,49.22,0
74.98,5.68,1188.94,2.11,51.73,3.77,45.24,14.86,0
67.19,5.54,1209.44,2.63,60.13,4.03,55.28,19.24,0
63.22,5.28,1573.26,1.69,38.13,3.68,46.49,44.06,0
75.13,6.6,1370.05,1.63,63.34,3.19,51.65,30.81,0
75.26,5.5,1635.4,2.46,65.31,3.83,55.14,32.42,0
63.67,5.27,1194.23,4.0,54.25,3.79,50.0,57.26,0
73.05,5.41,1266.54,1.78,45.59,3.4,51.94,51.49,0
72.84,5.87,1190.8,2.81,53.09,4.49,46.23,17.52,0
69.75,4.84,1595.22,1.36,70.46,4.04,49.79,34.47,0
72.77,5.39,1190.25,2.65,44.54,4.11,50.08,46.92,0
76.42,4.85,1056.37,3.17,61.74,3.89,34.88,27.58,0
73.69,5.29,1324.56,2.85,70.29,3.76,53.08,48.64,0
77.93,5.72,1667.3,2.56,52.81,4.21,50.75,37.24,0
66.65,4.36,1395.14,2.4,56.89,3.98,58.14,21.39,0
69.27,5.13,1359.24,2.01,67.2,4.28,45.07,12.26,0
77.43,5.71,1542.04,3.38,42.59,3.8,51.19,20.27,0
70.21,5.95,1293.93,2.46,73.78,3.89,37.92,12.28,0
68.35,4.52,1196.35,1.26,35.99,3.8,36.19,39.8,0
72.88,6.08,1209.5,2.5,67.33,3.91,44.64,34.3,0
61.36,5.33,1370.32,1.38,50.95,3.88,56.75,41.86,0
66.76,5.05,1681.62,2.25,54.33,3.91,54.06,44.52,0
66.74,5.13,1350.07,2.73,79.92,4.28,47.37,43.52,0
76.93,4.94,1491.08,3.47,63.41,4.45,43.42,38.33,1
77.28,5.5,1231.1,4.2,63.47,3.52,47.81,24.11,0
76.67,4.76,1394.3,2.68,51.08,3.92,38.4,8.11,0
55.53,6.13,1304.86,2.47,47.98,4.34,46.88,35.03,0
77.25,5.64,1321.5,2.83,61.95,3.78,42.05,29.21,0
59.59,5.4,1354.73,2.32,67.63,3.8,49.91,45.71,0
67.91,5.35,1426.71,2.59,71.27,4.64,59.95,16.1,0
81.18,5.77,1505.84,1.61,57.65,3.97,45.16,29.51,0
67.47,4.94,1244.38,1.58,37.71,4.48,51.48,13.1,0
64.22,5.77,1771.65,1.92,55.67,4.19,51.48,32.84,0
74.15,4.94,1702.11,1.99,52.09,4.16,52.16,45.22,0
70.93,4.47,1247.84,2.69,63.5,4.33,53.4,48.68,1
71.38,4.47,1820.92,1.65,81.52,4.24,49.85,40.89,0
88.03,5.84,1604.78,1.88,63.43,4.61,44.73,35.05,0
74.66,5.28,1261.25,2.52,36.77,3.71,40.6,41.55,0
67.63,5.09,1328.13,1.14,65.53,4.21,52.77,44.65,0
67.93,5.77,1626.2,3.27,48.65,4.01,50.55,57.19,1
69.28,5.67,1487.33,2.27,56.65,4.08,41.63,33.5,0
70.73,4.53,1412.37,3.08,59.42,4.2,43.08,19.49,0
65.75,5.42,1260.55,2.7,39.7,4.23,42.77,38.07,0
59.72,4.93,1523.42,2.3,36.2,3.48,50.91,56.11,1
60.93,3.74,1458.1,1.95,59.13,4.13,50.65,47.65,0
86.97,5.9,1251.92,2.09,69.38,4.05,47.22,18.95,0
73.28,4.65,1500.93,1.84,61.3,4.85,48.11,53.99,0
79.67,4.63,1293.62,2.71,45.92,3.93,40.89,35.13,0
56.44,4.59,1333.59,2.62,61.56,4.16,53.95,0.0,0
70.1,4.44,1378.7,1.54,49.17,3.65,44.98,29.45,0
70.41,5.31,1368.59,3.33,53.38,3.86,38.4,15.76,0
80.75,5.92,1216.26,1.5,58.11,3.77,40.29,25.72,0
77.51,5.48,1341.32,2.92,51.02,3.18,47.27,12.73,0
71.16,4.91,1661.9,1.57,37.08,3.75,54.76,35.95,0
61.66,4.18,1687.07,1.94,49.61,3.73,47.86,37.38,0
69.82,4.98,1614.8,2.49,48.82,4.44,51.15,42.96,0
67.61,5.34,1739.01,2.1,46.49,4.35,42.2,76.29,0
80.47,4.73,1276.35,1.5,56.31,4.09,48.27,38.98,1
81.96,3.83,1541.14,2.31,48.49,4.45,55.08,35.13,0
69.31,5.57,1413.85,2.94,53.18,4.57,53.25,23.37,0
72.42,5.33,1380.93,2.26,67.52,4.0,55.47,9.81,1
85.71,6.26,1587.14,2.5,67.53,4.35,45.21,33.13,0
73.37,5.42,1336.96,3.16,58.75,4.22,55.67,40.5,0
70.65,5.06,1586.02,1.9,64.3,3.73,41.72,54.17,0
77.53,5.55,1430.16,2.19,50.12,3.97,48.98,47.56,0
67.63,4.74,1389.77,1.87,65.18,4.16,52.35,33.51,0
72.68,5.66,1525.61,3.1,40.05,4.0,52.63,27.55,0
75.68,4.0,1079.2,2.66,50.74,4.23,43.48,52.86,0
72.88,4.19,1262.79,2.22,48.38,3.9,53.09,33.82,0
63.64,6.21,1442.11,1.51,43.48,3.73,55.12,25.26,0
67.73,6.04,1418.37,2.74,60.1,4.75,46.01,34.34,0
74.65,5.65,1346.67,3.03,74.1,4.14,55.34,45.01,0
72.1,6.21,1581.35,2.34,45.37,3.72,55.24,44.3,0
74.33,5.2,1608.78,2.11,52.53,3.29,51.27,16.91,0
71.89,5.22,1247.33,2.47,46.37,4.29,42.37,52.22,0
77.29,5.74,1351.98,3.72,64.69,3.62,38.86,20.1,0
79.79,5.85,1279.79,1.69,62.93,3.74,45.29,28.73,0
78.37,4.86,1401.51,2.27,40.69,4.63,46.7,38.46,0
60.33,5.08,1545.12,2.27,57.92,3.67,43.84,14.94,0
78.93,4.99,1554.92,1.06,62.47,4.21,53.07,36.4,0
71.33,5.79,1332.44,2.5,51.47,4.12,50.78,4.52,0
73.56,4.97,1198.38,2.35,46.29,4.04,54.76,9.23,0
74.71,5.23,1550.22,2.33,60.96,3.83,36.74,27.84,1
72.79,4.57,1401.92,2.01,60.69,3.39,50.42,52.28,0
72.59,4.26,1592.8,2.79,60.91,4.03,49.28,26.41,0
72.21,5.04,1203.02,3.38,50.27,3.49,50.24,26.49,0
75.29,4.84,1612.9,3.05,46.35,3.71,51.15,63.45,0
79.72,5.87,1358.0,2.74,57.53,4.37,49.66,18.84,1
67.27,5.09,1511.3,2.42,53.14,4.01,52.52,40.84,0
68.6,5.2,1128.26,2.67,71.4,4.01,37.76,29.59,0
71.79,4.12,1335.57,2.8,52.93,4.14,42.17,38.02,0
78.51,5.24,1586.88,2.68,63.37,4.33,43.93,35.61,0
73.24,4.32,1348.7,2.4,60.38,4.23,52.99,35.82,0
77.2,5.63,1237.94,2.48,71.09,3.73,51.56,38.07,0
84.63,6.02,1073.49,1.76,52.01,4.04,45.37,6.93,0
72.57,4.24,1715.02,2.38,45.17,4.07,53.98,39.8,0
68.13,3.88,1628.08,2.84,43.35,4.76,53.48,30.85,1
68.68,4.04,1680.66,2.31,31.0,4.39,38.76,24.57,0
67.37,4.8,1181.68,1.46,41.33,4.13,47.37,15.83,0
74.58,4.95,1688.6,2.43,50.59,4.2,52.22,41.29,0
72.72,6.0,1352.32,2.22,46.79,3.43,58.63,33.87,0
72.16,5.6,1627.54,2.46,44.41,3.57,45.0,14.4,0
72.13,4.56,1054.61,1.87,57.39,3.7,56.07,20.74,0
82.5,5.76,1323.41,2.78,56.7,3.91,42.9,32.25,1
64.14,5.59,1331.74,1.77,68.7,4.34,48.29,35.24,0
76.77,5.01,1425.46,2.4,53.67,3.27,54.79,61.59,0
74.58,5.57,1244.25,2.76,50.36,4.2,46.84,19.42,0
69.92,6.25,1569.75,3.95,61.14,4.14,39.73,54.48,0
66.22,4.65,1619.13,2.92,65.97,4.48,52.89,19.52,0
67.53,6.17,1688.72,2.63,53.19,4.38,43.17,37.82,0
79.09,5.59,1734.11,2.08,74.72,4.17,56.62,44.83,1
80.67,5.08,1508.48,3.05,40.09,3.69,49.21,6.52,0
73.22,4.94,1175.23,1.44,63.57,4.19,42.03,45.46,0
66.95,4.92,1456.16,1.91,47.41,3.89,53.55,33.06,0
56.42,4.86,1288.36,2.05,48.61,3.98,47.96,54.22,0
68.34,5.38,1133.76,1.41,66.01,4.38,49.03,46.7,0
75.24,5.72,1843.38,1.84,79.56,4.12,49.17,26.61,0
71.03,5.07,1452.15,2.61,43.95,3.63,42.92,24.59,0
73.27,6.04,1232.87,2.7,58.0,4.18,57.15,15.51,0
65.02,5.55,1637.82,2.06,52.58,3.89,50.84,35.74,0
77.85,4.78,1340.84,3.23,48.32,4.29,46.9,20.89,0
76.96,5.63,1739.58,3.16,46.73,4.09,59.0,62.44,1
84.28,6.08,1391.75,2.27,47.1,4.14,47.33,13.03,1
58.86,4.77,1489.86,2.03,50.4,4.49,45.21,26.43,1
71.2,7.1,1502.99,2.96,67.22,4.3,44.29,32.64,1
71.23,5.97,1632.0,3.8,55.17,4.13,42.41,19.3,1
65.91,4.61,1492.55,2.11,51.82,3.71,48.42,15.71,0
73.94,5.82,1463.29,3.06,51.12,4.07,40.23,33.59,0
59.84,4.64,1774.31,2.28,65.13,3.8,43.73,32.17,1
68.55,5.41,1652.64,1.11,56.2,4.46,46.75,5.13,0
63.54,5.05,1313.41,1.9,44.98,4.59,40.78,32.22,0
71.69,5.88,1343.34,2.77,44.5,4.4,48.43,22.59,0
70.42,5.13,1631.04,2.23,77.8,4.1,59.34,40.23,0
72.01,5.02,1198.08,1.51,61.37,3.77,57.88,43.44,0
66.21,5.64,1557.24,2.93,55.57,3.6,44.79,11.14,0
63.08,5.6,1592.31,3.17,36.57,4.05,48.7,36.13,0
68.02,5.35,1350.36,2.67,63.16,3.6,44.87,39.19,0
66.86,5.15,1383.22,2.54,59.29,4.17,40.49,40.31,0
79.79,4.71,1491.65,2.8,55.54,4.21,44.84,48.39,0
73.54,4.78,1452.96,2.19,35.69,3.98,48.3,29.99,0
73.97,6.64,1183.23,2.23,69.73,4.17,46.95,38.56,0
73.17,4.32,1420.92,1.11,42.65,3.79,45.2,59.24,0
69.3,5.12,1392.24,2.38,54.75,4.86,40.57,24.01,0
65.81,6.54,1218.99,3.7,66.72,3.2,51.38,7.88,0
66.88,4.71,1494.96,2.88,52.94,4.49,53.42,56.75,1
71.3,4.85,1482.89,2.18,33.03,3.83,58.95,36.14,0
60.37,5.61,1422.81,2.76,56.9,4.24,47.18,50.87,0
77.03,5.24,1699.3,0.84,40.62,4.25,46.7,27.74,0
81.16,5.23,1459.22,0.56,61.98,4.01,46.52,31.67,0
65.06,5.48,1606.9,3.08,49.62,3.74,45.01,43.8,0
67.96,4.48,1716.57,2.47,48.0,4.05,47.23,30.95,0
68.03,4.85,1289.08,2.02,54.47,4.31,49.9,17.1,1
76.92,5.66,1461.7,2.96,77.35,4.18,45.34,36.69,0
72.55,6.06,1357.1,2.42,66.03,4.55,51.82,32.28,0
79.02,4.71,1663.26,2.45,85.65,4.76,59.62,50.13,1
65.29,6.1,1461.59,2.6,53.27,3.42,33.54,51.61,1
76.53,5.16,1228.31,3.84,62.29,4.02,49.81,27.81,1
70.63,4.56,1446.46,2.1,56.36,4.14,56.22,33.23,0
80.71,5.11,1599.82,2.78,61.02,3.76,42.61,12.57,0
78.16,4.48,1628.77,1.62,40.5,3.41,53.66,34.49,0
76.85,5.15,1937.44,2.43,47.8,4.22,48.53,27.77,0
74.69,4.55,1257.67,2.15,72.28,4.42,52.57,21.5,0
90.35,4.9,1468.31,2.21,49.13,4.37,46.76,44.52,0
76.35,4.65,1557.61,2.27,60.62,4.4,45.55,7.31,0
75.98,4.75,1732.04,2.26,47.22,3.9,55.73,58.99,0
78.9,4.48,1435.5,3.36,64.22,4.22,38.61,16.33,0
74.58,5.19,1448.93,4.06,35.95,4.35,50.59,36.02,0
69.0,4.48,1328.51,2.5,58.08,4.28,50.94,42.63,0
73.26,4.73,1885.49,2.33,60.61,3.85,43.96,33.93,0
73.92,5.6,1094.32,2.24,75.23,4.66,39.45,48.11,1
75.09,4.17,1535.91,2.15,50.61,4.58,49.55,43.97,0
82.41,4.4,1491.41,3.17,61.25,4.26,63.25,30.06,0
75.55,4.87,1509.79,2.14,51.44,4.03,57.77,63.41,1
70.03,4.04,1354.24,2.16,47.96,4.26,40.16,27.02,0
77.43,4.7,1531.28,2.7,49.46,3.93,52.83,43.18,0
54.34,5.4,1036.98,1.25,47.26,3.53,55.81,17.45,0
65.03,4.5,1435.25,1.27,34.6,4.2,46.48,39.11,0
65.86,5.87,1288.15,2.16,57.02,4.08,40.83,23.88,0
80.96,5.06,1717.99,2.71,68.42,4.32,42.9,41.25,0
69.95,5.24,1631.11,2.22,73.77,3.49,61.3,46.36,0
72.05,5.78,1375.15,2.44,52.89,4.18,57.5,23.88,0
83.18,5.47,1493.85,2.99,61.77,4.0,45.58,37.7,0
69.56,5.17,1357.8,2.31,48.86,4.43,58.25,37.45,0
77.87,4.27,1478.62,0.93,54.95,3.7,36.29,44.38,0
72.57,5.4,1251.1,2.41,54.25,4.46,50.42,36.17,0
73.89,4.29,1390.82,2.92,57.88,3.98,51.05,50.9,0
67.06,5.74,1440.1,2.16,41.57,4.35,44.58,41.96,0
73.16,5.6,1346.21,2.01,57.63,3.84,53.65,4.16,0
79.03,4.74,1416.13,1.62,53.25,4.02,36.16,47.84,0
68.23,4.9,1402.55,1.93,52.06,3.88,46.78,43.23,0
72.71,5.88,1315.92,1.98,59.46,4.11,51.27,23.01,0
78.29,5.32,1319.73,2.42,65.84,4.1,54.04,27.2,0
68.22,6.2,1378.79,3.27,48.81,3.88,56.57,35.48,0
68.67,4.88,1546.13,2.05,44.3,4.37,50.15,27.48,0
78.21,4.74,1266.03,2.25,39.83,3.87,53.09,45.23,0
71.47,5.08,1377.95,1.97,57.92,3.84,46.89,32.17,1
78.38,5.86,1438.77,1.75,54.78,4.24,54.91,29.24,0
68.24,6.09,1612.7,1.93,52.84,4.09,43.3,43.91,0
71.98,4.11,1487.44,1.37,56.17,3.59,50.23,3.31,0
81.15,5.18,1064.67,3.32,57.95,3.84,46.64,33.77,0
61.94,6.0,1477.17,2.04,69.41,3.85,43.16,30.24,0
58.89,4.66,1472.69,2.27,49.55,4.02,46.04,34.5,0
80.2,5.0,1349.78,2.48,49.29,3.69,41.74,35.14,0
73.7,5.07,1366.26,2.21,58.76,4.19,37.28,36.04,0
63.9,5.92,1390.34,2.28,62.95,3.14,48.66,27.08,0
69.15,5.49,1275.88,2.85,55.36,4.14,44.44,8.3,0
80.42,4.23,1428.87,2.85,56.38,3.73,56.32,33.27,1
72.61,5.03,1379.34,2.54,61.3,4.22,56.07,45.09,0
74.34,4.06,1682.47,3.32,62.32,4.04,55.04,34.41,1
75.5,5.2,1223.35,2.44,74.75,3.92,48.53,18.05,0
77.3,5.18,1462.0,3.17,62.37,4.01,51.05,24.4,0
72.56,5.12,1753.55,2.45,37.32,3.98,46.87,30.26,0
79.67,4.66,1310.33,2.14,60.04,4.08,56.43,16.47,0
69.75,4.97,1448.33,3.23,48.74,4.59,50.83,29.56,0
73.63,3.76,1856.36,3.08,45.75,3.88,40.29,22.5,0
72.68,4.1,1329.63,2.93,48.53,3.3,35.72,27.79,0
78.16,4.7,1130.08,3.53,66.87,3.92,38.73,50.65,0
68.63,4.7,1168.17,2.13,57.6,4.06,48.35,4.25,0
71.14,5.27,1373.42,2.36,39.85,3.65,58.83,54.91,0
80.02,5.11,1164.61,1.47,48.61,3.71,47.48,91.38,0
85.91,3.93,1357.57,1.99,43.17,3.6,48.89,42.83,0
64.24,5.1,1086.12,1.65,49.87,4.36,53.96,21.21,0
74.71,4.36,1488.04,3.06,32.15,4.19,51.49,59.13,0
62.07,5.6,1439.39,3.19,48.28,3.45,46.43,17.43,1
59.32,5.46,1626.66,2.97,38.38,3.83,52.95,46.16,1
79.42,5.34,1391.02,3.59,62.46,4.05,43.01,17.53,0
72.59,5.28,1413.19,2.61,62.87,4.11,44.14,15.77,0
71.4,6.15,1666.14,2.81,62.36,4.52,42.29,34.25,0
64.66,5.18,1319.01,1.92,53.56,3.72,47.66,38.64,0
72.21,5.53,1426.23,3.43,42.12,4.09,49.92,24.73,0
64.42,5.52,1637.86,2.96,64.36,4.37,35.06,59.31,0
67.47,4.48,1217.76,2.63,36.98,3.93,49.23,31.58,0
71.85,5.16,1354.26,2.77,52.26,4.5,48.27,25.12,1
70.56,5.22,1352.41,1.4,50.63,3.58,45.13,37.76,0
86.64,4.74,1568.44,1.71,47.18,3.86,49.33,38.68,0
70.23,4.66,1363.47,1.74,44.7,4.06,51.58,64.4,0
72.48,4.18,1391.86,2.95,65.61,4.61,38.58,26.57,0
74.05,4.24,1025.6,2.19,46.59,4.06,50.11,41.61,0
90.48,5.29,1187.32,1.4,65.83,4.12,44.94,14.51,1
64.27,4.91,1199.0,2.22,64.6,3.85,47.39,31.0,0
68.72,3.86,1359.09,2.37,75.26,4.12,45.42,30.34,0
81.02,4.59,1452.44,2.83,75.81,3.66,45.84,25.1,0
71.74,5.57,1494.24,2.94,50.19,4.04,55.14,32.22,0
81.58,4.53,1499.29,3.07,50.93,4.49,49.27,44.79,0
64.52,4.67,1593.91,1.49,40.02,3.76,51.88,32.53,0
71.06,4.91,1332.11,1.76,61.53,4.33,45.69,34.63,0
71.05,4.78,1337.6,3.62,60.01,4.13,42.19,31.66,0
81.41,4.97,1206.06,2.68,46.69,4.51,37.53,16.83,0
70.93,5.08,1559.96,2.21,47.77,4.01,35.44,67.32,0
79.33,5.84,1528.81,1.56,71.11,4.15,51.92,24.9,0
74.97,5.75,1538.58,1.36,51.74,4.34,50.68,23.08,0
79.51,5.1,1595.06,2.38,58.33,4.08,45.11,25.1,0
60.14,4.81,1514.58,2.31,54.59,4.11,50.16,55.64,0
72.16,5.18,1246.67,1.48,60.26,3.6,62.63,38.29,0
66.43,5.93,1506.37,2.51,44.28,3.97,46.62,23.17,0
77.77,4.79,1386.29,2.9,57.4,3.42,55.61,52.57,0
68.79,3.43,1250.58,1.87,47.01,4.09,54.01,49.39,0
57.41,5.77,1405.67,1.31,33.45,4.78,45.41,54.24,1
80.13,5.0,1332.35,2.87,54.71,3.74,41.03,54.6,0
74.41,4.31,1525.34,2.12,51.2,3.7,48.03,38.15,1
77.36,4.04,1307.84,1.96,50.9,4.19,46.87,25.9,1
72.74,4.65,1591.15,3.11,38.24,4.25,60.7,52.07,0
74.76,6.32,1514.46,2.59,47.06,3.97,51.2,19.11,0
69.81,5.77,1321.0,3.05,74.05,3.83,43.43,2.15,0
81.86,5.45,1624.72,2.63,56.46,4.08,49.44,30.96,0
73.18,5.27,1585.95,2.73,44.69,3.45,46.87,30.1,0
71.05,4.67,1504.92,2.26,54.43,3.82,50.84,16.75,0
80.62,5.02,1377.92,3.06,47.21,3.61,48.24,22.81,0
75.99,5.11,1619.2,3.0,59.57,3.8,59.16,20.35,0
81.67,5.22,1428.73,2.58,59.47,4.25,55.12,54.74,0
71.02,5.81,1545.69,3.42,65.25,3.87,47.02,45.83,0
70.98,4.43,1404.77,2.17,47.83,3.89,54.82,39.75,0
93.09,5.88,1481.75,2.97,52.08,3.76,48.21,34.85,1
75.34,5.86,1471.26,3.0,42.24,4.27,65.53,25.07,0
79.17,5.17,1818.72,3.1,72.57,3.56,53.95,24.46,0
63.18,6.07,1175.28,1.68,54.66,3.48,51.16,32.9,0
73.36,3.57,1473.68,3.23,54.47,4.62,40.85,43.44,1
73.22,5.86,1464.45,1.8,56.66,4.13,44.3,52.21,0
76.01,5.42,1277.5,3.44,43.38,3.81,52.55,28.72,1
67.22,5.3,1430.11,2.45,60.93,4.5,45.68,32.64,0
73.37,6.0,1325.25,1.98,51.02,4.48,54.28,36.31,1
78.14,5.46,1387.95,2.35,42.52,3.83,43.94,8.46,0
69.4,5.31,1486.17,2.71,69.8,3.37,47.6,35.48,0
79.55,4.52,1475.05,2.63,39.31,3.88,49.94,33.03,0
55.13,4.02,1383.8,3.05,69.38,4.44,45.11,43.7,0
61.4,4.5,1355.39,4.33,53.28,3.92,51.84,31.16,0
71.56,5.59,1358.4,1.04,52.96,3.77,49.93,55.44,0
76.1,5.38,1402.5,2.68,51.27,4.68,49.34,40.76,0
56.34,5.07,1294.42,3.2,52.84,3.89,45.53,36.75,0
76.1,5.38,1766.05,3.22,37.55,3.66,47.22,42.09,1
74.91,6.81,1385.93,2.56,61.09,4.16,50.71,20.15,0
72.74,6.1,1584.37,2.74,50.61,4.4,54.27,32.32,0
57.09,4.16,1648.36,1.78,46.68,4.02,59.63,43.55,0
59.04,5.57,1616.11,2.55,54.28,3.79,39.39,42.7,0
73.54,5.16,1569.07,2.96,35.1,4.49,63.19,53.11,0
72.81,5.69,1346.53,2.71,61.4,3.83,44.23,44.8,0
80.02,4.82,1159.67,3.1,73.03,3.76,51.17,50.7,1
68.85,4.93,1606.46,2.94,49.23,3.17,41.83,52.85,0
79.18,6.88,1589.39,1.18,57.15,4.41,47.74,33.51,0
80.76,4.96,1226.5,2.4,60.08,3.7,57.66,57.68,0
65.06,5.75,1300.52,3.0,58.09,4.1,43.12,30.69,0
61.34,5.14,1559.56,2.81,57.63,3.58,44.28,32.97,0
62.22,5.46,1428.38,2.05,64.42,4.16,44.17,32.8,0
75.65,4.48,1516.46,1.78,53.42,3.52,38.6,48.38,0
70.07,6.47,1703.26,3.02,61.37,4.34,54.84,44.52,0
72.23,4.1,1355.65,2.71,80.76,4.54,45.69,7.24,0
83.01,6.67,1346.55,1.69,35.39,4.01,55.05,61.1,0
79.7,5.36,1366.61,1.64,54.13,3.4,57.37,34.52,1
73.55,6.0,1268.17,2.52,36.9,3.82,52.68,41.34,0
69.78,4.43,1375.92,3.49,63.18,3.77,53.05,13.28,0
58.72,5.39,1555.18,1.99,61.37,4.24,52.27,17.61,0
83.8,5.75,1459.9,2.36,63.41,3.82,40.47,46.94,0
75.06,4.7,1276.13,2.66,52.22,4.11,65.12,24.68,0
67.27,4.94,1599.95,3.3,55.4,4.09,49.08,21.05,0
74.01,4.83,1670.2,1.41,64.7,4.17,42.27,40.18,0
82.34,5.52,1483.37,3.26,57.94,4.07,49.49,40.47,0
78.44,5.37,1362.5,3.37,52.04,3.96,46.09,48.47,0
70.68,5.08,1598.38,2.59,48.35,4.43,35.42,58.94,0
62.88,3.65,1592.22,1.81,59.07,3.92,43.58,56.07,0
74.37,5.35,1843.79,3.31,59.51,3.71,49.82,61.0,0
62.97,4.99,1400.3,1.58,36.14,4.04,37.9,21.05,0
70.8,5.57,1466.39,1.94,32.73,3.76,41.1,29.09,0
65.38,5.86,1775.53,1.81,60.03,3.49,51.09,22.62,0
98.43,4.34,1222.37,1.86,59.78,4.29,43.8,9.81,0
82.88,3.9,1427.75,1.77,63.37,4.91,50.55,31.45,1
59.68,5.49,1836.14,2.24,51.4,4.11,44.63,24.98,0
79.98,3.27,1599.22,1.8,69.98,3.68,55.11,37.51,1
78.58,4.92,1361.02,1.82,29.53,4.42,47.47,37.83,1
67.13,4.19,1334.71,1.56,34.4,3.76,44.84,44.77,0
80.11,6.02,1509.05,2.39,55.06,4.04,53.07,0.0,0
74.39,4.6,1084.38,2.57,42.61,4.43,43.73,34.34,0
74.32,5.34,1297.16,2.06,70.5,3.81,46.67,51.93,1
71.44,5.65,1919.1,1.81,60.32,4.32,40.81,1.42,0
59.76,5.73,1517.52,2.45,21.17,3.54,46.89,71.73,0
73.19,5.0,1500.47,2.18,51.86,3.84,52.37,47.65,0
69.91,4.35,1629.55,1.78,77.57,4.02,38.26,33.16,0
72.23,5.13,1457.66,2.66,67.11,3.57,50.54,37.3,0
84.76,6.31,1374.67,2.06,64.13,4.37,41.44,51.21,1
56.67,4.73,1309.84,2.02,67.89,3.92,53.54,14.49,0
82.23,4.68,1034.26,1.75,53.19,4.42,45.16,27.24,0
78.22,4.62,1524.48,3.04,47.86,4.52,54.21,76.86,1
73.28,5.15,1373.58,2.46,55.16,3.91,55.14,25.81,0
58.71,5.42,1712.28,1.87,73.55,4.13,47.56,41.25,0
82.27,5.0,1471.35,2.52,35.77,3.92,36.96,32.45,0
75.52,6.88,1670.15,2.56,66.85,3.95,49.89,50.35,0
67.52,4.55,1715.01,2.52,61.87,4.14,43.26,33.13,1
69.06,4.24,1442.17,2.51,38.95,3.71,43.36,43.54,0
69.15,5.96,1869.26,2.6,66.74,3.5,46.44,54.26,0
77.16,5.04,1355.11,1.59,53.77,3.93,35.84,26.49,0
70.16,4.77,1604.23,2.47,46.34,4.81,52.35,50.52,0
65.74,5.13,1456.58,2.08,54.5,3.56,43.04,37.74,0
67.49,4.99,1090.41,2.19,55.55,4.08,52.95,33.62,0
64.02,5.34,1324.35,1.92,58.49,4.03,41.6,25.29,0
80.0,4.25,1096.88,2.45,56.36,4.35,54.1,12.95,0
88.67,4.51,1266.36,2.82,72.18,4.05,43.57,39.92,0
66.99,5.83,1538.41,1.95,50.82,3.87,57.06,30.47,0
58.75,4.67,1485.62,0.91,38.57,3.77,44.77,41.42,1
59.12,4.6,1572.27,2.06,60.24,4.06,42.48,32.02,0
61.19,5.58,1210.45,1.67,47.65,3.87,50.6,52.94,0
69.06,4.95,1396.6,1.74,69.29,4.78,51.64,56.28,0
75.55,5.24,1183.74,2.51,60.28,3.76,48.73,47.01,0
83.21,5.84,1718.8,1.62,47.42,4.33,37.64,25.23,0
67.67,5.36,1362.43,2.94,40.45,3.72,43.73,34.81,0
58.99,4.38,1560.36,2.07,72.2,3.42,47.95,52.9,0
78.66,4.92,1704.13,3.02,56.4,3.76,59.94,27.12,0
68.66,5.25,1296.75,2.47,50.24,3.88,44.57,75.26,0
76.57,4.3,1476.15,2.89,47.6,4.24,48.08,34.42,0
64.34,7.2,1407.71,1.36,39.99,3.75,59.13,64.19,0
66.11,5.46,1428.69,1.93,32.98,4.04,53.69,33.16,0
71.18,5.95,1342.19,2.42,35.46,4.03,53.83,50.26,0
75.42,5.27,1294.04,2.52,53.3,3.44,42.36,45.37,0
77.19,5.18,1471.42,3.76,44.0,3.97,47.52,32.25,0
74.3,4.83,1511.28,2.5,59.7,4.14,47.16,11.04,0
73.63,5.85,1532.79,1.8,38.1,4.38,44.94,47.61,0
88.19,5.8,1317.59,2.58,68.87,4.5,43.8,45.81,0
79.36,5.86,1439.75,2.37,47.35,4.19,50.71,45.43,0
70.13,5.79,1070.69,1.98,45.63,4.11,53.35,40.85,0
73.61,5.33,1114.43,0.98,54.55,4.56,46.41,49.2,1
67.71,4.9,1447.74,3.23,52.79,4.21,45.64,29.64,0
62.26,5.58,1529.3,2.26,43.43,3.7,43.13,19.35,0
80.22,4.51,1367.94,1.72,58.01,4.03,56.07,45.97,0
72.64,5.55,1371.91,3.1,58.78,4.18,33.6,26.34,0
60.77,5.72,1245.76,3.74,57.39,3.82,43.82,22.79,0
70.1,5.67,1459.27,1.76,44.81,3.89,44.37,31.09,0
75.32,5.57,1576.51,0.76,49.26,4.39,47.88,34.55,1
74.82,4.25,1517.57,1.55,49.89,3.72,44.99,47.3,0
67.65,4.78,1449.82,3.3,60.92,4.4,56.46,21.94,0
77.55,4.98,1421.66,2.8,48.23,3.36,44.33,63.56,1
70.85,4.66,1582.38,2.29,62.88,4.19,57.39,53.76,0
87.31,4.69,1807.91,2.77,61.76,4.31,57.71,30.97,0
71.09,5.12,1350.36,2.76,56.26,3.32,38.25,24.05,0
78.93,3.43,1568.37,2.76,35.21,3.43,45.75,34.58,0
64.83,4.81,1394.37,2.2,61.93,4.08,52.9,32.32,0
63.71,4.97,1533.15,2.5,71.05,3.85,42.36,38.05,0
69.93,5.1,1260.42,1.95,49.96,4.65,45.21,35.54,0
70.99,5.39,1439.26,1.98,44.96,3.88,48.06,50.94,1
66.07,5.74,1688.53,3.46,56.23,4.01,42.46,55.44,0
76.68,7.38,1405.82,1.45,53.54,4.58,46.17,20.6,0
71.21,5.3,1705.19,2.62,55.69,4.37,34.96,59.1,0
67.1,5.75,1437.67,2.32,48.85,4.72,50.07,18.1,0
69.32,4.67,1238.45,2.4,48.85,4.02,47.16,21.18,0
72.36,4.32,1137.66,1.87,49.45,3.97,53.96,21.54,0
75.37,5.58,1442.23,1.83,32.2,4.01,53.36,34.72,0
66.95,5.31,1768.11,2.41,76.32,4.05,51.57,45.65,0
71.18,4.55,1429.63,1.63,51.73,4.22,49.34,58.84,0
75.94,5.79,1578.02,3.21,71.76,4.11,55.92,55.31,0
63.98,5.05,1329.91,1.1,61.13,3.67,41.27,30.12,0
66.66,4.72,1517.73,2.02,54.08,3.51,47.69,34.29,0
68.77,5.82,1353.11,3.34,55.07,3.65,64.25,31.12,0
53.27,5.36,1481.42,2.39,54.66,3.58,50.5,14.83,1
68.87,5.38,1504.51,0.77,54.55,4.03,41.63,59.69,0
75.57,5.3,1836.91,3.14,61.96,3.98,49.14,43.12,0
70.69,5.12,1272.0,2.16,47.52,4.01,52.4,46.98,1
70.63,4.04,1448.47,2.12,56.01,3.82,43.66,28.92,0
66.7,5.67,1349.26,2.68,57.36,3.66,44.69,55.02,0
73.76,4.49,1472.15,2.1,36.28,3.69,46.23,50.96,0
81.05,4.17,1327.4,2.65,51.74,3.15,61.31,40.51,1
68.1,5.14,1484.58,3.18,44.45,4.02,45.68,35.57,0
73.53,4.5,1257.32,2.91,71.13,4.45,51.16,44.44,0
72.15,5.59,1645.21,2.83,51.52,4.13,54.45,31.37,0
87.74,4.95,1566.55,2.17,64.69,4.65,46.11,53.99,1
62.75,5.86,1259.76,2.49,58.5,3.82,47.68,36.7,0
72.11,4.91,1259.61,2.94,54.64,4.19,48.86,34.56,0
75.52,5.11,1564.81,2.97,52.04,3.67,39.25,41.94,0
68.51,4.74,1370.61,2.21,42.63,3.87,45.3,33.47,0
74.98,4.8,1336.05,1.47,45.02,4.1,41.62,28.53,0
86.07,5.67,1203.51,2.34,55.41,4.2,53.21,21.89,0
62.63,4.33,1370.28,2.66,59.0,4.05,53.75,56.04,0
69.56,4.76,1378.7,2.7,41.98,3.84,48.2,18.48,0
78.54,6.17,1023.87,2.17,62.95,4.14,41.55,28.79,0
74.49,5.62,1358.18,2.65,61.71,3.85,45.27,38.21,0
70.58,4.04,1393.54,1.64,62.46,4.19,55.23,13.82,0
90.22,4.19,1347.83,3.98,53.03,3.31,46.45,35.98,1
68.03,5.6,1373.05,2.63,47.74,4.62,42.31,15.18,0
67.21,5.24,1458.93,2.55,60.26,3.99,40.83,25.27,0
69.17,5.93,1448.76,1.58,64.46,4.14,51.81,13.54,0
78.65,4.87,1285.73,2.63,69.84,3.66,45.27,48.7,0
74.91,5.62,1396.97,1.8,41.86,3.52,51.67,25.01,0
60.47,5.57,1706.59,0.84,56.85,3.76,52.37,50.16,0
66.05,5.95,1655.36,2.32,40.96,4.6,45.72,43.31,0
70.42,5.79,1469.29,2.06,54.19,4.09,48.53,33.41,0
74.82,4.09,1446.19,1.58,62.63,3.08,50.53,18.63,0
74.71,5.95,1260.34,2.13,58.77,4.15,46.01,42.81,0
73.44,3.55,1640.01,1.7,36.77,3.96,53.89,25.97,0
80.1,5.15,1717.53,2.25,49.79,4.06,38.06,40.03,1
86.02,5.8,1583.78,3.25,70.14,3.85,46.59,29.21,0
80.48,3.22,1279.47,2.45,45.57,4.18,57.19,33.33,1
73.54,4.65,1295.18,2.19,60.24,4.51,64.49,11.3,1
69.9,6.23,1580.57,3.0,59.71,3.8,35.29,0.0,0
66.36,5.42,1822.53,2.83,44.02,4.61,53.43,45.46,0
66.71,5.59,1483.76,2.22,56.85,4.22,58.17,33.88,0
76.59,4.53,1387.8,2.05,59.44,4.32,61.59,53.35,0
67.91,6.28,1186.94,3.47,67.79,4.02,52.46,58.7,1
64.66,5.5,1485.55,3.2,46.29,3.25,42.34,47.75,1
70.15,3.36,1476.86,3.39,46.17,4.57,42.14,23.19,0
73.19,4.99,1199.35,2.28,45.08,4.02,55.49,61.32,0
69.01,4.56,1547.59,2.7,65.88,3.52,57.59,18.21,0
62.65,4.31,1369.38,1.57,46.48,4.33,45.93,10.53,0
73.24,6.11,1419.58,3.57,51.33,3.9,55.59,35.73,0
72.2,5.63,1393.6,1.69,61.58,4.33,49.07,23.2,0
70.43,5.34,1431.28,1.56,54.51,4.37,55.89,49.54,1
84.26,5.17,1345.44,2.37,75.39,3.81,47.57,42.23,0
82.74,5.45,1612.87,1.71,46.54,3.79,49.41,34.88,0
75.0,5.13,1489.3,2.36,59.57,3.88,41.49,39.31,0
68.99,6.34,1667.15,2.98,70.57,4.01,48.04,13.45,0
75.51,5.25,1602.14,3.02,42.65,4.05,55.14,32.96,0
61.97,6.23,1466.46,1.61,68.95,4.05,46.12,34.76,0
77.01,4.38,1645.86,2.24,60.75,3.61,51.97,44.94,0
83.08,5.9,1494.78,3.08,61.82,3.55,41.75,33.64,1
64.39,5.15,1621.25,2.18,52.63,4.86,49.97,26.36,0
75.7,5.45,1127.98,0.72,59.54,3.76,48.28,35.04,0
75.03,5.45,1326.32,3.0,60.66,3.65,50.77,59.34,0
72.71,5.41,1605.4,3.06,40.77,3.71,44.9,72.15,0
64.94,5.78,1631.91,3.84,36.28,3.92,42.94,39.55,0
77.17,4.61,1282.03,2.36,46.01,4.04,46.23,22.75,0
68.5,3.62,1195.35,3.05,53.13,3.75,58.67,48.23,1
77.13,5.06,1301.83,3.0,34.34,4.35,42.92,19.4,0
71.97,5.74,1692.55,2.14,56.47,3.51,61.3,6.8,0
69.49,5.34,1673.73,2.29,43.02,3.98,46.88,27.16,1
66.6,4.55,1638.42,2.26,53.75,4.42,50.63,35.64,0
67.29,5.33,1266.65,2.18,51.63,4.39,45.09,39.98,0
89.96,4.11,1341.5,1.64,72.49,4.52,56.85,15.77,0
61.59,6.1,1538.27,1.25,52.14,4.52,54.33,15.54,0
63.89,4.62,1344.43,2.06,67.82,3.41,58.54,48.83,0
63.06,5.84,1409.32,2.93,34.41,3.96,56.24,19.82,0
62.83,5.59,1334.64,2.8,65.21,3.96,41.88,54.43,0
68.34,6.07,1738.48,2.32,56.82,4.0,45.3,31.05,0
71.93,4.68,1703.1,1.46,61.41,4.15,40.96,0.0,0
76.87,6.15,1315.28,2.19,78.16,3.85,50.13,59.04,0
68.6,5.43,1084.43,1.37,58.65,3.63,52.93,46.79,0
80.6,5.33,1536.38,2.26,49.85,4.8,48.21,23.84,0
61.94,4.5,1557.92,2.86,60.01,3.88,44.61,32.15,0
84.54,5.32,1441.31,2.72,54.46,3.86,51.14,38.79,0
66.15,5.55,1412.35,1.55,61.67,4.18,43.88,39.73,0
68.35,5.32,1323.48,2.36,71.18,3.87,48.18,14.84,0
84.17,4.67,1491.07,3.04,37.69,4.24,54.15,24.96,1
65.48,5.77,1178.67,2.31,61.56,3.69,38.13,61.38,0
80.42,6.42,1329.01,2.39,50.45,3.49,42.76,19.06,0
73.6,4.66,1731.46,2.53,44.07,3.67,40.4,19.82,0
79.03,5.06,1370.58,3.44,54.37,3.91,53.33,31.77,0
80.74,6.38,1720.02,2.49,47.66,3.93,54.43,63.69,0
72.86,6.02,1191.13,2.8,63.7,3.8,40.74,21.77,0
64.58,5.3,1456.75,2.74,65.88,3.3,42.89,31.25,0
73.55,5.83,1586.5,1.8,52.07,3.5,56.81,28.9,0
71.87,5.03,1708.88,2.65,50.54,4.1,50.78,52.64,0
65.01,4.63,1136.77,2.94,51.89,3.76,51.0,48.81,1
71.36,5.08,1301.66,2.66,50.89,4.51,44.73,31.53,0
68.74,5.34,1359.72,3.83,72.67,3.92,57.83,39.98,1
66.31,5.44,1240.38,3.29,45.37,3.81,55.16,21.34,0
82.82,5.16,1967.91,3.1,47.4,4.07,47.19,28.59,0
66.79,5.87,1658.97,2.62,38.43,3.77,48.47,37.19,1
69.38,5.63,1495.48,2.63,45.82,3.61,44.74,53.63,0
69.56,5.39,1193.52,2.42,45.17,3.62,42.27,31.33,0
70.58,5.1,1647.01,3.65,77.68,4.0,59.75,31.4,1
67.57,4.73,1514.4,1.36,52.27,3.74,36.99,54.93,0
73.7,3.78,1482.09,1.4,74.25,4.43,51.34,64.09,1
61.35,4.68,1285.99,3.16,47.99,4.26,42.38,55.17,0
65.33,4.52,1386.31,1.13,51.91,3.77,57.7,51.07,0
70.43,5.46,1502.78,3.13,44.96,3.92,53.11,30.15,0
71.66,5.38,1514.86,2.22,49.7,3.85,46.13,11.79,0
70.41,6.23,1423.38,1.23,56.85,4.28,53.51,33.34,0
76.09,5.75,1754.43,2.22,62.86,3.74,51.32,56.1,0
84.7,5.16,1358.81,3.39,48.35,3.84,46.11,27.96,0
63.99,5.08,1611.62,1.71,59.64,3.88,41.67,44.89,0
69.55,5.49,1796.94,1.51,47.93,4.22,53.75,13.56,0
69.6,4.45,1486.12,2.47,56.51,3.62,46.05,20.08,1
70.89,6.17,998.82,2.67,59.78,3.89,45.56,45.33,0
71.66,5.91,1573.24,3.03,42.24,3.66,55.82,53.82,1
82.08,4.68,1540.19,2.37,51.51,4.21,47.28,15.03,1
82.96,5.55,1711.21,2.2,38.11,4.15,46.64,38.55,0
63.76,4.83,1530.84,2.94,64.86,4.25,42.94,56.45,0
61.02,5.1,1075.87,2.61,57.14,4.63,44.85,33.18,1
71.61,5.65,1398.11,2.4,46.95,3.83,46.38,55.13,1
72.54,5.68,1414.71,2.4,48.58,3.6,48.08,39.05,0
69.98,5.14,1437.81,2.99,49.28,4.06,50.64,49.5,0
71.05,5.83,1464.39,2.88,63.56,3.44,50.31,0.0,0
66.33,6.03,1348.77,2.07,67.82,4.19,39.77,43.28,0
65.39,5.63,1440.15,2.14,77.27,3.95,43.8,45.99,0
63.48,5.12,1528.74,2.03,55.65,3.76,53.37,43.82,0
71.19,4.32,1708.6,1.89,60.05,4.03,53.13,25.95,0
88.26,5.8,1479.2,2.45,57.31,4.21,50.22,30.62,0
81.16,5.59,1598.65,3.34,55.59,3.76,45.19,30.77,1
55.8,4.75,1055.41,1.81,66.4,4.54,53.41,38.57,1
77.65,5.03,1135.67,2.47,47.95,4.35,46.05,45.14,1
69.18,5.15,1552.69,3.12,62.59,3.83,51.75,37.99,0
69.09,4.98,1442.8,3.1,69.18,3.79,44.76,52.31,0
79.48,5.11,1858.39,2.27,50.2,4.02,38.4,33.73,0
76.19,4.78,1703.45,1.22,42.26,4.07,54.06,37.49,0
69.52,6.19,1489.49,1.85,60.6,3.79,45.88,46.48,0
70.52,5.77,1417.9,2.46,58.25,4.03,52.48,54.4,0
67.25,4.72,1547.19,2.86,67.8,4.2,43.79,38.06,0
75.95,5.5,1446.6,3.19,53.61,3.21,53.86,32.38,1
89.34,6.04,1600.43,2.67,53.59,4.34,57.97,5.8,0
77.38,4.86,1393.57,2.78,57.42,3.5,49.03,28.82,0
76.42,5.21,1087.97,2.29,61.05,4.21,56.87,39.3,1
54.93,5.14,1607.48,2.21,45.88,4.05,43.77,38.93,0
85.18,4.39,1355.94,2.63,54.8,3.84,47.47,7.16,0
73.43,5.06,1629.71,2.24,51.11,3.65,58.92,41.32,0
56.81,4.88,1507.84,3.85,76.68,3.58,43.99,28.53,0
74.53,5.95,1463.13,3.04,58.44,3.77,42.84,27.33,0
68.24,5.39,1450.19,2.24,54.62,3.76,42.3,27.76,0
86.84,4.63,1697.43,2.03,59.28,4.29,56.71,29.41,0
76.93,5.52,1294.36,1.55,52.96,4.25,52.49,30.49,0
77.24,5.46,1701.3,2.26,50.39,4.0,40.9,47.37,0
69.21,5.2,1070.49,3.11,57.49,3.82,37.11,24.92,1
54.03,5.87,1458.87,3.83,53.66,3.97,49.57,70.95,0
71.83,5.0,1193.15,2.08,56.06,4.31,58.87,24.98,0
61.71,4.69,1830.06,2.74,57.54,3.63,54.65,30.35,0
68.75,4.28,1142.91,1.72,41.35,3.91,54.65,10.49,0
68.82,6.11,1501.06,1.15,64.05,3.81,46.14,27.27,0
67.15,5.77,1518.32,2.27,53.62,4.12,51.33,49.59,0
71.21,3.82,1130.33,2.59,48.84,4.29,46.83,34.22,0
67.51,5.08,1451.95,3.26,55.84,3.28,41.68,20.66,1
83.24,5.06,1622.54,3.17,68.93,3.35,46.82,40.28,0
72.92,5.84,1171.77,1.63,48.87,3.8,50.53,27.24,0
60.64,4.49,1288.54,2.56,45.18,3.94,44.89,22.3,0
69.54,4.02,1163.02,2.74,60.28,4.88,46.77,28.41,0
73.03,5.26,1147.02,3.72,57.66,3.9,46.78,36.37,0
79.57,4.76,1676.87,3.57,57.31,4.34,53.6,0.0,1
77.84,5.35,1506.26,1.93,56.49,4.19,54.19,29.75,0
64.49,5.87,1636.73,3.72,68.19,3.92,44.43,58.01,1
71.84,5.44,1274.07,1.57,54.12,4.54,40.82,39.86,0
64.82,5.39,1237.84,3.0,51.56,3.5,46.63,47.6,0
65.82,5.43,1211.01,2.77,60.51,4.19,49.0,39.62,0
78.89,5.02,1670.15,1.72,48.29,4.4,54.2,20.49,0
67.13,5.55,1196.7,3.21,67.78,4.25,39.46,34.81,1
72.74,4.0,1527.44,2.52,70.14,3.88,56.14,29.73,0
62.76,5.8,1397.26,2.84,63.54,4.18,45.3,33.53,0
68.02,4.35,1596.11,2.82,53.52,3.86,56.77,30.69,0
76.58,5.05,1744.07,1.83,49.83,3.63,57.3,16.25,0
67.21,5.13,1493.96,2.59,64.43,3.7,42.26,43.99,0
69.13,5.22,1320.72,2.09,55.15,4.21,55.41,28.88,0
69.14,6.49,1663.68,2.73,67.18,4.06,38.27,32.41,0
83.3,5.78,1443.53,1.82,69.87,3.81,43.88,56.01,0
75.85,4.98,1286.26,3.43,36.32,4.11,44.1,27.21,0
70.95,5.49,1670.29,2.84,39.23,4.77,38.18,56.86,0
77.28,4.7,1426.71,2.78,56.14,4.52,44.94,25.5,0
70.05,4.88,1780.23,2.63,49.5,4.05,52.31,25.55,0
79.35,4.79,1571.19,2.8,55.38,4.87,50.43,51.46,0
74.05,5.91,1369.19,2.9,50.1,4.04,50.67,44.06,0
75.63,5.23,1459.94,2.37,61.89,4.12,45.33,33.03,0
73.91,5.18,1571.54,2.95,47.9,3.95,48.49,44.29,0
81.37,6.38,1256.6,1.15,68.44,4.1,44.97,42.62,0
64.29,4.99,1418.11,3.03,78.47,4.04,43.57,27.22,0
78.7,5.47,1457.98,2.42,59.86,4.7,49.63,37.77,1
66.18,4.88,1507.27,1.42,59.71,4.01,52.6,14.87,0
70.03,4.42,1180.88,1.69,69.61,3.89,51.33,50.69,0
84.97,5.15,1776.98,3.09,52.94,3.72,51.66,18.66,0
59.11,5.95,1409.62,2.36,53.26,3.37,46.32,32.08,0
58.79,6.0,1613.98,2.81,48.08,3.93,53.88,30.0,0
72.02,4.94,1409.7,2.17,50.73,4.46,51.49,55.69,0
88.56,4.98,1225.5,3.57,67.54,3.78,43.93,19.59,0
65.33,4.55,1748.6,1.68,59.27,3.24,50.32,38.65,0
68.93,5.13,1366.14,2.74,60.17,3.67,45.19,47.54,1
72.52,4.83,1331.74,1.47,46.64,4.16,52.55,21.95,0
80.63,4.22,1508.14,2.28,53.56,4.5,47.55,47.08,0
72.93,5.12,1483.26,2.61,45.54,3.64,62.27,23.93,0
72.75,5.74,1347.79,1.92,61.96,4.29,47.16,37.42,1
65.39,5.38,1350.14,1.33,62.49,4.02,57.95,34.63,0
73.61,5.28,1319.83,2.18,44.73,3.74,47.41,30.64,0
86.24,5.26,1339.08,1.46,47.22,4.05,53.95,32.52,1
66.04,5.59,1580.22,3.08,55.1,3.61,54.64,25.2,0
78.98,4.49,1467.42,1.95,53.99,4.74,39.81,29.56,0
75.78,5.32,1805.46,2.49,53.75,3.58,42.23,11.57,0
78.5,4.36,1806.62,2.94,51.98,4.26,42.64,43.07,0
71.67,5.27,1461.37,1.39,52.89,4.29,56.25,37.14,0
77.2,4.09,1268.34,3.02,66.34,4.37,47.44,37.41,0
64.73,6.13,1279.86,1.89,53.78,4.08,46.45,37.74,0
70.51,4.55,1437.07,2.41,65.41,4.74,50.2,53.94,0
77.11,5.11,1502.44,2.48,58.68,4.13,39.77,26.34,0
71.69,4.7,1379.55,3.34,53.94,4.15,47.58,14.82,0
72.65,4.85,1334.08,3.05,44.06,3.79,48.51,62.11,0
74.71,6.53,1637.38,1.65,55.61,4.02,44.43,42.23,0
69.97,5.59,1829.11,2.58,56.19,3.9,35.04,48.25,0
61.47,5.99,1453.85,2.16,78.48,4.58,46.51,54.11,1
62.35,5.35,1691.75,2.67,41.81,3.41,59.61,50.11,1
56.79,5.89,1447.22,2.78,51.62,3.26,36.66,54.26,0
77.05,4.85,1307.17,3.89,59.25,3.9,41.25,39.07,0
81.49,5.47,1261.95,3.8,64.42,4.46,51.17,47.59,1
55.11,5.48,1414.71,3.7,44.66,3.32,58.08,34.73,0
77.82,5.13,1671.02,2.0,41.35,4.11,45.85,48.46,0
84.78,5.8,1459.01,2.23,50.8,4.16,45.24,44.23,0
64.24,4.67,1376.33,2.83,39.57,4.39,46.04,43.88,0
65.8,5.42,1316.42,1.23,63.08,3.94,48.46,22.4,0
68.35,5.75,1481.37,3.01,46.06,4.08,52.85,33.3,0
84.97,4.86,1727.44,1.78,55.99,4.07,51.31,28.25,0
87.72,4.91,1234.52,1.48,58.71,4.54,40.48,38.53,1
71.01,3.86,1314.03,2.78,58.64,3.8,51.55,35.63,1
73.01,6.71,1659.46,2.64,64.67,3.83,42.23,54.01,0
73.0,4.49,1378.37,2.4,38.88,4.47,48.15,37.13,0
70.17,5.44,1209.85,2.21,67.92,3.45,52.67,48.35,0
78.57,4.78,1342.19,1.82,57.29,3.27,52.68,11.22,0
69.7,6.0,1552.08,2.8,62.55,4.89,42.94,32.45,1
67.39,5.02,1277.04,1.85,58.92,3.82,45.77,26.73,1
65.2,5.99,1589.69,0.85,65.81,4.21,50.88,30.58,0
73.98,6.32,1782.23,3.1,57.16,3.25,41.47,31.6,1
62.21,6.59,1476.79,3.19,60.96,3.07,51.75,21.73,1
79.15,5.1,1304.47,3.38,70.37,4.72,46.29,29.74,0
69.13,5.28,1296.03,3.18,47.94,3.87,55.34,20.89,0
64.1,5.74,1443.42,2.62,49.15,4.62,57.07,46.84,0
70.01,5.26,1389.82,1.92,48.71,5.09,52.88,15.07,0
62.76,4.55,1437.72,1.93,77.32,4.26,50.07,0.38,0
62.95,5.29,1778.05,2.08,64.44,3.95,50.9,39.53,1
76.84,4.77,1352.74,2.8,73.53,3.88,54.16,57.95,0
79.68,4.72,1485.74,1.49,59.9,3.8,38.89,30.42,1
66.6,4.24,1648.21,2.76,45.78,4.49,44.37,35.48,0
76.78,4.72,1617.02,3.2,61.62,3.64,46.02,22.01,0
59.38,5.2,1604.88,0.85,50.08,4.28,49.24,33.46,0
73.04,4.83,1430.99,2.74,52.17,4.24,43.39,49.4,0
75.15,4.65,1586.3,2.13,57.19,3.57,40.82,41.33,0
68.87,4.47,1185.08,3.16,56.22,3.77,55.04,28.25,0
59.89,6.09,1465.6,2.74,52.82,4.05,50.19,36.49,0
75.01,5.59,1326.19,2.37,60.48,4.46,45.89,34.88,0
80.28,5.72,1574.67,1.83,67.32,4.21,47.82,10.15,0
85.12,5.17,1241.98,3.74,64.29,3.47,49.57,5.36,0
72.93,5.26,1418.4,1.92,66.87,4.41,52.31,35.14,0
69.64,5.54,1412.1,1.96,47.8,3.96,54.86,0.0,1
85.58,5.26,1200.81,2.21,54.65,4.24,55.64,23.79,0
71.41,5.38,1283.79,1.32,30.97,4.16,39.13,41.64,0
73.86,4.67,1373.96,2.35,33.56,4.25,50.44,24.22,0
75.0,5.17,1672.48,2.85,55.75,3.54,45.72,31.82,1
76.87,7.24,1403.46,1.65,61.78,4.67,44.76,45.75,0
68.75,5.78,1692.33,1.21,51.65,4.3,56.23,27.24,1
65.76,5.02,1406.73,2.35,51.38,4.51,40.88,16.42,1
64.32,5.68,1312.97,3.11,58.2,3.61,57.52,35.39,0
81.77,5.5,1405.6,3.25,65.23,4.0,60.88,52.53,0
72.25,5.13,1520.3,2.33,51.92,4.08,46.12,13.84,0
76.78,6.22,1844.03,2.45,69.06,4.45,38.5,26.6,1
71.74,5.47,1471.37,2.79,74.36,4.34,46.09,40.05,0
78.52,5.54,1341.34,1.8,65.8,4.42,41.25,25.22,0
66.57,5.09,1345.32,2.66,43.76,4.05,53.29,29.96,0
59.87,5.09,1477.48,1.51,69.31,4.28,47.04,45.8,0
72.93,4.57,1370.03,3.96,52.13,3.25,44.26,35.12,0
79.83,4.74,1561.67,2.23,42.6,3.68,46.29,36.35,0
66.4,5.33,1518.32,2.62,37.1,3.9,44.02,42.19,0
76.73,4.67,1438.01,2.52,63.84,4.3,53.61,11.53,0
69.16,5.78,1304.34,2.08,51.75,4.15,43.99,42.72,0
72.8,5.95,1648.69,2.21,59.59,3.89,44.62,52.46,1
77.89,4.82,1459.47,3.55,75.51,3.39,53.01,44.2,0
76.97,4.81,1320.05,2.72,53.44,4.17,55.09,40.93,0
73.83,6.19,1421.03,1.69,65.73,4.02,40.36,37.19,0
86.01,4.67,1408.18,2.07,64.06,3.92,45.62,12.71,0
67.92,5.27,1588.52,1.96,59.13,3.9,52.24,27.09,0
68.71,5.2,1582.27,2.64,41.38,3.62,35.89,29.31,1
69.25,4.27,1412.26,3.03,46.79,4.36,42.27,27.56,1
68.91,4.22,1560.81,2.82,43.28,4.07,47.44,31.31,0
59.33,5.67,1537.62,2.04,62.54,4.26,40.82,12.37,0
73.96,4.72,1659.71,2.41,65.71,4.74,48.56,41.08,1
73.19,5.56,1523.24,2.21,63.06,4.09,40.25,45.06,0
73.79,4.89,1100.65,2.92,60.93,4.05,36.91,52.65,0
66.35,5.44,1491.22,2.73,49.2,4.02,46.64,51.12,0
75.71,5.09,1697.32,2.39,39.0,4.37,51.7,27.44,1
76.17,5.62,1427.15,1.56,44.26,3.74,42.07,33.12,0
74.98,4.26,1554.73,2.34,55.29,4.08,47.91,16.89,0
71.7,5.82,1627.45,2.2,57.0,4.2,37.57,21.55,0
77.54,4.67,1364.16,1.37,67.76,4.35,41.58,38.56,0
63.3,5.34,1700.47,2.4,65.41,3.68,47.0,37.02,0
74.72,4.29,1466.09,3.01,62.73,4.03,53.9,28.47,0
77.43,5.32,1422.42,1.87,59.83,4.17,51.3,38.05,0
74.5,4.42,1058.32,3.33,53.9,4.33,48.97,38.34,0
72.83,5.61,1210.69,2.23,59.2,4.09,48.96,3.6,0
81.96,5.96,1131.79,2.36,49.11,3.74,48.71,60.28,1
81.86,4.67,1432.04,3.02,54.16,4.31,47.11,29.12,1
64.24,6.17,1353.08,3.23,68.39,3.34,49.85,14.7,1
75.74,6.09,1724.62,3.57,54.25,3.6,47.64,39.93,0
73.4,5.5,1544.49,2.55,73.83,4.09,50.78,22.41,0
72.5,4.13,1437.76,2.98,39.92,3.7,48.16,37.8,0
75.83,4.3,1556.3,2.07,52.0,4.35,51.64,31.23,0
79.88,5.0,1579.09,2.94,42.71,4.71,48.4,28.14,0
67.18,4.35,1610.61,2.49,48.59,4.2,37.34,31.53,0
54.1,4.21,1341.59,2.89,35.95,4.44,46.42,51.63,0
65.54,6.34,1391.14,2.62,45.3,4.06,53.88,30.08,0
70.78,5.06,1342.31,2.6,61.37,4.28,47.57,57.72,0
74.1,4.73,1445.38,2.29,47.68,4.19,50.64,30.84,0
60.28,6.09,1495.48,1.83,48.42,4.06,54.15,44.17,0
68.16,5.19,1769.56,2.86,46.25,3.75,46.68,0.42,0
67.9,5.15,1535.51,2.52,73.66,4.55,48.17,46.61,0
72.09,5.58,1353.2,1.38,52.58,4.57,49.57,8.79,0
61.77,6.21,1466.78,1.44,53.36,3.77,53.79,54.76,0
80.54,5.22,1601.65,2.29,44.64,3.58,55.91,25.18,0
71.77,5.76,1363.92,2.38,72.67,4.43,52.75,27.19,0
63.99,4.62,1460.67,2.87,61.25,3.97,52.31,44.62,0
80.64,4.47,1578.72,2.13,62.45,4.11,41.25,25.31,0
78.02,4.52,1524.83,1.01,54.16,4.44,62.06,55.5,0
68.96,4.21,1653.08,2.42,48.8,3.92,45.07,47.3,0
66.54,5.49,1378.12,2.08,54.82,4.09,46.24,42.39,0
67.19,4.86,1228.07,2.6,64.5,3.54,42.23,47.68,0
74.47,5.49,1342.47,2.2,49.84,4.12,50.95,47.22,0
72.64,4.95,1294.99,3.31,36.98,3.86,50.85,26.56,0
73.84,6.01,1510.5,2.76,46.27,3.83,54.7,12.59,0
